Player,Club,Club Country,Country,Federation,Country,Number of Players:,
Franco Armani,River Plate,ARG 🇦🇷,Argentina,CONMEBOL,Argentina,1,
Alan Franco,Talleres,ARG 🇦🇷,Argentina,CONMEBOL,Ecuador,1,
Djorkaeff Reasco,Newell's Old Boys,ARG 🇦🇷,Argentina,CONMEBOL,Ecuador,1,
Nicolás de la Cruz,River Plate,ARG 🇦🇷,Argentina,CONMEBOL,Uruguay,1,
Sebastián Sosa,Independiente,ARG 🇦🇷,Argentina,CONMEBOL,Uruguay,1,
Diego Godín,Vélez Sársfield,ARG 🇦🇷,Argentina,CONMEBOL,Uruguay,1,
Mathew Leckie,Melbourne City,AUS 🇦🇺,Australia,AFC,Australia,1,
Jamie Maclaren,Melbourne City,AUS 🇦🇺,Australia,AFC,Australia,1,
Marco Tilio,Melbourne City,AUS 🇦🇺,Australia,AFC,Australia,1,
Andrew Redmayne,Sydney,AUS 🇦🇺,Australia,AFC,Australia,1,
Craig Goodwin,Adelaide United,AUS 🇦🇺,Australia,AFC,Australia,1,
Jason Cummings,Central Coast Mariners,AUS 🇦🇺,Australia,AFC,Australia,1,
Danny Vukovic,Central Coast Mariners,AUS 🇦🇺,Australia,AFC,Australia,1,
Garang Kuol,Central Coast Mariners,AUS 🇦🇺,Australia,AFC,Australia,1,
Luka Sučić,RB Salzburg,AUT 🇦🇹,Austria,UEFA,Croatia,1,
Strahinja Pavlović,RB Salzburg,AUT 🇦🇹,Austria,UEFA,Serbia,1,
Noah Okafor,RB Salzburg,AUT 🇦🇹,Austria,UEFA,Switzerland,1,
Philipp Köhn,RB Salzburg,AUT 🇦🇹,Austria,UEFA,Switzerland,1,
Hans Vanaken,Club Brugge,BEL 🇧🇪,Belgium,UEFA,Belgium,1,
Simon Mignolet,Club Brugge,BEL 🇧🇪,Belgium,UEFA,Belgium,1,
Jan Vertonghen,Anderlecht,BEL 🇧🇪,Belgium,UEFA,Belgium,1,
Zeno Debast,Anderlecht,BEL 🇧🇪,Belgium,UEFA,Belgium,1,
Toby Alderweireld,Royal Antwerp F.C.,BEL 🇧🇪,Belgium,UEFA,Belgium,1,
Samuel Gouet,KV Mechelen,BEL 🇧🇪,Belgium,UEFA,Cameroon,1,
Cyle Larin,Club Brugge,BEL 🇧🇪,Belgium,UEFA,Canada,1,
Tajon Buchanan,Club Brugge,BEL 🇧🇪,Belgium,UEFA,Canada,1,
Liam Fraser,KMSK Deinze,BEL 🇧🇪,Belgium,UEFA,Canada,1,
Andreas Skov Olsen,Club Brugge,BEL 🇧🇪,Belgium,UEFA,Denmark,1,
Ángelo Preciado,KRC Genk,BEL 🇧🇪,Belgium,UEFA,Ecuador,1,
William Pacho,Royal Antwerp F.C.,BEL 🇧🇪,Belgium,UEFA,Ecuador,1,
Denis Odoi,Club Brugge,BEL 🇧🇪,Belgium,UEFA,Ghana,1,
Kamal Sowah,Club Brugge,BEL 🇧🇪,Belgium,UEFA,Ghana,1,
Elisha Owusu,KAA Gent,BEL 🇧🇪,Belgium,UEFA,Ghana,1,
Abdul Manaf Nurudeen,Eupen,BEL 🇧🇪,Belgium,UEFA,Ghana,1,
Ali Gholizadeh,R. Charleroi SC,BEL 🇧🇪,Belgium,UEFA,Iran,1,
Daniel Schmidt,St. Truiden,BEL 🇧🇪,Belgium,UEFA,Japan,1,
Ayase Ueda,Cercle Brugge,BEL 🇧🇪,Belgium,UEFA,Japan,1,
Gerardo Arteaga,KRC Genk,BEL 🇧🇪,Belgium,UEFA,Mexico,1,
Bilal El Khannous,KRC Genk,BEL 🇧🇪,Belgium,UEFA,Morocco,1,
Selim Amallah,R. Standard de Liège,BEL 🇧🇪,Belgium,UEFA,Morocco,1,
Noa Lang,Club Brugge,BEL 🇧🇪,Belgium,UEFA,Netherlands,1,
Vincent Janssen,Royal Antwerp F.C.,BEL 🇧🇪,Belgium,UEFA,Netherlands,1,
Moussa N'Diaye,Anderlecht,BEL 🇧🇪,Belgium,UEFA,Senegal,1,
Weverton,Palmeiras,BRA 🇧🇷,Brazil,CONMEBOL,Brazil,1,
Éverton Ribeiro,Flamengo,BRA 🇧🇷,Brazil,CONMEBOL,Brazil,1,
Pedro,Flamengo,BRA 🇧🇷,Brazil,CONMEBOL,Brazil,1,
Robert Arboleda,São Paulo,BRA 🇧🇷,Brazil,CONMEBOL,Ecuador,1,
Giorgian de Arrascaeta,Flamengo,BRA 🇧🇷,Brazil,CONMEBOL,Uruguay,1,
Guillermo Varela,Flamengo,BRA 🇧🇷,Brazil,CONMEBOL,Uruguay,1,
Agustín Canobbio,Atlético Paranaense,BRA 🇧🇷,Brazil,CONMEBOL,Uruguay,1,
Alistair Johnston,CF Montréal,CAN 🇨🇦,Canada,CONCACAF,Canada,1,
Ismaël Koné,CF Montréal,CAN 🇨🇦,Canada,CONCACAF,Canada,1,
Samuel Piette,CF Montréal,CAN 🇨🇦,Canada,CONCACAF,Canada,1,
Joel Waterman,CF Montréal,CAN 🇨🇦,Canada,CONCACAF,Canada,1,
James Pantemis,CF Montréal,CAN 🇨🇦,Canada,CONCACAF,Canada,1,
Kamal Miller,CF Montréal,CAN 🇨🇦,Canada,CONCACAF,Canada,1,
Jonathan Osorio,Toronto,CAN 🇨🇦,Canada,CONCACAF,Canada,1,
Mark Anthony Kaye,Toronto,CAN 🇨🇦,Canada,CONCACAF,Canada,1,
Richie Laryea,Toronto,CAN 🇨🇦,Canada,CONCACAF,Canada,1,
Lucas Cavallini,Vancouver Whitecaps,CAN 🇨🇦,Canada,CONCACAF,Canada,1,
Christian Bassogog,Shanghai Shenhua,CHN 🇨🇳,China,AFC,Cameroon,1,
Son Jun ho,Shandong Taishan,CHN 🇨🇳,China,AFC,South Korea,1,
Souaibou Marou,Coton Sport,CMR 🇨🇲,Cameroon,CAF,Cameroon,1,
Jerome Ngom Mbekeli,Colombe Sportive,CMR 🇨🇲,Cameroon,CAF,Cameroon,1,
Juan Pablo Vargas,Millonarios,COL 🇨🇴,Colombia,CONMEBOL,Costa Rica,1,
Kendall Waston,Saprissa,CRC 🇨🇷,Costa Rica,CONCACAF,Costa Rica,1,
Youstin Salas,Saprissa,CRC 🇨🇷,Costa Rica,CONCACAF,Costa Rica,1,
Álvaro Zamora,Saprissa,CRC 🇨🇷,Costa Rica,CONCACAF,Costa Rica,1,
Bryan Ruiz,Alajuelense,CRC 🇨🇷,Costa Rica,CONCACAF,Costa Rica,1,
Celso Borges,Alajuelense,CRC 🇨🇷,Costa Rica,CONCACAF,Costa Rica,1,
Johan Venegas,Alajuelense,CRC 🇨🇷,Costa Rica,CONCACAF,Costa Rica,1,
Keysher Fuller,Herediano,CRC 🇨🇷,Costa Rica,CONCACAF,Costa Rica,1,
Anthony Contreras,Herediano,CRC 🇨🇷,Costa Rica,CONCACAF,Costa Rica,1,
Gerson Torres,Herediano,CRC 🇨🇷,Costa Rica,CONCACAF,Costa Rica,1,
Esteban Alvarado,Herediano,CRC 🇨🇷,Costa Rica,CONCACAF,Costa Rica,1,
Yeltsin Tejeda,Herediano,CRC 🇨🇷,Costa Rica,CONCACAF,Costa Rica,1,
Douglas López,Herediano,CRC 🇨🇷,Costa Rica,CONCACAF,Costa Rica,1,
Carlos Martínez,AD San Carlos,CRC 🇨🇷,Costa Rica,CONCACAF,Costa Rica,1,
Anthony Hernández,Puntarenas,CRC 🇨🇷,Costa Rica,CONCACAF,Costa Rica,1,
Roan Wilson,Municipal Grecia,CRC 🇨🇷,Costa Rica,CONCACAF,Costa Rica,1,
Brandon Aguilera,AD Guanacasteca,CRC 🇨🇷,Costa Rica,CONCACAF,Costa Rica,1,
Bruno Petković,Dinamo Zagreb,CRO 🇭🇷,Croatia,UEFA,Croatia,1,
Mislav Oršić,Dinamo Zagreb,CRO 🇭🇷,Croatia,UEFA,Croatia,1,
Dominik Livaković,Dinamo Zagreb,CRO 🇭🇷,Croatia,UEFA,Croatia,1,
Josip Šutalo,Dinamo Zagreb,CRO 🇭🇷,Croatia,UEFA,Croatia,1,
Marko Livaja,Hajduk Split,CRO 🇭🇷,Croatia,UEFA,Croatia,1,
Ivica Ivušić,NK Osijek,CRO 🇭🇷,Croatia,UEFA,Croatia,1,
Sadegh Moharrami,Dinamo Zagreb,CRO 🇭🇷,Croatia,UEFA,Iran,1,
Karim Ansarifard,Omonia,CYP 🇨🇾,Cyprus,UEFA,Iran,1,
Moustapha Name,Pafos,CYP 🇨🇾,Cyprus,UEFA,Senegal,1,
Mathew Ryan,FC København,DEN 🇩🇰,Denmark,UEFA,Australia,1,
Joel King,Odense Boldklub,DEN 🇩🇰,Denmark,UEFA,Australia,1,
Andreas Cornelius,FC København,DEN 🇩🇰,Denmark,UEFA,Denmark,1,
Daniel Wass,Brøndby IF,DEN 🇩🇰,Denmark,UEFA,Denmark,1,
Saeid Ezatolahi,Vejle Boldklub,DEN 🇩🇰,Denmark,UEFA,Iran,1,
Kamil Grabara,FC København,DEN 🇩🇰,Denmark,UEFA,Poland,1,
Anis Ben Slimane,Brøndby IF,DEN 🇩🇰,Denmark,UEFA,Tunisia,1,
Issam Jebali,Odense Boldklub,DEN 🇩🇰,Denmark,UEFA,Tunisia,1,
Alexander Domínguez,LDU Quito,ECU 🇪🇨,Ecuador,CONMEBOL,Ecuador,1,
Moisés Ramírez,Independiente del Valle,ECU 🇪🇨,Ecuador,CONMEBOL,Ecuador,1,
Hernán Galíndez,Aucas,ECU 🇪🇨,Ecuador,CONMEBOL,Ecuador,1,
Kevin Rodríguez,Imbabura,ECU 🇪🇨,Ecuador,CONMEBOL,Ecuador,1,
Ali Maâloul,Al Ahly SC,EGY 🇪🇬,Egypt,CAF,Tunisia,1,
Seifeddine Jaziri,Zamalek,EGY 🇪🇬,Egypt,CAF,Tunisia,1,
Julián Álvarez,Manchester City,ENG 🇬🇧,England,UEFA,Argentina,1,
Cristian Romero,Tottenham Hotspur,ENG 🇬🇧,England,UEFA,Argentina,1,
Lisandro Martínez,Manchester United,ENG 🇬🇧,England,UEFA,Argentina,1,
Alexis Mac Allister,Brighton Hove,ENG 🇬🇧,England,UEFA,Argentina,1,
Emiliano Martínez,Aston Villa,ENG 🇬🇧,England,UEFA,Argentina,1,
Riley McGree,Middlesbrough,ENG 🇬🇧,England,UEFA,Australia,1,
Harry Souttar,Stoke City,ENG 🇬🇧,England,UEFA,Australia,1,
Bailey Wright,Sunderland,ENG 🇬🇧,England,UEFA,Australia,1,
Kevin De Bruyne,Manchester City,ENG 🇬🇧,England,UEFA,Belgium,1,
Youri Tielemans,Leicester City,ENG 🇬🇧,England,UEFA,Belgium,1,
Timothy Castagne,Leicester City,ENG 🇬🇧,England,UEFA,Belgium,1,
Wout Faes,Leicester City,ENG 🇬🇧,England,UEFA,Belgium,1,
Leandro Trossard,Brighton Hove,ENG 🇬🇧,England,UEFA,Belgium,1,
Leander Dendoncker,Aston Villa,ENG 🇬🇧,England,UEFA,Belgium,1,
Amadou Onana,Everton,ENG 🇬🇧,England,UEFA,Belgium,1,
Ederson,Manchester City,ENG 🇬🇧,England,UEFA,Brazil,1,
Alisson,Liverpool,ENG 🇬🇧,England,UEFA,Brazil,1,
Fabinho,Liverpool,ENG 🇬🇧,England,UEFA,Brazil,1,
Thiago Silva,Chelsea,ENG 🇬🇧,England,UEFA,Brazil,1,
Richarlison,Tottenham Hotspur,ENG 🇬🇧,England,UEFA,Brazil,1,
Casemiro,Manchester United,ENG 🇬🇧,England,UEFA,Brazil,1,
Antony,Manchester United,ENG 🇬🇧,England,UEFA,Brazil,1,
Fred,Manchester United,ENG 🇬🇧,England,UEFA,Brazil,1,
Gabriel Jesus,Arsenal,ENG 🇬🇧,England,UEFA,Brazil,1,
Gabriel Martinelli,Arsenal,ENG 🇬🇧,England,UEFA,Brazil,1,
Lucas Paquetá,West Ham United,ENG 🇬🇧,England,UEFA,Brazil,1,
Bruno Guimarães,Newcastle United,ENG 🇬🇧,England,UEFA,Brazil,1,
Bryan Mbeumo,Brentford,ENG 🇬🇧,England,UEFA,Cameroon,1,
Junior Hoilett,Reading,ENG 🇬🇧,England,UEFA,Canada,1,
Jewison Bennette,Sunderland,ENG 🇬🇧,England,UEFA,Costa Rica,1,
Mateo Kovačić,Chelsea,ENG 🇬🇧,England,UEFA,Croatia,1,
Ivan Perišić,Tottenham Hotspur,ENG 🇬🇧,England,UEFA,Croatia,1,
Pierre Emile Højbjerg,Tottenham Hotspur,ENG 🇬🇧,England,UEFA,Denmark,1,
Christian Eriksen,Manchester United,ENG 🇬🇧,England,UEFA,Denmark,1,
Joachim Andersen,Crystal Palace,ENG 🇬🇧,England,UEFA,Denmark,1,
Mikkel Damsgaard,Brentford,ENG 🇬🇧,England,UEFA,Denmark,1,
Christian Nørgaard,Brentford,ENG 🇬🇧,England,UEFA,Denmark,1,
Mathias Jensen,Brentford,ENG 🇬🇧,England,UEFA,Denmark,1,
Rasmus Kristensen,Leeds Utd,ENG 🇬🇧,England,UEFA,Denmark,1,
Pervis Estupiñán,Brighton Hove,ENG 🇬🇧,England,UEFA,Ecuador,1,
Moisés Caicedo,Brighton Hove,ENG 🇬🇧,England,UEFA,Ecuador,1,
Jeremy Sarmiento,Brighton Hove,ENG 🇬🇧,England,UEFA,Ecuador,1,
John Stones,Manchester City,ENG 🇬🇧,England,UEFA,England,1,
Phil Foden,Manchester City,ENG 🇬🇧,England,UEFA,England,1,
Jack Grealish,Manchester City,ENG 🇬🇧,England,UEFA,England,1,
Kyle Walker,Manchester City,ENG 🇬🇧,England,UEFA,England,1,
Kalvin Phillips,Manchester City,ENG 🇬🇧,England,UEFA,England,1,
Jordan Henderson,Liverpool,ENG 🇬🇧,England,UEFA,England,1,
Trent Alexander Arnold,Liverpool,ENG 🇬🇧,England,UEFA,England,1,
Raheem Sterling,Chelsea,ENG 🇬🇧,England,UEFA,England,1,
Mason Mount,Chelsea,ENG 🇬🇧,England,UEFA,England,1,
Conor Gallagher,Chelsea,ENG 🇬🇧,England,UEFA,England,1,
Harry Kane,Tottenham Hotspur,ENG 🇬🇧,England,UEFA,England,1,
Eric Dier,Tottenham Hotspur,ENG 🇬🇧,England,UEFA,England,1,
Marcus Rashford,Manchester United,ENG 🇬🇧,England,UEFA,England,1,
Harry Maguire,Manchester United,ENG 🇬🇧,England,UEFA,England,1,
Luke Shaw,Manchester United,ENG 🇬🇧,England,UEFA,England,1,
Bukayo Saka,Arsenal,ENG 🇬🇧,England,UEFA,England,1,
Ben White,Arsenal,ENG 🇬🇧,England,UEFA,England,1,
Aaron Ramsdale,Arsenal,ENG 🇬🇧,England,UEFA,England,1,
James Maddison,Leicester City,ENG 🇬🇧,England,UEFA,England,1,
Declan Rice,West Ham United,ENG 🇬🇧,England,UEFA,England,1,
Kieran Trippier,Newcastle United,ENG 🇬🇧,England,UEFA,England,1,
Callum Wilson,Newcastle United,ENG 🇬🇧,England,UEFA,England,1,
Nick Pope,Newcastle United,ENG 🇬🇧,England,UEFA,England,1,
Conor Coady,Everton,ENG 🇬🇧,England,UEFA,England,1,
Jordan Pickford,Everton,ENG 🇬🇧,England,UEFA,England,1,
Ibrahima Konaté,Liverpool,ENG 🇬🇧,England,UEFA,France,1,
Hugo Lloris,Tottenham Hotspur,ENG 🇬🇧,England,UEFA,France,1,
Raphaël Varane,Manchester United,ENG 🇬🇧,England,UEFA,France,1,
William Saliba,Arsenal,ENG 🇬🇧,England,UEFA,France,1,
Alphonse Areola,West Ham United,ENG 🇬🇧,England,UEFA,France,1,
İlkay Gündoğan,Manchester City,ENG 🇬🇧,England,UEFA,Germany,1,
Kai Havertz,Chelsea,ENG 🇬🇧,England,UEFA,Germany,1,
Thilo Kehrer,West Ham United,ENG 🇬🇧,England,UEFA,Germany,1,
Armel Bella Kotchap,Southampton,ENG 🇬🇧,England,UEFA,Germany,1,
Thomas Partey,Arsenal,ENG 🇬🇧,England,UEFA,Ghana,1,
Daniel Amartey,Leicester City,ENG 🇬🇧,England,UEFA,Ghana,1,
Tariq Lamptey,Brighton Hove,ENG 🇬🇧,England,UEFA,Ghana,1,
Jordan Ayew,Crystal Palace,ENG 🇬🇧,England,UEFA,Ghana,1,
Mohammed Salisu,Southampton,ENG 🇬🇧,England,UEFA,Ghana,1,
Antoine Semenyo,Bristol City,ENG 🇬🇧,England,UEFA,Ghana,1,
Baba Rahman,Reading,ENG 🇬🇧,England,UEFA,Ghana,1,
Saman Ghoddos,Brentford,ENG 🇬🇧,England,UEFA,Iran,1,
Takehiro Tomiyasu,Arsenal,ENG 🇬🇧,England,UEFA,Japan,1,
Kaoru Mitoma,Brighton Hove,ENG 🇬🇧,England,UEFA,Japan,1,
Raúl Jiménez,Wolverhampton,ENG 🇬🇧,England,UEFA,Mexico,1,
Hakim Ziyech,Chelsea,ENG 🇬🇧,England,UEFA,Morocco,1,
Nayef Aguerd,West Ham United,ENG 🇬🇧,England,UEFA,Morocco,1,
Anass Zaroury,Burnley,ENG 🇬🇧,England,UEFA,Morocco,1,
Ilias Chair,QPR,ENG 🇬🇧,England,UEFA,Morocco,1,
Nathan Aké,Manchester City,ENG 🇬🇧,England,UEFA,Netherlands,1,
Virgil van Dijk,Liverpool,ENG 🇬🇧,England,UEFA,Netherlands,1,
Tyrell Malacia,Manchester United,ENG 🇬🇧,England,UEFA,Netherlands,1,
Jan Bednarek,Aston Villa,ENG 🇬🇧,England,UEFA,Poland,1,
Matty Cash,Aston Villa,ENG 🇬🇧,England,UEFA,Poland,1,
Krystian Bielik,Birmingham City,ENG 🇬🇧,England,UEFA,Poland,1,
Bernardo Silva,Manchester City,ENG 🇬🇧,England,UEFA,Portugal,1,
João Cancelo,Manchester City,ENG 🇬🇧,England,UEFA,Portugal,1,
Rúben Dias,Manchester City,ENG 🇬🇧,England,UEFA,Portugal,1,
Cristiano Ronaldo,Manchester United,ENG 🇬🇧,England,UEFA,Portugal,1,
Bruno Fernandes,Manchester United,ENG 🇬🇧,England,UEFA,Portugal,1,
Diogo Dalot,Manchester United,ENG 🇬🇧,England,UEFA,Portugal,1,
Matheus Nunes,Wolverhampton,ENG 🇬🇧,England,UEFA,Portugal,1,
Rúben Neves,Wolverhampton,ENG 🇬🇧,England,UEFA,Portugal,1,
José Sá,Wolverhampton,ENG 🇬🇧,England,UEFA,Portugal,1,
João Palhinha,Fulham,ENG 🇬🇧,England,UEFA,Portugal,1,
Kalidou Koulibal,Chelsea,ENG 🇬🇧,England,UEFA,Senegal,1,
Édouard Mendy,Chelsea,ENG 🇬🇧,England,UEFA,Senegal,1,
Pape Matar Sarr,Tottenham Hotspur,ENG 🇬🇧,England,UEFA,Senegal,1,
Nampalys Mendy,Leicester City,ENG 🇬🇧,England,UEFA,Senegal,1,
Idrissa Gueye,Everton,ENG 🇬🇧,England,UEFA,Senegal,1,
Cheikhou Kouyaté,Nottingham Forest,ENG 🇬🇧,England,UEFA,Senegal,1,
Ismaïla Sarr,Watford,ENG 🇬🇧,England,UEFA,Senegal,1,
Iliman Ndiaye,Sheffield United,ENG 🇬🇧,England,UEFA,Senegal,1,
Seny Dieng,QPR,ENG 🇬🇧,England,UEFA,Senegal,1,
Mamadou Loum,Reading,ENG 🇬🇧,England,UEFA,Senegal,1,
Aleksandar Mitrović,Fulham,ENG 🇬🇧,England,UEFA,Serbia,1,
Son Heung min,Tottenham Hotspur,ENG 🇬🇧,England,UEFA,South Korea,1,
Hwang Hee chan,Wolverhampton,ENG 🇬🇧,England,UEFA,South Korea,1,
Aymeric Laporte,Manchester City,ENG 🇬🇧,England,UEFA,Spain,1,
Rodri,Manchester City,ENG 🇬🇧,England,UEFA,Spain,1,
César Azpilicueta,Chelsea,ENG 🇬🇧,England,UEFA,Spain,1,
Robert Sánchez,Brighton Hove,ENG 🇬🇧,England,UEFA,Spain,1,
David Raya,Brentford,ENG 🇬🇧,England,UEFA,Spain,1,
Manuel Akanji,Manchester City,ENG 🇬🇧,England,UEFA,Switzerland,1,
Denis Zakaria,Chelsea,ENG 🇬🇧,England,UEFA,Switzerland,1,
Granit Xhaka,Arsenal,ENG 🇬🇧,England,UEFA,Switzerland,1,
Fabian Schär,Newcastle United,ENG 🇬🇧,England,UEFA,Switzerland,1,
Remo Freuler,Nottingham Forest,ENG 🇬🇧,England,UEFA,Switzerland,1,
Hannibal Mejbri,Birmingham City,ENG 🇬🇧,England,UEFA,Tunisia,1,
Darwin Núñez,Liverpool,ENG 🇬🇧,England,UEFA,Uruguay,1,
Rodrigo Bentancur,Tottenham Hotspur,ENG 🇬🇧,England,UEFA,Uruguay,1,
Facundo Pellistri,Manchester United,ENG 🇬🇧,England,UEFA,Uruguay,1,
Christian Pulisic,Chelsea,ENG 🇬🇧,England,UEFA,USA,1,
Matt Turner,Arsenal,ENG 🇬🇧,England,UEFA,USA,1,
Brenden Aaronson,Leeds Utd,ENG 🇬🇧,England,UEFA,USA,1,
Tyler Adams,Leeds Utd,ENG 🇬🇧,England,UEFA,USA,1,
Antonee Robinson,Fulham,ENG 🇬🇧,England,UEFA,USA,1,
Tim Ream,Fulham,ENG 🇬🇧,England,UEFA,USA,1,
Josh Sargent,Norwich City,ENG 🇬🇧,England,UEFA,USA,1,
Ethan Horvath,Luton Town,ENG 🇬🇧,England,UEFA,USA,1,
Ben Davies,Tottenham Hotspur,ENG 🇬🇧,England,UEFA,Wales,1,
Danny Ward,Leicester City,ENG 🇬🇧,England,UEFA,Wales,1,
Harry Wilson,Fulham,ENG 🇬🇧,England,UEFA,Wales,1,
Daniel James,Fulham,ENG 🇬🇧,England,UEFA,Wales,1,
Kieffer Moore,Bournemouth,ENG 🇬🇧,England,UEFA,Wales,1,
Chris Mepham,Bournemouth,ENG 🇬🇧,England,UEFA,Wales,1,
Neco Williams,Nottingham Forest,ENG 🇬🇧,England,UEFA,Wales,1,
Brennan Johnson,Nottingham Forest,ENG 🇬🇧,England,UEFA,Wales,1,
Wayne Hennessey,Nottingham Forest,ENG 🇬🇧,England,UEFA,Wales,1,
Connor Roberts,Burnley,ENG 🇬🇧,England,UEFA,Wales,1,
Tom Lockyer,Luton Town,ENG 🇬🇧,England,UEFA,Wales,1,
Sorba Thomas,Huddersfield Town,ENG 🇬🇧,England,UEFA,Wales,1,
Adam Davies,Sheffield United,ENG 🇬🇧,England,UEFA,Wales,1,
Joe Morrell,Portsmouth,ENG 🇬🇧,England,UEFA,Wales,1,
Matthew Smith,MK Dons,ENG 🇬🇧,England,UEFA,Wales,1,
Jonny Williams,Swindon Town,ENG 🇬🇧,England,UEFA,Wales,1,
Chris Gunter,Wimbledon,ENG 🇬🇧,England,UEFA,Wales,1,
Ángel Correa,Atlético de Madrid,ESP 🇪🇸,Spain,UEFA,Argentina,1,
Rodrigo De Paul,Atlético de Madrid,ESP 🇪🇸,Spain,UEFA,Argentina,1,
Nahuel Molina,Atlético de Madrid,ESP 🇪🇸,Spain,UEFA,Argentina,1,
Papu Gómez,Sevilla,ESP 🇪🇸,Spain,UEFA,Argentina,1,
Marcos Acuña,Sevilla,ESP 🇪🇸,Spain,UEFA,Argentina,1,
Gonzalo Montiel,Sevilla,ESP 🇪🇸,Spain,UEFA,Argentina,1,
Gerónimo Rulli,Villarreal CF,ESP 🇪🇸,Spain,UEFA,Argentina,1,
Juan Foyth,Villarreal CF,ESP 🇪🇸,Spain,UEFA,Argentina,1,
Germán Pezzella,Real Betis Balompié,ESP 🇪🇸,Spain,UEFA,Argentina,1,
Guido Rodríguez,Real Betis Balompié,ESP 🇪🇸,Spain,UEFA,Argentina,1,
Awer Mabil,Cádiz,ESP 🇪🇸,Spain,UEFA,Australia,1,
Eden Hazard,Real Madrid CF,ESP 🇪🇸,Spain,UEFA,Belgium,1,
Thibaut Courtois,Real Madrid CF,ESP 🇪🇸,Spain,UEFA,Belgium,1,
Axel Witsel,Atlético de Madrid,ESP 🇪🇸,Spain,UEFA,Belgium,1,
Yannick Carrasco,Atlético de Madrid,ESP 🇪🇸,Spain,UEFA,Belgium,1,
Éder Militão,Real Madrid CF,ESP 🇪🇸,Spain,UEFA,Brazil,1,
Vinícius Júnior,Real Madrid CF,ESP 🇪🇸,Spain,UEFA,Brazil,1,
Rodrygo,Real Madrid CF,ESP 🇪🇸,Spain,UEFA,Brazil,1,
Raphinha,FC Barcelona,ESP 🇪🇸,Spain,UEFA,Brazil,1,
Alex Telles,Sevilla,ESP 🇪🇸,Spain,UEFA,Brazil,1,
Patrick Sequeira,CD Lugo,ESP 🇪🇸,Spain,UEFA,Costa Rica,1,
Luka Modrić,Real Madrid CF,ESP 🇪🇸,Spain,UEFA,Croatia,1,
Ivo Grbić,Atlético de Madrid,ESP 🇪🇸,Spain,UEFA,Croatia,1,
Ante Budimir,Osasuna,ESP 🇪🇸,Spain,UEFA,Croatia,1,
Andreas Christensen,FC Barcelona,ESP 🇪🇸,Spain,UEFA,Denmark,1,
Kasper Dolberg,Sevilla,ESP 🇪🇸,Spain,UEFA,Denmark,1,
Thomas Delaney,Sevilla,ESP 🇪🇸,Spain,UEFA,Denmark,1,
Martin Braithwaite,Espanyol,ESP 🇪🇸,Spain,UEFA,Denmark,1,
Gonzalo Plata,Valladolid,ESP 🇪🇸,Spain,UEFA,Ecuador,1,
Karim Benzema,Real Madrid CF,ESP 🇪🇸,Spain,UEFA,France,1,
Aurélien Tchouaméni,Real Madrid CF,ESP 🇪🇸,Spain,UEFA,France,1,
Eduardo Camavinga,Real Madrid CF,ESP 🇪🇸,Spain,UEFA,France,1,
Ousmane Dembélé,FC Barcelona,ESP 🇪🇸,Spain,UEFA,France,1,
Jules Koundé,FC Barcelona,ESP 🇪🇸,Spain,UEFA,France,1,
Antoine Griezmann,Atlético de Madrid,ESP 🇪🇸,Spain,UEFA,France,1,
Antonio Rüdiger,Real Madrid CF,ESP 🇪🇸,Spain,UEFA,Germany,1,
Marc André ter Stegen,FC Barcelona,ESP 🇪🇸,Spain,UEFA,Germany,1,
Iñaki Williams,Athletic Club,ESP 🇪🇸,Spain,UEFA,Ghana,1,
Joseph Aidoo,RC Celta de Vigo,ESP 🇪🇸,Spain,UEFA,Ghana,1,
Amir Abedzadeh,Ponferradina,ESP 🇪🇸,Spain,UEFA,Iran,1,
Takefusa Kubo,Real Sociedad de Fútbol,ESP 🇪🇸,Spain,UEFA,Japan,1,
Gaku Shibasaki,Leganés,ESP 🇪🇸,Spain,UEFA,Japan,1,
Andrés Guardado,Real Betis Balompié,ESP 🇪🇸,Spain,UEFA,Mexico,1,
Youssef En Nesyri,Sevilla,ESP 🇪🇸,Spain,UEFA,Morocco,1,
Yassine Bounou,Sevilla,ESP 🇪🇸,Spain,UEFA,Morocco,1,
Abde Ezzalzouli,Osasuna,ESP 🇪🇸,Spain,UEFA,Morocco,1,
Jawad El Yamiq,Valladolid,ESP 🇪🇸,Spain,UEFA,Morocco,1,
Memphis Depay,FC Barcelona,ESP 🇪🇸,Spain,UEFA,Netherlands,1,
Frenkie de Jong,FC Barcelona,ESP 🇪🇸,Spain,UEFA,Netherlands,1,
Robert Lewandowski,FC Barcelona,ESP 🇪🇸,Spain,UEFA,Poland,1,
João Félix,Atlético de Madrid,ESP 🇪🇸,Spain,UEFA,Portugal,1,
William Carvalho,Real Betis Balompié,ESP 🇪🇸,Spain,UEFA,Portugal,1,
Nicolas Jackson,Villarreal CF,ESP 🇪🇸,Spain,UEFA,Senegal,1,
Youssouf Sabaly,Real Betis Balompié,ESP 🇪🇸,Spain,UEFA,Senegal,1,
Pathé Ciss,Rayo Vallecano,ESP 🇪🇸,Spain,UEFA,Senegal,1,
Nemanja Gudelj,Sevilla,ESP 🇪🇸,Spain,UEFA,Serbia,1,
Marko Dmitrović,Sevilla,ESP 🇪🇸,Spain,UEFA,Serbia,1,
Stefan Mitrović,Getafe,ESP 🇪🇸,Spain,UEFA,Serbia,1,
Nemanja Maksimović,Getafe,ESP 🇪🇸,Spain,UEFA,Serbia,1,
Predrag Rajković,RCD Mallorca,ESP 🇪🇸,Spain,UEFA,Serbia,1,
Srđan Babić,UD Almeria,ESP 🇪🇸,Spain,UEFA,Serbia,1,
Lee Kang in,RCD Mallorca,ESP 🇪🇸,Spain,UEFA,South Korea,1,
Marco Asensio,Real Madrid CF,ESP 🇪🇸,Spain,UEFA,Spain,1,
Dani Carvajal,Real Madrid CF,ESP 🇪🇸,Spain,UEFA,Spain,1,
Ferran Torres,FC Barcelona,ESP 🇪🇸,Spain,UEFA,Spain,1,
Jordi Alba,FC Barcelona,ESP 🇪🇸,Spain,UEFA,Spain,1,
Sergio Busquets,FC Barcelona,ESP 🇪🇸,Spain,UEFA,Spain,1,
Ansu Fati,FC Barcelona,ESP 🇪🇸,Spain,UEFA,Spain,1,
Gavi,FC Barcelona,ESP 🇪🇸,Spain,UEFA,Spain,1,
Eric García,FC Barcelona,ESP 🇪🇸,Spain,UEFA,Spain,1,
Pedri,FC Barcelona,ESP 🇪🇸,Spain,UEFA,Spain,1,
Alejandro Balde,FC Barcelona,ESP 🇪🇸,Spain,UEFA,Spain,1,
Álvaro Morata,Atlético de Madrid,ESP 🇪🇸,Spain,UEFA,Spain,1,
Koke,Atlético de Madrid,ESP 🇪🇸,Spain,UEFA,Spain,1,
Marcos Llorente,Atlético de Madrid,ESP 🇪🇸,Spain,UEFA,Spain,1,
Pau Torres,Villarreal CF,ESP 🇪🇸,Spain,UEFA,Spain,1,
Yeremy Pino,Villarreal CF,ESP 🇪🇸,Spain,UEFA,Spain,1,
Hugo Guillamón,Valencia CF,ESP 🇪🇸,Spain,UEFA,Spain,1,
Unai Simón,Athletic Club,ESP 🇪🇸,Spain,UEFA,Spain,1,
Nico Williams,Athletic Club,ESP 🇪🇸,Spain,UEFA,Spain,1,
Eray Cömert,Valencia CF,ESP 🇪🇸,Spain,UEFA,Switzerland,1,
Federico Valverde,Real Madrid CF,ESP 🇪🇸,Spain,UEFA,Uruguay,1,
Ronald Araújo,FC Barcelona,ESP 🇪🇸,Spain,UEFA,Uruguay,1,
José Giménez,Atlético de Madrid,ESP 🇪🇸,Spain,UEFA,Uruguay,1,
Edinson Cavani,Valencia CF,ESP 🇪🇸,Spain,UEFA,Uruguay,1,
Yunus Musah,Valencia CF,ESP 🇪🇸,Spain,UEFA,USA,1,
Luca de la Torre,RC Celta de Vigo,ESP 🇪🇸,Spain,UEFA,USA,1,
Lionel Messi,Paris Saint Germain,FRA 🇫🇷,France,UEFA,Argentina,1,
Nicolás Tagliafico,Olympique Lyonnais,FRA 🇫🇷,France,UEFA,Argentina,1,
Jérémy Doku,Rennes,FRA 🇫🇷,France,UEFA,Belgium,1,
Arthur Theate,Rennes,FRA 🇫🇷,France,UEFA,Belgium,1,
Loïs Openda,Lens,FRA 🇫🇷,France,UEFA,Belgium,1,
Neymar,Paris Saint Germain,FRA 🇫🇷,France,UEFA,Brazil,1,
Marquinhos,Paris Saint Germain,FRA 🇫🇷,France,UEFA,Brazil,1,
Karl Toko Ekambi,Olympique Lyonnais,FRA 🇫🇷,France,UEFA,Cameroon,1,
Simon Ngapandouetnbu,Olympique de Marseille,FRA 🇫🇷,France,UEFA,Cameroon,1,
Christopher Wooh,Rennes,FRA 🇫🇷,France,UEFA,Cameroon,1,
Jean Charles Castelletto,Nantes,FRA 🇫🇷,France,UEFA,Cameroon,1,
Jonathan David,LOSC Lille,FRA 🇫🇷,France,UEFA,Canada,1,
Iké Ugbo,Troyes,FRA 🇫🇷,France,UEFA,Canada,1,
Keylor Navas,Paris Saint Germain,FRA 🇫🇷,France,UEFA,Costa Rica,1,
Lovro Majer,Rennes,FRA 🇫🇷,France,UEFA,Croatia,1,
Kasper Schmeichel,OGC Nice,FRA 🇫🇷,France,UEFA,Denmark,1,
Jackson Porozo,Troyes,FRA 🇫🇷,France,UEFA,Ecuador,1,
Kylian Mbappé,Paris Saint Germain,FRA 🇫🇷,France,UEFA,France,1,
Matteo Guendouzi,Olympique de Marseille,FRA 🇫🇷,France,UEFA,France,1,
Jordan Veretout,Olympique de Marseille,FRA 🇫🇷,France,UEFA,France,1,
Steve Mandanda,Rennes,FRA 🇫🇷,France,UEFA,France,1,
Kamaldeen Sulemana,Rennes,FRA 🇫🇷,France,UEFA,Ghana,1,
Alexander Djiku,Strasbourg,FRA 🇫🇷,France,UEFA,Ghana,1,
Salis Abdul Samed,Lens,FRA 🇫🇷,France,UEFA,Ghana,1,
Alidu Seidu,Clermont Foot,FRA 🇫🇷,France,UEFA,Ghana,1,
Gideon Mensah,Auxerre,FRA 🇫🇷,France,UEFA,Ghana,1,
Eiji Kawashima,Strasbourg,FRA 🇫🇷,France,UEFA,Japan,1,
Junya Ito,Reims,FRA 🇫🇷,France,UEFA,Japan,1,
Achraf Hakimi,Paris Saint Germain,FRA 🇫🇷,France,UEFA,Morocco,1,
Achraf Dari,Stade Brest,FRA 🇫🇷,France,UEFA,Morocco,1,
Sofiane Boufal,Angers,FRA 🇫🇷,France,UEFA,Morocco,1,
Azzedine Ounahi,Angers,FRA 🇫🇷,France,UEFA,Morocco,1,
Zakaria Aboukhlal,Toulouse,FRA 🇫🇷,France,UEFA,Morocco,1,
Przemysław Frankowski,Lens,FRA 🇫🇷,France,UEFA,Poland,1,
Mateusz Wieteska,Clermont Foot,FRA 🇫🇷,France,UEFA,Poland,1,
Nuno Mendes,Paris Saint Germain,FRA 🇫🇷,France,UEFA,Portugal,1,
Danilo Pereira,Paris Saint Germain,FRA 🇫🇷,France,UEFA,Portugal,1,
Vitinha,Paris Saint Germain,FRA 🇫🇷,France,UEFA,Portugal,1,
Bamba Dieng,Olympique de Marseille,FRA 🇫🇷,France,UEFA,Senegal,1,
Pape Gueye,Olympique de Marseille,FRA 🇫🇷,France,UEFA,Senegal,1,
Alfred Gomis,Rennes,FRA 🇫🇷,France,UEFA,Senegal,1,
Formose Mendy,Amiens S.C.,FRA 🇫🇷,France,UEFA,Senegal,1,
Pablo Sarabia,Paris Saint Germain,FRA 🇫🇷,France,UEFA,Spain,1,
Carlos Soler,Paris Saint Germain,FRA 🇫🇷,France,UEFA,Spain,1,
Jonas Omlin,Montpellier Hérault SC,FRA 🇫🇷,France,UEFA,Switzerland,1,
Wahbi Khazri,Montpellier Hérault SC,FRA 🇫🇷,France,UEFA,Tunisia,1,
Montassar Talbi,Lorient,FRA 🇫🇷,France,UEFA,Tunisia,1,
Ali Abdi,Caen,FRA 🇫🇷,France,UEFA,Tunisia,1,
Timothy Weah,LOSC Lille,FRA 🇫🇷,France,UEFA,USA,1,
Joe Rodon,Rennes,FRA 🇫🇷,France,UEFA,Wales,1,
Aaron Ramsey,OGC Nice,FRA 🇫🇷,France,UEFA,Wales,1,
Exequiel Palacios,Bayer 04 Leverkusen,GER 🇩🇪,Germany,UEFA,Argentina,1,
Jackson Irvine,FC St. Pauli,GER 🇩🇪,Germany,UEFA,Australia,1,
Thorgan Hazard,Borussia Dortmund,GER 🇩🇪,Germany,UEFA,Belgium,1,
Thomas Meunier,Borussia Dortmund,GER 🇩🇪,Germany,UEFA,Belgium,1,
Koen Casteels,VfL Wolfsburg,GER 🇩🇪,Germany,UEFA,Belgium,1,
Eric Maxim Choupo Moting,Bayern München,GER 🇩🇪,Germany,UEFA,Cameroon,1,
Gaël Ondoua,Hannover 96,GER 🇩🇪,Germany,UEFA,Cameroon,1,
Alphonso Davies,Bayern München,GER 🇩🇪,Germany,UEFA,Canada,1,
Josip Stanišić,Bayern München,GER 🇩🇪,Germany,UEFA,Croatia,1,
Joško Gvardiol,RB Leipzig,GER 🇩🇪,Germany,UEFA,Croatia,1,
Kristijan Jakić,Eintracht Frankfurt,GER 🇩🇪,Germany,UEFA,Croatia,1,
Andrej Kramarić,TSG 1899 Hoffenheim,GER 🇩🇪,Germany,UEFA,Croatia,1,
Borna Sosa,VfB Stuttgart,GER 🇩🇪,Germany,UEFA,Croatia,1,
Yussuf Poulsen,RB Leipzig,GER 🇩🇪,Germany,UEFA,Denmark,1,
Jesper Lindstrøm,Eintracht Frankfurt,GER 🇩🇪,Germany,UEFA,Denmark,1,
Frederik Rønnow,Union Berlin,GER 🇩🇪,Germany,UEFA,Denmark,1,
Robert Skov,TSG 1899 Hoffenheim,GER 🇩🇪,Germany,UEFA,Denmark,1,
Jonas Wind,VfL Wolfsburg,GER 🇩🇪,Germany,UEFA,Denmark,1,
Oliver Christensen,Hertha BSC Berlin,GER 🇩🇪,Germany,UEFA,Denmark,1,
Piero Hincapié,Bayer 04 Leverkusen,GER 🇩🇪,Germany,UEFA,Ecuador,1,
Carlos Gruezo,FC Augsburg,GER 🇩🇪,Germany,UEFA,Ecuador,1,
Jude Bellingham,Borussia Dortmund,GER 🇩🇪,Germany,UEFA,England,1,
Kingsley Coman,Bayern München,GER 🇩🇪,Germany,UEFA,France,1,
Benjamin Pavard,Bayern München,GER 🇩🇪,Germany,UEFA,France,1,
Dayot Upamecano,Bayern München,GER 🇩🇪,Germany,UEFA,France,1,
Lucas Hernandez,Bayern München,GER 🇩🇪,Germany,UEFA,France,1,
Randal Kolo Muani,Eintracht Frankfurt,GER 🇩🇪,Germany,UEFA,France,1,
Marcus Thuram,VfL Borussia Mönchengladbach,GER 🇩🇪,Germany,UEFA,France,1,
Thomas Müller,Bayern München,GER 🇩🇪,Germany,UEFA,Germany,1,
Serge Gnabry,Bayern München,GER 🇩🇪,Germany,UEFA,Germany,1,
Leon Goretzka,Bayern München,GER 🇩🇪,Germany,UEFA,Germany,1,
Leroy Sané,Bayern München,GER 🇩🇪,Germany,UEFA,Germany,1,
Joshua Kimmich,Bayern München,GER 🇩🇪,Germany,UEFA,Germany,1,
Jamal Musiala,Bayern München,GER 🇩🇪,Germany,UEFA,Germany,1,
Manuel Neuer,Bayern München,GER 🇩🇪,Germany,UEFA,Germany,1,
Julian Brandt,Borussia Dortmund,GER 🇩🇪,Germany,UEFA,Germany,1,
Niklas Süle,Borussia Dortmund,GER 🇩🇪,Germany,UEFA,Germany,1,
Karim Adeyemi,Borussia Dortmund,GER 🇩🇪,Germany,UEFA,Germany,1,
Nico Schlotterbeck,Borussia Dortmund,GER 🇩🇪,Germany,UEFA,Germany,1,
Youssoufa Moukoko,Borussia Dortmund,GER 🇩🇪,Germany,UEFA,Germany,1,
Lukas Klostermann,RB Leipzig,GER 🇩🇪,Germany,UEFA,Germany,1,
David Raum,RB Leipzig,GER 🇩🇪,Germany,UEFA,Germany,1,
Mario Götze,Eintracht Frankfurt,GER 🇩🇪,Germany,UEFA,Germany,1,
Kevin Trapp,Eintracht Frankfurt,GER 🇩🇪,Germany,UEFA,Germany,1,
Matthias Ginter,SC Freiburg,GER 🇩🇪,Germany,UEFA,Germany,1,
Christian Günter,SC Freiburg,GER 🇩🇪,Germany,UEFA,Germany,1,
Jonas Hofmann,VfL Borussia Mönchengladbach,GER 🇩🇪,Germany,UEFA,Germany,1,
Niclas Füllkrug,Werder Bremen,GER 🇩🇪,Germany,UEFA,Germany,1,
Daniel Kofi Kyereh,SC Freiburg,GER 🇩🇪,Germany,UEFA,Ghana,1,
Sardar Azmoun,Bayer 04 Leverkusen,GER 🇩🇪,Germany,UEFA,Iran,1,
Daichi Kamada,Eintracht Frankfurt,GER 🇩🇪,Germany,UEFA,Japan,1,
Ritsu Dōan,SC Freiburg,GER 🇩🇪,Germany,UEFA,Japan,1,
Ko Itakura,VfL Borussia Mönchengladbach,GER 🇩🇪,Germany,UEFA,Japan,1,
Takuma Asano,VfL Bochum,GER 🇩🇪,Germany,UEFA,Japan,1,
Wataru Endo,VfB Stuttgart,GER 🇩🇪,Germany,UEFA,Japan,1,
Hiroki Ito,VfB Stuttgart,GER 🇩🇪,Germany,UEFA,Japan,1,
Maya Yoshida,FC Schalke 04,GER 🇩🇪,Germany,UEFA,Japan,1,
Ao Tanaka,Fortuna Düsseldorf,GER 🇩🇪,Germany,UEFA,Japan,1,
Noussair Mazraoui,Bayern München,GER 🇩🇪,Germany,UEFA,Morocco,1,
Matthijs de Ligt,Bayern München,GER 🇩🇪,Germany,UEFA,Netherlands,1,
Jeremie Frimpong,Bayer 04 Leverkusen,GER 🇩🇪,Germany,UEFA,Netherlands,1,
Jakub Kamiński,VfL Wolfsburg,GER 🇩🇪,Germany,UEFA,Poland,1,
Robert Gumny,FC Augsburg,GER 🇩🇪,Germany,UEFA,Poland,1,
Raphaël Guerreiro,Borussia Dortmund,GER 🇩🇪,Germany,UEFA,Portugal,1,
André Silva,RB Leipzig,GER 🇩🇪,Germany,UEFA,Portugal,1,
Abdou Diallo,RB Leipzig,GER 🇩🇪,Germany,UEFA,Senegal,1,
Miloš Veljković,Werder Bremen,GER 🇩🇪,Germany,UEFA,Serbia,1,
Jeong Woo yeong,SC Freiburg,GER 🇩🇪,Germany,UEFA,South Korea,1,
Lee Jae sung,1. FSV Mainz 05,GER 🇩🇪,Germany,UEFA,South Korea,1,
Dani Olmo,RB Leipzig,GER 🇩🇪,Germany,UEFA,Spain,1,
Gregor Kobel,Borussia Dortmund,GER 🇩🇪,Germany,UEFA,Switzerland,1,
Djibril Sow,Eintracht Frankfurt,GER 🇩🇪,Germany,UEFA,Switzerland,1,
Nico Elvedi,VfL Borussia Mönchengladbach,GER 🇩🇪,Germany,UEFA,Switzerland,1,
Yann Sommer,VfL Borussia Mönchengladbach,GER 🇩🇪,Germany,UEFA,Switzerland,1,
Silvan Widmer,1. FSV Mainz 05,GER 🇩🇪,Germany,UEFA,Switzerland,1,
Edimilson Fernandes,1. FSV Mainz 05,GER 🇩🇪,Germany,UEFA,Switzerland,1,
Ruben Vargas,FC Augsburg,GER 🇩🇪,Germany,UEFA,Switzerland,1,
Ellyes Skhiri,1. Köln,GER 🇩🇪,Germany,UEFA,Tunisia,1,
Giovanni Reyna,Borussia Dortmund,GER 🇩🇪,Germany,UEFA,USA,1,
Joe Scally,VfL Borussia Mönchengladbach,GER 🇩🇪,Germany,UEFA,USA,1,
Daniel Afriyie,Hearts of Oak,GHA 🇬🇭,Ghana,CAF,Ghana,1,
Ibrahim Danlad,Asante Kotoko,GHA 🇬🇭,Ghana,CAF,Ghana,1,
Pierre Kunde,Olympiacos Piraeus,GRE 🇬🇷,Greece,UEFA,Cameroon,1,
Nicolas Nkoulou,Aris Saloniki,GRE 🇬🇷,Greece,UEFA,Cameroon,1,
Derek Cornelius,Panetolikos,GRE 🇬🇷,Greece,UEFA,Canada,1,
Domagoj Vida,AEK Athens,GRE 🇬🇷,Greece,UEFA,Croatia,1,
Ehsan Hajsafi,AEK Athens,GRE 🇬🇷,Greece,UEFA,Iran,1,
Milad Mohammadi,AEK Athens,GRE 🇬🇷,Greece,UEFA,Iran,1,
Orbelín Pineda,AEK Athens,GRE 🇬🇷,Greece,UEFA,Mexico,1,
Damian Szymański,AEK Athens,GRE 🇬🇷,Greece,UEFA,Poland,1,
Pape Abou Cissé,Olympiacos Piraeus,GRE 🇬🇷,Greece,UEFA,Senegal,1,
Andrija Živković,PAOK,GRE 🇬🇷,Greece,UEFA,Serbia,1,
Hwang Ui jo,Olympiacos Piraeus,GRE 🇬🇷,Greece,UEFA,South Korea,1,
Hwang In beom,Olympiacos Piraeus,GRE 🇬🇷,Greece,UEFA,South Korea,1,
Wajdi Kechrida,Atromitos,GRE 🇬🇷,Greece,UEFA,Tunisia,1,
Aïssa Laïdouni,Ferencvárosi TC,HUN 🇭🇺,Hungary,UEFA,Tunisia,1,
Mehdi Torabi,Persepolis,IRN 🇮🇷,Iran,AFC,Iran,1,
Morteza Pouraliganji,Persepolis,IRN 🇮🇷,Iran,AFC,Iran,1,
Vahid Amiri,Persepolis,IRN 🇮🇷,Iran,AFC,Iran,1,
Alireza Beiranvand,Persepolis,IRN 🇮🇷,Iran,AFC,Iran,1,
Rouzbeh Cheshmi,Esteghlal,IRN 🇮🇷,Iran,AFC,Iran,1,
Hossein Hosseini,Esteghlal,IRN 🇮🇷,Iran,AFC,Iran,1,
Abolfazl Jalali,Esteghlal,IRN 🇮🇷,Iran,AFC,Iran,1,
Ramin Rezaeian,Sepahan,IRN 🇮🇷,Iran,AFC,Iran,1,
Payam Niazmand,Sepahan,IRN 🇮🇷,Iran,AFC,Iran,1,
Ángel Di María,Juventus,ITA 🇮🇹,Italy,UEFA,Argentina,1,
Leandro Paredes,Juventus,ITA 🇮🇹,Italy,UEFA,Argentina,1,
Paulo Dybala,AS Roma,ITA 🇮🇹,Italy,UEFA,Argentina,1,
Lautaro Martínez,Internazionale Milano,ITA 🇮🇹,Italy,UEFA,Argentina,1,
Ajdin Hrustic,Verona,ITA 🇮🇹,Italy,UEFA,Australia,1,
Fran Karačić,Brescia Calcio,ITA 🇮🇹,Italy,UEFA,Australia,1,
Romelu Lukaku,Internazionale Milano,ITA 🇮🇹,Italy,UEFA,Belgium,1,
Charles De Ketelaere,AC Milan,ITA 🇮🇹,Italy,UEFA,Belgium,1,
Alex Sandro,Juventus,ITA 🇮🇹,Italy,UEFA,Brazil,1,
Danilo,Juventus,ITA 🇮🇹,Italy,UEFA,Brazil,1,
Bremer,Juventus,ITA 🇮🇹,Italy,UEFA,Brazil,1,
André Frank Zambo Anguissa,SSC Napoli,ITA 🇮🇹,Italy,UEFA,Cameroon,1,
André Onana,Internazionale Milano,ITA 🇮🇹,Italy,UEFA,Cameroon,1,
Martin Hongla,Verona,ITA 🇮🇹,Italy,UEFA,Cameroon,1,
Enzo Ebosse,Udinese Calcio,ITA 🇮🇹,Italy,UEFA,Cameroon,1,
Mario Pašalić,Atalanta BC,ITA 🇮🇹,Italy,UEFA,Croatia,1,
Marcelo Brozović,Internazionale Milano,ITA 🇮🇹,Italy,UEFA,Croatia,1,
Nikola Vlašić,Torino,ITA 🇮🇹,Italy,UEFA,Croatia,1,
Martin Erlić,US Sassuolo Calcio,ITA 🇮🇹,Italy,UEFA,Croatia,1,
Joakim Mæhle,Atalanta BC,ITA 🇮🇹,Italy,UEFA,Denmark,1,
Simon Kjær,AC Milan,ITA 🇮🇹,Italy,UEFA,Denmark,1,
Adrien Rabiot,Juventus,ITA 🇮🇹,Italy,UEFA,France,1,
Olivier Giroud,AC Milan,ITA 🇮🇹,Italy,UEFA,France,1,
Theo Hernandez,AC Milan,ITA 🇮🇹,Italy,UEFA,France,1,
Hirving Lozano,SSC Napoli,ITA 🇮🇹,Italy,UEFA,Mexico,1,
Johan Vásquez,Cremonese,ITA 🇮🇹,Italy,UEFA,Mexico,1,
Sofyan Amrabat,Fiorentina,ITA 🇮🇹,Italy,UEFA,Morocco,1,
Abdelhamid Sabiri,UC Sampdoria,ITA 🇮🇹,Italy,UEFA,Morocco,1,
Walid Cheddira,S.S.C. Bari,ITA 🇮🇹,Italy,UEFA,Morocco,1,
Teun Koopmeiners,Atalanta BC,ITA 🇮🇹,Italy,UEFA,Netherlands,1,
Marten de Roon,Atalanta BC,ITA 🇮🇹,Italy,UEFA,Netherlands,1,
Denzel Dumfries,Internazionale Milano,ITA 🇮🇹,Italy,UEFA,Netherlands,1,
Stefan de Vrij,Internazionale Milano,ITA 🇮🇹,Italy,UEFA,Netherlands,1,
Arkadiusz Milik,Juventus,ITA 🇮🇹,Italy,UEFA,Poland,1,
Wojciech Szczęsny,Juventus,ITA 🇮🇹,Italy,UEFA,Poland,1,
Piotr Zieliński,SSC Napoli,ITA 🇮🇹,Italy,UEFA,Poland,1,
Nicola Zalewski,AS Roma,ITA 🇮🇹,Italy,UEFA,Poland,1,
Szymon Żurkowski,Fiorentina,ITA 🇮🇹,Italy,UEFA,Poland,1,
Łukasz Skorupski,Bologna,ITA 🇮🇹,Italy,UEFA,Poland,1,
Bartosz Bereszyński,UC Sampdoria,ITA 🇮🇹,Italy,UEFA,Poland,1,
Jakub Kiwior,Specia Calcio,ITA 🇮🇹,Italy,UEFA,Poland,1,
Krzysztof Piątek,Salernitana 1919,ITA 🇮🇹,Italy,UEFA,Poland,1,
Kamil Glik,Benevento,ITA 🇮🇹,Italy,UEFA,Poland,1,
Rui Patrício,AS Roma,ITA 🇮🇹,Italy,UEFA,Portugal,1,
Rafael Leão,AC Milan,ITA 🇮🇹,Italy,UEFA,Portugal,1,
Fodé Ballo Touré,AC Milan,ITA 🇮🇹,Italy,UEFA,Senegal,1,
Boulaye Dia,Salernitana 1919,ITA 🇮🇹,Italy,UEFA,Senegal,1,
Dušan Vlahović,Juventus,ITA 🇮🇹,Italy,UEFA,Serbia,1,
Filip Kostić,Juventus,ITA 🇮🇹,Italy,UEFA,Serbia,1,
Sergej Milinković Savić,Lazio,ITA 🇮🇹,Italy,UEFA,Serbia,1,
Luka Jović,Fiorentina,ITA 🇮🇹,Italy,UEFA,Serbia,1,
Nikola Milenković,Fiorentina,ITA 🇮🇹,Italy,UEFA,Serbia,1,
Darko Lazović,Verona,ITA 🇮🇹,Italy,UEFA,Serbia,1,
Ivan Ilić,Verona,ITA 🇮🇹,Italy,UEFA,Serbia,1,
Nemanja Radonjić,Torino,ITA 🇮🇹,Italy,UEFA,Serbia,1,
Saša Lukić,Torino,ITA 🇮🇹,Italy,UEFA,Serbia,1,
Vanja Milinković Savić,Torino,ITA 🇮🇹,Italy,UEFA,Serbia,1,
Filip Đuričić,UC Sampdoria,ITA 🇮🇹,Italy,UEFA,Serbia,1,
Kim Min jae,SSC Napoli,ITA 🇮🇹,Italy,UEFA,South Korea,1,
Ricardo Rodriguez,Torino,ITA 🇮🇹,Italy,UEFA,Switzerland,1,
Michel Aebischer,Bologna,ITA 🇮🇹,Italy,UEFA,Switzerland,1,
Dylan Bronn,Salernitana 1919,ITA 🇮🇹,Italy,UEFA,Tunisia,1,
Mathías Olivera,SSC Napoli,ITA 🇮🇹,Italy,UEFA,Uruguay,1,
Matías Viña,AS Roma,ITA 🇮🇹,Italy,UEFA,Uruguay,1,
Matías Vecino,Lazio,ITA 🇮🇹,Italy,UEFA,Uruguay,1,
Weston McKennie,Juventus,ITA 🇮🇹,Italy,UEFA,USA,1,
Sergiño Dest,AC Milan,ITA 🇮🇹,Italy,UEFA,USA,1,
Ethan Ampadu,Specia Calcio,ITA 🇮🇹,Italy,UEFA,Wales,1,
Thomas Deng,Albirex Niigata,JPN 🇯🇵,Japan,AFC,Australia,1,
Mitchell Duke,Fagiano Okayama,JPN 🇯🇵,Japan,AFC,Australia,1,
Miki Yamane,Kawasaki Frontale,JPN 🇯🇵,Japan,AFC,Japan,1,
Shogo Taniguchi,Kawasaki Frontale,JPN 🇯🇵,Japan,AFC,Japan,1,
Hiroki Sakai,Urawa Red Diamonds,JPN 🇯🇵,Japan,AFC,Japan,1,
Yuki Soma,Nagoya Grampus,JPN 🇯🇵,Japan,AFC,Japan,1,
Yuto Nagatomo,FC Tokyo,JPN 🇯🇵,Japan,AFC,Japan,1,
Shuto Machino,Shonan Bellmare,JPN 🇯🇵,Japan,AFC,Japan,1,
Shūichi Gonda,Shimizu S Pulse,JPN 🇯🇵,Japan,AFC,Japan,1,
Kwon Kyung won,Gamba Osaka,JPN 🇯🇵,Japan,AFC,South Korea,1,
Kim Young gwon,Ulsan Hyundai,KOR 🇰🇷,South Korea,AFC,South Korea,1,
Kim Tae hwan,Ulsan Hyundai,KOR 🇰🇷,South Korea,AFC,South Korea,1,
Jo Hyeon woo,Ulsan Hyundai,KOR 🇰🇷,South Korea,AFC,South Korea,1,
Cho Gue sung,Jeonbuk Hyundai Motors,KOR 🇰🇷,South Korea,AFC,South Korea,1,
Kim Jin su,Jeonbuk Hyundai Motors,KOR 🇰🇷,South Korea,AFC,South Korea,1,
Paik Seung ho,Jeonbuk Hyundai Motors,KOR 🇰🇷,South Korea,AFC,South Korea,1,
Song Min kyu,Jeonbuk Hyundai Motors,KOR 🇰🇷,South Korea,AFC,South Korea,1,
Kim Moon hwan,Jeonbuk Hyundai Motors,KOR 🇰🇷,South Korea,AFC,South Korea,1,
Song Bum keun,Jeonbuk Hyundai Motors,KOR 🇰🇷,South Korea,AFC,South Korea,1,
Hong Chul,Daegu,KOR 🇰🇷,South Korea,AFC,South Korea,1,
Na Sang ho,FC Seoul,KOR 🇰🇷,South Korea,AFC,South Korea,1,
Yoon Jong gyu,FC Seoul,KOR 🇰🇷,South Korea,AFC,South Korea,1,
Cho Yu min,Daejeon Citizen,KOR 🇰🇷,South Korea,AFC,South Korea,1,
Kwon Chang hoon,Gimcheon Sangmu,KOR 🇰🇷,South Korea,AFC,South Korea,1,
Vincent Aboubakar,Al Nassr Saudi,KSA 🇸🇦,Saudi Arabia,AFC,Cameroon,1,
Collins Fai,Al Tai,KSA 🇸🇦,Saudi Arabia,AFC,Cameroon,1,
Devis Epassy,Abha Club,KSA 🇸🇦,Saudi Arabia,AFC,Cameroon,1,
Óscar Duarte,Al. Wehda,KSA 🇸🇦,Saudi Arabia,AFC,Costa Rica,1,
Abderrazak Hamdallah,Al Ittihad,KSA 🇸🇦,Saudi Arabia,AFC,Morocco,1,
Munir Mohamedi,Al. Wehda,KSA 🇸🇦,Saudi Arabia,AFC,Morocco,1,
Grzegorz Krychowiak,Al Shabab Riyadh,KSA 🇸🇦,Saudi Arabia,AFC,Poland,1,
Salem Al Dawsari,Al Hilal Saudi,KSA 🇸🇦,Saudi Arabia,AFC,Saudi Arabia,1,
Saleh Al Shehri,Al Hilal Saudi,KSA 🇸🇦,Saudi Arabia,AFC,Saudi Arabia,1,
Salman Al Faraj,Al Hilal Saudi,KSA 🇸🇦,Saudi Arabia,AFC,Saudi Arabia,1,
Yasser Al Shahrani,Al Hilal Saudi,KSA 🇸🇦,Saudi Arabia,AFC,Saudi Arabia,1,
Abdullah Otayf,Al Hilal Saudi,KSA 🇸🇦,Saudi Arabia,AFC,Saudi Arabia,1,
Mohammed Al Breik,Al Hilal Saudi,KSA 🇸🇦,Saudi Arabia,AFC,Saudi Arabia,1,
Mohamed Kanno,Al Hilal Saudi,KSA 🇸🇦,Saudi Arabia,AFC,Saudi Arabia,1,
Saud Abdulhamid,Al Hilal Saudi,KSA 🇸🇦,Saudi Arabia,AFC,Saudi Arabia,1,
Ali Al Bulaihi,Al Hilal Saudi,KSA 🇸🇦,Saudi Arabia,AFC,Saudi Arabia,1,
Mohammed Al Owais,Al Hilal Saudi,KSA 🇸🇦,Saudi Arabia,AFC,Saudi Arabia,1,
Abdulellah Al Malki,Al Hilal Saudi,KSA 🇸🇦,Saudi Arabia,AFC,Saudi Arabia,1,
Nasser Al Dawsari,Al Hilal Saudi,KSA 🇸🇦,Saudi Arabia,AFC,Saudi Arabia,1,
Sami Al Najei,Al Nassr Saudi,KSA 🇸🇦,Saudi Arabia,AFC,Saudi Arabia,1,
Abdulelah Al Amri,Al Nassr Saudi,KSA 🇸🇦,Saudi Arabia,AFC,Saudi Arabia,1,
Ali Al Hassan,Al Nassr Saudi,KSA 🇸🇦,Saudi Arabia,AFC,Saudi Arabia,1,
Abdullah Madu,Al Nassr Saudi,KSA 🇸🇦,Saudi Arabia,AFC,Saudi Arabia,1,
Sultan Al Ghannam,Al Nassr Saudi,KSA 🇸🇦,Saudi Arabia,AFC,Saudi Arabia,1,
Nawaf Al Aqidi,Al Nassr Saudi,KSA 🇸🇦,Saudi Arabia,AFC,Saudi Arabia,1,
Abdulrahman Al Aboud,Al Ittihad,KSA 🇸🇦,Saudi Arabia,AFC,Saudi Arabia,1,
Haitham Asiri,Al Ahli Saudi,KSA 🇸🇦,Saudi Arabia,AFC,Saudi Arabia,1,
Mohammed Al Rubaie,Al Ahli Saudi,KSA 🇸🇦,Saudi Arabia,AFC,Saudi Arabia,1,
Nawaf Al Abed,Al Shabab Riyadh,KSA 🇸🇦,Saudi Arabia,AFC,Saudi Arabia,1,
Hattan Bahebri,Al Shabab Riyadh,KSA 🇸🇦,Saudi Arabia,AFC,Saudi Arabia,1,
Hassan Tambakti,Al Shabab Riyadh,KSA 🇸🇦,Saudi Arabia,AFC,Saudi Arabia,1,
Firas Al Buraikan,Al Fateh Al Hasa,KSA 🇸🇦,Saudi Arabia,AFC,Saudi Arabia,1,
Riyadh Sharahili,Abha Club,KSA 🇸🇦,Saudi Arabia,AFC,Saudi Arabia,1,
Kim Seung gyu,Al Shabab Riyadh,KSA 🇸🇦,Saudi Arabia,AFC,South Korea,1,
Naïm Sliti,Al Ettifaq,KSA 🇸🇦,Saudi Arabia,AFC,Tunisia,1,
Taha Yassine Khenissi,Al Kuwait,KUW 🇰🇼,Kuwait,AFC,Tunisia,1,
Bilel Ifa,Al Kuwait,KUW 🇰🇼,Kuwait,AFC,Tunisia,1,
Yahya Jabrane,Wydad Casablanca,MAR 🇲🇦,Morocco,CAF,Morocco,1,
Yahia Attiyat Allah,Wydad Casablanca,MAR 🇲🇦,Morocco,CAF,Morocco,1,
Ahmed Reda Tagnaouti,Wydad Casablanca,MAR 🇲🇦,Morocco,CAF,Morocco,1,
Dani Alves,Pumas UNAM,MEX 🇲🇽,Mexico,CONCACAF,Brazil,1,
Joel Campbell,León,MEX 🇲🇽,Mexico,CONCACAF,Costa Rica,1,
Michael Estrada,Cruz Azul,MEX 🇲🇽,Mexico,CONCACAF,Ecuador,1,
Ángel Mena,León,MEX 🇲🇽,Mexico,CONCACAF,Ecuador,1,
Romario Ibarra,Pachuca,MEX 🇲🇽,Mexico,CONCACAF,Ecuador,1,
Ayrton Preciado,Santos Laguna,MEX 🇲🇽,Mexico,CONCACAF,Ecuador,1,
Félix Torres,Santos Laguna,MEX 🇲🇽,Mexico,CONCACAF,Ecuador,1,
Henry Martín,América,MEX 🇲🇽,Mexico,CONCACAF,Mexico,1,
Néstor Araujo,América,MEX 🇲🇽,Mexico,CONCACAF,Mexico,1,
Guillermo Ochoa,América,MEX 🇲🇽,Mexico,CONCACAF,Mexico,1,
Héctor Moreno,Monterrey,MEX 🇲🇽,Mexico,CONCACAF,Mexico,1,
Rogelio Funes Mori,Monterrey,MEX 🇲🇽,Mexico,CONCACAF,Mexico,1,
Luis Romo,Monterrey,MEX 🇲🇽,Mexico,CONCACAF,Mexico,1,
César Montes,Monterrey,MEX 🇲🇽,Mexico,CONCACAF,Mexico,1,
Jesús Gallardo,Monterrey,MEX 🇲🇽,Mexico,CONCACAF,Mexico,1,
Uriel Antuna,Cruz Azul,MEX 🇲🇽,Mexico,CONCACAF,Mexico,1,
Carlos Rodríguez,Cruz Azul,MEX 🇲🇽,Mexico,CONCACAF,Mexico,1,
Rodolfo Cota,León,MEX 🇲🇽,Mexico,CONCACAF,Mexico,1,
Luis Chávez,Pachuca,MEX 🇲🇽,Mexico,CONCACAF,Mexico,1,
Kevin Álvarez,Pachuca,MEX 🇲🇽,Mexico,CONCACAF,Mexico,1,
Alexis Vega,Guadalajara,MEX 🇲🇽,Mexico,CONCACAF,Mexico,1,
Roberto Alvarado,Guadalajara,MEX 🇲🇽,Mexico,CONCACAF,Mexico,1,
Alfredo Talavera,FC Juárez,MEX 🇲🇽,Mexico,CONCACAF,Mexico,1,
Axel Disasi,AS Monaco,MON 🇲🇨,Monaco,UEFA,France,1,
Youssouf Fofana,AS Monaco,MON 🇲🇨,Monaco,UEFA,France,1,
Takumi Minamino,AS Monaco,MON 🇲🇨,Monaco,UEFA,Japan,1,
Krépin Diatta,AS Monaco,MON 🇲🇨,Monaco,UEFA,Senegal,1,
Ismail Jakobs,AS Monaco,MON 🇲🇨,Monaco,UEFA,Senegal,1,
Breel Embolo,AS Monaco,MON 🇲🇨,Monaco,UEFA,Switzerland,1,
Mohammed Kudus,Ajax,NED 🇳🇱,Netherlands,UEFA,Ghana,1,
Alireza Jahanbakhsh,Feyenoord,NED 🇳🇱,Netherlands,UEFA,Iran,1,
Edson Álvarez,Ajax,NED 🇳🇱,Netherlands,UEFA,Mexico,1,
Jorge Sánchez,Ajax,NED 🇳🇱,Netherlands,UEFA,Mexico,1,
Érick Gutiérrez,PSV Eindhoven,NED 🇳🇱,Netherlands,UEFA,Mexico,1,
Davy Klaassen,Ajax,NED 🇳🇱,Netherlands,UEFA,Netherlands,1,
Steven Bergwijn,Ajax,NED 🇳🇱,Netherlands,UEFA,Netherlands,1,
Daley Blind,Ajax,NED 🇳🇱,Netherlands,UEFA,Netherlands,1,
Steven Berghuis,Ajax,NED 🇳🇱,Netherlands,UEFA,Netherlands,1,
Remko Pasveer,Ajax,NED 🇳🇱,Netherlands,UEFA,Netherlands,1,
Jurriën Timber,Ajax,NED 🇳🇱,Netherlands,UEFA,Netherlands,1,
Kenneth Taylor,Ajax,NED 🇳🇱,Netherlands,UEFA,Netherlands,1,
Luuk de Jong,PSV Eindhoven,NED 🇳🇱,Netherlands,UEFA,Netherlands,1,
Cody Gakpo,PSV Eindhoven,NED 🇳🇱,Netherlands,UEFA,Netherlands,1,
Xavi Simons,PSV Eindhoven,NED 🇳🇱,Netherlands,UEFA,Netherlands,1,
Justin Bijlow,Feyenoord,NED 🇳🇱,Netherlands,UEFA,Netherlands,1,
Andries Noppert,sc Heerenveen,NED 🇳🇱,Netherlands,UEFA,Netherlands,1,
Sebastian Szymański,Feyenoord,NED 🇳🇱,Netherlands,UEFA,Poland,1,
Dušan Tadić,Ajax,NED 🇳🇱,Netherlands,UEFA,Serbia,1,
Artur Jędrzejczyk,Legia Warszawa,POL 🇵🇱,Poland,UEFA,Poland,1,
Michał Skóraś,KKS Lech Poznań,POL 🇵🇱,Poland,UEFA,Poland,1,
Kamil Grosicki,Pogoń,POL 🇵🇱,Poland,UEFA,Poland,1,
Filip Mladenović,Legia Warszawa,POL 🇵🇱,Poland,UEFA,Serbia,1,
Nicolás Otamendi,Benfica,POR 🇵🇹,Portugal,UEFA,Argentina,1,
Enzo Fernández,Benfica,POR 🇵🇹,Portugal,UEFA,Argentina,1,
Stephen Eustáquio,FC Porto,POR 🇵🇹,Portugal,UEFA,Canada,1,
Steven Vitória,Chaves,POR 🇵🇹,Portugal,UEFA,Canada,1,
Alexander Bah,Benfica,POR 🇵🇹,Portugal,UEFA,Denmark,1,
Abdul Fatawu Issahaku,Sporting CP,POR 🇵🇹,Portugal,UEFA,Ghana,1,
Mehdi Taremi,FC Porto,POR 🇵🇹,Portugal,UEFA,Iran,1,
Hidemasa Morita,Sporting CP,POR 🇵🇹,Portugal,UEFA,Japan,1,
Diogo Costa,FC Porto,POR 🇵🇹,Portugal,UEFA,Portugal,1,
Pepe,FC Porto,POR 🇵🇹,Portugal,UEFA,Portugal,1,
Otávio,FC Porto,POR 🇵🇹,Portugal,UEFA,Portugal,1,
João Mário,Benfica,POR 🇵🇹,Portugal,UEFA,Portugal,1,
Gonçalo Ramos,Benfica,POR 🇵🇹,Portugal,UEFA,Portugal,1,
António Silva,Benfica,POR 🇵🇹,Portugal,UEFA,Portugal,1,
Ricardo Horta,SC Braga,POR 🇵🇹,Portugal,UEFA,Portugal,1,
Marko Grujić,FC Porto,POR 🇵🇹,Portugal,UEFA,Serbia,1,
Uroš Račić,SC Braga,POR 🇵🇹,Portugal,UEFA,Serbia,1,
Sebastián Coates,Sporting CP,POR 🇵🇹,Portugal,UEFA,Uruguay,1,
Manuel Ugarte,Sporting CP,POR 🇵🇹,Portugal,UEFA,Uruguay,1,
André Ayew,Al Sadd,QAT 🇶🇦,Qatar,AFC,Ghana,1,
Hossein Kanaanizadegan,Al Ahli Doha,QAT 🇶🇦,Qatar,AFC,Iran,1,
Shojae Khalilzadeh,Al Ahli Doha,QAT 🇶🇦,Qatar,AFC,Iran,1,
Badr Benoun,Qatar SC,QAT 🇶🇦,Qatar,AFC,Morocco,1,
Almoez Ali,Al Duhail,QAT 🇶🇦,Qatar,AFC,Qatar,1,
Mohammed Muntari,Al Duhail,QAT 🇶🇦,Qatar,AFC,Qatar,1,
Karim Boudiaf,Al Duhail,QAT 🇶🇦,Qatar,AFC,Qatar,1,
Ismaeel Mohammad,Al Duhail,QAT 🇶🇦,Qatar,AFC,Qatar,1,
Bassam Al Rawi,Al Duhail,QAT 🇶🇦,Qatar,AFC,Qatar,1,
Assim Madibo,Al Duhail,QAT 🇶🇦,Qatar,AFC,Qatar,1,
Hassan Al Haydos,Al Sadd,QAT 🇶🇦,Qatar,AFC,Qatar,1,
Akram Afif,Al Sadd,QAT 🇶🇦,Qatar,AFC,Qatar,1,
Boualem Khoukhi,Al Sadd,QAT 🇶🇦,Qatar,AFC,Qatar,1,
Abdelkarim Hassan,Al Sadd,QAT 🇶🇦,Qatar,AFC,Qatar,1,
Ali Assadalla,Al Sadd,QAT 🇶🇦,Qatar,AFC,Qatar,1,
Ró Ró,Al Sadd,QAT 🇶🇦,Qatar,AFC,Qatar,1,
Saad Al Sheeb,Al Sadd,QAT 🇶🇦,Qatar,AFC,Qatar,1,
Musab Kheder,Al Sadd,QAT 🇶🇦,Qatar,AFC,Qatar,1,
Salem Al Hajri,Al Sadd,QAT 🇶🇦,Qatar,AFC,Qatar,1,
Tarek Salman,Al Sadd,QAT 🇶🇦,Qatar,AFC,Qatar,1,
Meshaal Barsham,Al Sadd,QAT 🇶🇦,Qatar,AFC,Qatar,1,
Mohammed Waad,Al Sadd,QAT 🇶🇦,Qatar,AFC,Qatar,1,
Mostafa Meshaal,Al Sadd,QAT 🇶🇦,Qatar,AFC,Qatar,1,
Abdulaziz Hatem,Al Rayyan,QAT 🇶🇦,Qatar,AFC,Qatar,1,
Naif Al Hadhrami,Al Rayyan,QAT 🇶🇦,Qatar,AFC,Qatar,1,
Ahmed Alaaeldin,Al Gharafa,QAT 🇶🇦,Qatar,AFC,Qatar,1,
Homam Ahmed,Al Gharafa,QAT 🇶🇦,Qatar,AFC,Qatar,1,
Yousef Hassan,Al Gharafa,QAT 🇶🇦,Qatar,AFC,Qatar,1,
Khalid Muneer,Al Wakrah,QAT 🇶🇦,Qatar,AFC,Qatar,1,
Jassem Gaber,Al Arabi,QAT 🇶🇦,Qatar,AFC,Qatar,1,
Jung Woo young,Al Sadd,QAT 🇶🇦,Qatar,AFC,South Korea,1,
Ferjani Sassi,Al Duhail,QAT 🇶🇦,Qatar,AFC,Tunisia,1,
Youssef Msakni,Al Arabi,QAT 🇶🇦,Qatar,AFC,Tunisia,1,
Moumi Ngamaleu,FC Dinamo Moskva,RUS 🇷🇺,Russia,UEFA,Cameroon,1,
Dejan Lovren,FC Zenit,RUS 🇷🇺,Russia,UEFA,Croatia,1,
Aaron Mooy,Celtic,SCO 🇬🇧,Scotland,UEFA,Australia,1,
Cameron Devlin,Heart of Midlothian,SCO 🇬🇧,Scotland,UEFA,Australia,1,
Kye Rowles,Heart of Midlothian,SCO 🇬🇧,Scotland,UEFA,Australia,1,
Nathaniel Atkinson,Heart of Midlothian,SCO 🇬🇧,Scotland,UEFA,Australia,1,
Aziz Behich,Dundee United,SCO 🇬🇧,Scotland,UEFA,Australia,1,
Keanu Baccus,St. Miren,SCO 🇬🇧,Scotland,UEFA,Australia,1,
David Wotherspoon,St Johnstone,SCO 🇬🇧,Scotland,UEFA,Canada,1,
Josip Juranović,Celtic,SCO 🇬🇧,Scotland,UEFA,Croatia,1,
Borna Barišić,Rangers,SCO 🇬🇧,Scotland,UEFA,Croatia,1,
Daizen Maeda,Celtic,SCO 🇬🇧,Scotland,UEFA,Japan,1,
Cameron Carter Vickers,Celtic,SCO 🇬🇧,Scotland,UEFA,USA,1,
Dylan Levitt,Dundee United,SCO 🇬🇧,Scotland,UEFA,Wales,1,
Milan Borjan,Crvena Zvezda,SRB 🇷🇸,Serbia,UEFA,Canada,1,
Osman Bukari,Crvena Zvezda,SRB 🇷🇸,Serbia,UEFA,Ghana,1,
Strahinja Eraković,Crvena Zvezda,SRB 🇷🇸,Serbia,UEFA,Serbia,1,
Jean Pierre Nsame,Young Boys,SUI 🇨🇭,Switzerland,UEFA,Cameroon,1,
Liam Millar,Basel 1893,SUI 🇨🇭,Switzerland,UEFA,Canada,1,
Lawrence Ati Zigi,FC St Gallen,SUI 🇨🇭,Switzerland,UEFA,Ghana,1,
Fabian Frei,Basel 1893,SUI 🇨🇭,Switzerland,UEFA,Switzerland,1,
Christian Fassnacht,Young Boys,SUI 🇨🇭,Switzerland,UEFA,Switzerland,1,
Fabian Rieder,Young Boys,SUI 🇨🇭,Switzerland,UEFA,Switzerland,1,
Renato Steffen,FC Lugano,SUI 🇨🇭,Switzerland,UEFA,Switzerland,1,
Ardon Jashari,FC Luzern,SUI 🇨🇭,Switzerland,UEFA,Switzerland,1,
Mohamed Dräger,FC Luzern,SUI 🇨🇭,Switzerland,UEFA,Tunisia,1,
Yassine Meriah,Espérance ST,TUN 🇹🇳,Tunisia,CAF,Tunisia,1,
Ghailene Chaalali,Espérance ST,TUN 🇹🇳,Tunisia,CAF,Tunisia,1,
Mohamed Ali Ben Romdhane,Espérance ST,TUN 🇹🇳,Tunisia,CAF,Tunisia,1,
Aymen Mathlouthi,Étoile du Sahel,TUN 🇹🇳,Tunisia,CAF,Tunisia,1,
Aymen Dahmen,CS Sfaxien,TUN 🇹🇳,Tunisia,CAF,Tunisia,1,
Bechir Ben Saïd,US Monastir,TUN 🇹🇳,Tunisia,CAF,Tunisia,1,
Nader Ghandri,Club Africain,TUN 🇹🇳,Tunisia,CAF,Tunisia,1,
Mouez Hassen,Club Africain,TUN 🇹🇳,Tunisia,CAF,Tunisia,1,
Michy Batshuayi,Fenerbahçe SK,TUR 🇹🇷,Turkey,UEFA,Belgium,1,
Dries Mertens,Galatasaray AŞ,TUR 🇹🇷,Turkey,UEFA,Belgium,1,
Georges Kévin Nkoudou,Beşiktaş JK,TUR 🇹🇷,Turkey,UEFA,Cameroon,1,
Atiba Hutchinson,Beşiktaş JK,TUR 🇹🇷,Turkey,UEFA,Canada,1,
Sam Adekugbe,Hatayspor,TUR 🇹🇷,Turkey,UEFA,Canada,1,
Francisco Calvo,Konyaspor,TUR 🇹🇷,Turkey,UEFA,Costa Rica,1,
Jens Stryger Larsen,Trabzonspor AŞ,TUR 🇹🇷,Turkey,UEFA,Denmark,1,
Victor Nelsson,Galatasaray AŞ,TUR 🇹🇷,Turkey,UEFA,Denmark,1,
Enner Valencia,Fenerbahçe SK,TUR 🇹🇷,Turkey,UEFA,Ecuador,1,
Ali Karimi,Kayserispor,TUR 🇹🇷,Turkey,UEFA,Iran,1,
Majid Hosseini,Kayserispor,TUR 🇹🇷,Turkey,UEFA,Iran,1,
Romain Saïss,Beşiktaş JK,TUR 🇹🇷,Turkey,UEFA,Morocco,1,
Wout Weghorst,Beşiktaş JK,TUR 🇹🇷,Turkey,UEFA,Netherlands,1,
Famara Diédhiou,Alanyaspor,TUR 🇹🇷,Turkey,UEFA,Senegal,1,
Haris Seferovic,Galatasaray AŞ,TUR 🇹🇷,Turkey,UEFA,Switzerland,1,
Maxi Gómez,Trabzonspor AŞ,TUR 🇹🇷,Turkey,UEFA,Uruguay,1,
Fernando Muslera,Galatasaray AŞ,TUR 🇹🇷,Turkey,UEFA,Uruguay,1,
Lucas Torreira,Galatasaray AŞ,TUR 🇹🇷,Turkey,UEFA,Uruguay,1,
Haji Wright,Antalyaspor,TUR 🇹🇷,Turkey,UEFA,USA,1,
Ahmad Nourollahi,Shabab Al Ahli Dubai,UAE 🇦🇪,United Arab Emirates,AFC,Iran,1,
Luis Suárez,Nacional Montevideo,URU 🇺🇾,Uruguay,CONMEBOL,Uruguay,1,
Sergio Rochet,Nacional Montevideo,URU 🇺🇾,Uruguay,CONMEBOL,Uruguay,1,
José Luis Rodríguez,Nacional Montevideo,URU 🇺🇾,Uruguay,CONMEBOL,Uruguay,1,
Thiago Almada,Atlanta United,USA 🇺🇸,United States,CONCACAF,Argentina,1,
Miloš Degenek,Columbus Crew SC,USA 🇺🇸,United States,CONCACAF,Australia,1,
Nouhou Tolo,Seattle Sounders,USA 🇺🇸,United States,CONCACAF,Cameroon,1,
Olivier Mbaizo,Philadelphia Union,USA 🇺🇸,United States,CONCACAF,Cameroon,1,
Dayne St. Clair,Minnesota United,USA 🇺🇸,United States,CONCACAF,Canada,1,
Daniel Chacón,Colorado Rapids,USA 🇺🇸,United States,CONCACAF,Costa Rica,1,
Bryan Oviedo,Real Salt Lake,USA 🇺🇸,United States,CONCACAF,Costa Rica,1,
Rónald Matarrita,FC Cincinnati,USA 🇺🇸,United States,CONCACAF,Costa Rica,1,
Xavier Arreaga,Seattle Sounders,USA 🇺🇸,United States,CONCACAF,Ecuador,1,
Sebas Méndez,Los Angeles,USA 🇺🇸,United States,CONCACAF,Ecuador,1,
José Cifuentes,Los Angeles,USA 🇺🇸,United States,CONCACAF,Ecuador,1,
Diego Palacios,Los Angeles,USA 🇺🇸,United States,CONCACAF,Ecuador,1,
Héctor Herrera,Houston Dynamo,USA 🇺🇸,United States,CONCACAF,Mexico,1,
Karol Świderski,Charlotte,USA 🇺🇸,United States,CONCACAF,Poland,1,
Xherdan Shaqiri,Chicago Fire,USA 🇺🇸,United States,CONCACAF,Switzerland,1,
Facundo Torres,Orlando City SC,USA 🇺🇸,United States,CONCACAF,Uruguay,1,
Martín Cáceres,Los Angeles Galaxy,USA 🇺🇸,United States,CONCACAF,Uruguay,1,
Jordan Morris,Seattle Sounders,USA 🇺🇸,United States,CONCACAF,USA,1,
Cristian Roldan,Seattle Sounders,USA 🇺🇸,United States,CONCACAF,USA,1,
Sean Johnson,New York City,USA 🇺🇸,United States,CONCACAF,USA,1,
Aaron Long,New York Red Bulls,USA 🇺🇸,United States,CONCACAF,USA,1,
Kellyn Acosta,Los Angeles,USA 🇺🇸,United States,CONCACAF,USA,1,
Jesús Ferreira,FC Dallas,USA 🇺🇸,United States,CONCACAF,USA,1,
Walker Zimmerman,Nashville SC,USA 🇺🇸,United States,CONCACAF,USA,1,
Shaq Moore,Nashville SC,USA 🇺🇸,United States,CONCACAF,USA,1,
DeAndre Yedlin,Inter Miami CF,USA 🇺🇸,United States,CONCACAF,USA,1,
Gareth Bale,Los Angeles,USA 🇺🇸,United States,CONCACAF,Wales,1,
Olivier Ntcham,Swansea City,WAL 🇬🇧,Wales,UEFA,Cameroon,1,
Joe Allen,Swansea City,WAL 🇬🇧,Wales,UEFA,Wales,1,
Ben Cabango,Swansea City,WAL 🇬🇧,Wales,UEFA,Wales,1,
Rubin Colwill,Cardiff City,WAL 🇬🇧,Wales,UEFA,Wales,1,
Mark Harris,Cardiff City,WAL 🇬🇧,Wales,UEFA,Wales,1,