original archive,title,safe title,javascript file,data files
001_malaysia-direct-investment-abroad-dia-by-sector.tgz,Malaysia Direct Investment Abroad DIA by Sector,malaysia_direct_investment_abroad_dia_by_sector,malaysia_direct_investment_abroad_dia_by_sector.js,files/e31ba05813a942683c3a2eb4e0669cf8cc18f6285b4c2feebd2e249240f26c3877a184a99360dcb8211d62642d689c96e35456abee56ba700ef1fa7989043719.csv
002_3219ba596e39def0.tgz,ARBES,arbes,arbes.js,files/3f00dd076acdf1ff6b5ecb2f0618b0ebb3941f23e744a3c6b2b49f736849122b66ccec1b3b46916190c13d3054c510f5b7e786eaeaa9234d8acfb50e7dadb789.csv; files/c2589633280e7a8ad7e48b7da8c6f7fc4e62b91046b12187d91c198eff2bc6b82847fab290cd61e79686a598102fb81a027de0f06a35b159020410d6b3c692ff.csv
003_8b399ebd64b32c43.tgz,Child Poverty in California,child_poverty_in_california,child_poverty_in_california.js,
004_641fe2058221d34b.tgz,IA commentary July 2023,ia_commentary_july_2023,ia_commentary_july_2023.js,files/69f09c9bfc20a238296ee6ef0c63eb805d711b43d7e39c930cba7712d6dadab00088f4178a4b58110e45cd876be74a3ce0fa8951ba80091299ae346407274c29.csv
005_malaysia-total-trade-with-world.tgz,Malaysia Total Trade with World,malaysia_total_trade_with_world,malaysia_total_trade_with_world.js,files/0feeeace7bd35a9bfff9ec703c398a6dbd4889e0dd92e677ac33457e1e669158cff61dd3b8cd40bcb1a42095497380708e68f3f5e9cb88fa58b5d8b6ef781a17.csv
006_1a6221c15c98cf2c.tgz,International Merchandise Trade Malaysia and ASEAN,international_merchandise_trade_malaysia_and_asean,international_merchandise_trade_malaysia_and_asean.js,files/fc5a32c324e1f14e69876f73c6c4c468a2649fef8437d1542170707fd0e07a0eaf27b7a75f69df003d78e39c8b12a2e61e0d051d1830996a5b0a15d638c904b7.csv
007_1b9b8c753e96b9fc.tgz,How Many Members of the US Military Have Died in Each War?,how_many_members_of_the_us_military_have_died_in_each_war,how_many_members_of_the_us_military_have_died_in_each_war.js,files/94917c9c4468ce04221c11c44871a8af76add0d9250ca3fead3a37a738a077c85429ac3cf7ea3cb63feef81d6151addac659314f6efbb3f211566b9dbd93dbe9.csv
008_f792e00c5ceb4b87.tgz,"Percent of D.C. Workers Who Are Immigrants, by Occupation",percent_of_dc_workers_who_are_immigrants_by_occupation,percent_of_dc_workers_who_are_immigrants_by_occupation.js,files/899584d54db2b20a3c2bbae35b5a9636cb3303fb65fef5daa2a9ee27c361ae00397d8206a8c9beae7926ac5ad7d8f072ed12e2b53bdddd331fa13c502b0969f3.csv
009_6e96a3d9f17cec90.tgz,Zillow Home Value Index,zillow_home_value_index,zillow_home_value_index.js,
010_0a4f80329c243889.tgz,Cotton,cotton,cotton.js,files/659e068baf38f1c566609a24afc764ea7d41c11e1d5be3c9ac308014353f615ffff342f90404ffab1a13b0fe19472a0e43c44ce8aa05172751cc2654db4328b3.csv
011_cannabis-exposure.tgz,cannabis exposure,cannabis_exposure,cannabis_exposure.js,files/0b10478d2fdc6ebab0ea43f6bb79beadba6d3c4cb4fc8466f79eccd55646fcd048254c229b67c4f981e1c58a62dd2e75f0b88f24fe30d6eb6523aaa1b843ed34.csv
012_health-data-bar-1.tgz,health data bar 1,health_data_bar_1,health_data_bar_1.js,files/4d979e6b89f18f96833d58be7b56ff2d699c4ac47ac91776f85ea280021843a91aadc6d0385200dd1e2bfc597773f2c0a8903f219d78de5b8693675cffccefec.csv
013_data-health-bar-2.tgz,data health bar 2,data_health_bar_2,data_health_bar_2.js,files/4d979e6b89f18f96833d58be7b56ff2d699c4ac47ac91776f85ea280021843a91aadc6d0385200dd1e2bfc597773f2c0a8903f219d78de5b8693675cffccefec.csv
014_4c1fb232cc0eea23.tgz,Traffic-citations,traffic_citations,traffic_citations.js,files/1d58678cdf1d2e9ebec37ee121a7a31f873d96d21ba81108b037f86c2bf84975b9f4c704e440d4cd3d01b70c5c0e28c6613348150b6fd5e740f69d6ee7b98ccf.csv
015_3098f13198ef0232.tgz,Play space,play_space,play_space.js,files/5f3d441fafb7a52a6293871a6d36386af404d712ea79b3700371a56945d735660e0f29bb138a54219bd919b6f1ebfaf58296ad6ff73a46e5d29cd1436581ac90.csv
016_6187ecada738db22.tgz,United States County-to-county Migration,united_states_county_to_county_migration,united_states_county_to_county_migration.js,files/dac4ba99547aa823c17b10eb70f8eb3a166c87a09b299cd645aae6459b6ecb0781701fe1cf6d4c0cb94d53d3e550f199c180f9da202814eef73ddf83984d5776.json
017_us-gdp.tgz,US GDP,us_gdp,us_gdp.js,files/0bb41aa56de1cbec15e314e316de91ffa0b5b96a769d6ea9cbe24ee0952cc2a1ff1f48e8da2207ccd2051de881e54bed7199db755279df14e1d54b0aa89e5056.csv
018_zoomable-sunburst.tgz,Zoomable sunburst,zoomable_sunburst,zoomable_sunburst.js,files/e65374209781891f37dea1e7a6e1c5e020a3009b8aedf113b4c80942018887a1176ad4945cf14444603ff91d3da371b3b0d72419fa8d2ee0f6e815732475d5de.json
019_world-cup-2022-circle.tgz,World Cup 2022 Circle,world_cup_2022_circle,world_cup_2022_circle.js,files/6617724f990b5f1c007c278726905f6fe9b5c5d8a2cc4f7024119da97c10ed116683e7b53b444250d545f707b41371f77290f20dc712284d0b534d7b9632176b.csv
020_chelsea-transfer-fee.tgz,Chelsea Transfer Fee,chelsea_transfer_fee,chelsea_transfer_fee.js,
021_premier-league-managers.tgz,Premier League Managers,premier_league_managers,premier_league_managers.js,files/5891584cae7a9fcc659cf8dbea8828ccbe7a55286f2142971c6890b71810667ccac5e7c58c1e309fc44e044c3a7f306e2a48fbb007ec31c6b2cb4e0316921b7d.csv; files/ffa2463df81101a4f64d17bca9d6c40a8406193c1ae7b8f1c3f368371e017ec3562522855d9853227274700e0a18054e3d7207b32db77b10147ac042f810fb74.csv
022_5de35404b35deed8.tgz,Indented tree,indented_tree,indented_tree.js,files/320319adbe9bc55f48decd5ac50240eb20a281129a3bf74dddec2e06cc751f75332ed152518f30160e9764e5aaf3343df10987252d7a41c1e912681dd7d1530d.json
023_32528cae2454960c.tgz,Tidy Tree,tidy_tree,tidy_tree.js,files/319d5b81375f780850b8cdc86d394924a149960bb68df92a87aa79a66bad9a6351b80b847fbebe11a41f935358dc6cf7fab54d4f509777e41488c76a52ce8e72.json
024_c9165614abc3c34d.tgz,Radial Tidy Tree,radial_tidy_tree,radial_tidy_tree.js,files/320319adbe9bc55f48decd5ac50240eb20a281129a3bf74dddec2e06cc751f75332ed152518f30160e9764e5aaf3343df10987252d7a41c1e912681dd7d1530d.json
025_e70b572f85764265.tgz,All the Flights in the World,all_the_flights_in_the_world,all_the_flights_in_the_world.js,files/5e513b2036bf7088e7380f9bee8d502fa739d80843bd227fe401e2e83222757a55d177900bf67b3057b2f644792eedb43d3d63eeb599a7f2bb1d82fca2818779.csv
026_38bdda2b7caf6e02.tgz,How Old Are Recent Newlyweds?,how_old_are_recent_newlyweds,how_old_are_recent_newlyweds.js,files/cac2ee1e29183483275c0f85667151da9cf4c6a7efdb70b5927b1a09db1130b2b1a3583eb8a7980725a830ef64b0245f13adceca1104f14f48c8dc4813f0582a.csv
027_326e00c42fc73c5d.tgz,Percent Change in Marijuana Use 2011 to 2016 by State,percent_change_in_marijuana_use_2011_to_2016_by_state,percent_change_in_marijuana_use_2011_to_2016_by_state.js,files/557c88176897163962be25555ce27c13e202dfaf51bbc751cd53f0ab9a2a977a987a299012df67d3b0416e31bfb2a4516f90e567484401714d08ff3d67fcc934.csv
028_b787bc7974e1f0b2.tgz,Percent Change in Past Year Cocaine Use 2011 -2016 by state,percent_change_in_past_year_cocaine_use_2011_2016_by_state,percent_change_in_past_year_cocaine_use_2011_2016_by_state.js,files/68cd7c019dbac712ba1c04f245b2bf2ff011a9cc211c81441df1776234412f7771e352da7fbe676c35411cd154cfbce4273a14ba448307234806261bcd2b6fdb.csv
029_d8d343511c03acf7.tgz,Percent Change in Past Month Alcohol Use between 2011 and 2016 by State,percent_change_in_past_month_alcohol_use_between_2011_and_2016_by_state,percent_change_in_past_month_alcohol_use_between_2011_and_2016_by_state.js,files/ad86488943869abc7d203c9e5e0347e9abe21fc31451d7168eeaa3de58411df9f69228f7bfc7331ff5b383bd175b52a872e1df0891b404793f3ec25b53edf20e.csv
030_2abe767da206ed2b.tgz,Persistent poverty and high poverty U.S. counties,persistent_poverty_and_high_poverty_us_counties,persistent_poverty_and_high_poverty_us_counties.js,files/88e3b47f78683d1af0c812fc985bc795c68d6459da8ae1d7aa31a39343bb1fd90681bf3b95eb6c91217a7ef72ceccc04ddc6c2ff4208202c1fb40f67975f4298.csv
031_ad06c98b232deab5.tgz,Geography of Educational Attainment in California,geography_of_educational_attainment_in_california,geography_of_educational_attainment_in_california.js,files/762b06bdc00b4c99e2ecf1319e658c9f778a28bb99802c0cf96a34e471d717a87ee3a262cec3444a948d239e15cbda271d7870952793714b22b98c58f7102e47.csv
032_6d1c43df3a1de518.tgz,Energy Consumption Animated,energy_consumption_animated,energy_consumption_animated.js,files/2688a1d146762959222d28cb0cd8c45cd067959bd3b229887826d1565960a1d59a9ce6347202d21c4c1723d22ca670d9e10acc5d6e34f29bab236b5a7552b037.csv
033_6c81fc440235fdb4.tgz,Dublin Stats,dublin_stats,dublin_stats.js,files/c17853a64279c6ad17bf1979e9f856cae7e2b05be2954859372bf041684ed65803d67c181c68e25a6ce6585d6a53c910689a427f0c6a0dc862dc62b4d2a6d2e7.csv
034_ad1587cfc205c2f2.tgz,EHS - Public,ehs_public,ehs_public.js,files/1839bc9f85d5fccee0e93a7c8d3f8942ca3a995acf09f127404fc2ef1df0fdfad7f9312d99d79977573fea13aa17575be568ca6b8c777e4ebdaf5e7883124453.csv; files/4b05560e786692af6481f09a15f0028c7596b62bf71dab075b0ce4aefbcb812493458ea6dbebf324ef61a8a59001ddb4550796048c836176d21e7a5a81d32c5d.csv; files/efdce4bb52b7590ae0698db9cbb8bd7c5b1f8aaf82e986f6773cdd8485548d72ea719856a0e08d649b3aac6bf3f4a7a4d1002e6584bbe68cbb81573a08917419.csv
035_11cf572dd1b14ff7.tgz,Homicide Rates,homicide_rates,homicide_rates.js,files/090b0489b61dfeb9db12c5c045ceef55cc22c9f8db9e3908a6dfcd3e60b68518866a951ca103e0b71dc0c96a8839a4a6f4ddbe5903a432066cd77ab4fc7d97ce.csv
036_olympic-games-medals-over-time.tgz,Olympic Games Medals over Time,olympic_games_medals_over_time,olympic_games_medals_over_time.js,files/1321d779fc9703d297ca695a37dd800e4709db0ee42ddd2b36ab1a13235ad838dfe30695ae76bda7ade60276fad63f2868eab004514a80581f2101215fdc3db3.csv
037_late-night-snacking.tgz,Late-night Snacking,late_night_snacking,late_night_snacking.js,files/a664bc64cdbe303f0e1c8757f59ed4709ae90f53f959602a9dc007706470196698ac7ab2682a54bc8b82cbb613a6ed20af141f3e0d1f0b54cc7b10f180012f04.csv; files/b02e994af693a8530db85c8522f4caabe6dd54a5cc33f63ecffd5fb8c1c6f11b2df62604335e2df1a28061f6c7deb194686d9d7f41e3b1e99fef95c7a21f2ad3.csv; files/ba24e276ab98bf5409904d7fa13c8feef0b50db8e0466f8d88012fa1d339e8faa0ff857ea78514cc52255ea8e2250b79aa817a4f4865f81a88f02ab885875c20.csv
038_939918b55e6a5108.tgz,Historical price of computer memory and storage,untitled,untitled.js,files/38df7d46e1744fcd320e148533b158cc30b339e4de6e4eae8b659de03da2e6ea54fb9788cdf8c161e2b28ec384bd8f40dc8dd4006a56f376a03e869c49588cab.csv
039_64887ee832929930.tgz,Mobile Money Accounts,mobile_money_accounts,mobile_money_accounts.js,files/2c7592d9a17176b60dcf0bf63bca5260150e83819ac69b354d5eb9a845bee7becce958843b5e1f4699394705f9fabafcb059cafadc4e5b8230ab5ad938dc581c.csv
040_6760acab97435487.tgz,Internet,internet,internet.js,files/c256f9c32d377a2292e1a55c0c2d9ba7ecb2ec5720de1e3225767a13c5a4d38290ff09fba4c20d17c86ac7707f8ce7cbdfb9a6ef89c96b5ac67bd452216cc7d0.csv
041_fdbb3d8a0cd4bd58.tgz,Medicine,medicine,medicine.js,files/638350ffe4b7e405984bb25ef7d82c1a53ffb2d89b0d91763c99eff4b55e8b221dc6c232ca921f3c595987b9da7f14b60c7e2458febfca4107fbcd0616c636bb.csv
042_1edfdbd0a0cf213a.tgz,UCR Violent Crime,ucr_violent_crime,ucr_violent_crime.js,files/36d221125c8b5a54c049d8d2baf2cf92ce4b69e788f1d89fd3b400f8907d1c66106162deb2634bcdd41f28d38fc892c419568be771265e0f5d343c9cf83c3404.csv
043_598fb95f4893d856.tgz,Stroke statistics - leading cause of death,stroke_statistics_leading_cause_of_death,stroke_statistics_leading_cause_of_death.js,files/2f7dfcb8230fce7ea2304ecd061a59156f1310aebfb3c6efe2e1c7a7a25047fd698597978dd528de8d3566301e1ed209b31e15242af6611c7444f88219ec8e03.csv; files/86765bea67e280167fa5bdaaccfec6bd5412b428b7a3270a4c87e959fc45da9acbc853f9e54e387bd3253ae7e3bac3f727e7752e97a93d4d5b82fcf33b9cade7.csv
044_fcadcfb0a70486b7.tgz,Landline Internet Subscription,landline_internet_subscription,landline_internet_subscription.js,files/d7bda27866cfccbd36e77475f505d8d95cd4e01a8121068062c0470b7431f727c1f88733397c3b013e71e061225212b51c45ba419e5faf71b122a34088880617.csv
045_c796dd26baa3c4f8.tgz,4G network,4g_network,4g_network.js,files/e16c0ada51462faafff109afbed2e18ff4c25d0be2bcc8b9361fa8ce59409f8fb15f1158b742354ea29e7204926346531b9f291b5e6ba9246e9581c36ef50e6a.csv
046_dd366878162d0d28.tgz,Who owns a phone,who_owns_a_phone,who_owns_a_phone.js,files/c256f9c32d377a2292e1a55c0c2d9ba7ecb2ec5720de1e3225767a13c5a4d38290ff09fba4c20d17c86ac7707f8ce7cbdfb9a6ef89c96b5ac67bd452216cc7d0.csv
047_d9ad549baa56a3a7.tgz,Death rate,death_rate,death_rate.js,files/dbbed817c45391c5281ce2d661dc79259aaa0d85385decf761ccf2b32e48debcea222be587ebdd03c3557ec10e71fb6b4dd4e827af0de5a05651b63e5c50b4de.csv
048_4c5f0483c5ac2bba.tgz,Countries where armed conflict happened in 2024,countries_where_armed_conflict_happened_in_2024,countries_where_armed_conflict_happened_in_2024.js,files/6fc3c43974722d64d2c840cab7be9f93ce33a8de0e55013de28c26ad201d9502589d219fbeff19a1e55a7b5f441ac19deebceb4ec7d2b0465f156793a3246a36.csv
049_8ffd349e8704e11c.tgz,Interstate and Intrastate war 2010,interstate_and_intrastate_war_2010,interstate_and_intrastate_war_2010.js,files/60cd1dbdcfc91772bb42792365e71c3a1af2fa8820e3b9b1984b8bd24e5d797d40fdc7554ff80e6d84588d9fe87fd1d536bc96635471b308579bcef419aba8ea.csv
050_65c10cfa93cada0a.tgz,Deaths from one-sided violence,deaths_from_one_sided_violence,deaths_from_one_sided_violence.js,files/5cf487d978b5f405fb1a26bedee3ee17f10608f3cb4affd8c4a7fc670bc2c1a017effd7d988067340ed89bbf618b1e5ad90832d873d525ad8187aff4f3cfab31.csv
051_a2975a8c512f9051.tgz,Deaths in interstate conflict 2024,deaths_in_interstate_conflict_2024,deaths_in_interstate_conflict_2024.js,files/88d1c719e25e4c86cdfae69526fb97c5a28cefb67c52fb19f33c27769a0c25a29a6b4ac98156bc372ac321832b71d19aa469719232feadb0dcb42764f4868d53.csv
052_53d7741e44dea574.tgz,Intrastate conflict 2024,intrastate_conflict_2024,intrastate_conflict_2024.js,files/9b416fad3fca5655780483e2ac78a63a50ad1ab2eacfd2b0ba7d7297073b195c564bc9e9c5e468e58233f29314532e008d6ec89257a12314997bf0f8c455074a.csv
053_forms-of-homelessness-included-in-available-statis.tgz,"Forms of homelessness included in available statistics, 2024",forms_of_homelessness_included_in_available_statistics_2024,forms_of_homelessness_included_in_available_statistics_2024.js,files/c61a0ecc4ab0f9ca6ca9351ef3616c38f21c3aeeaa4ccfc1d6207790eee711b7775358172894187f3584b182e17831b6691d8df57b0b4f2fb502428e8b793009.csv
054_profit-margin.tgz,Profit Margin,profit_margin,profit_margin.js,files/2d1a082b217b2a974da55868a9026d6802a18396b864eeb11b45d2c8bf418f0538384f3e974a4d6680b9c69c4c9d9b56ebd6f0c5d3ea1262641c73b35fbedb9f.csv
055_share-price-hits-new-high-amid-record-trading-volu.tgz,Share price hits new high amid record trading volume,share_price_hits_new_high_amid_record_trading_volume,share_price_hits_new_high_amid_record_trading_volume.js,files/fc2e3df4357e0379e403f016a2280e7ea0ae4b8bf21c88a6e15ceff7fc9a9f7b463bf927a19fedcf34eed9429991826664b5f818ef187a9afda5987a6376c2c3.csv
056_marketing-spend-by-channel.tgz,Marketing spend by channel,marketing_spend_by_channel,marketing_spend_by_channel.js,files/f8e3b8f7a5fec49b5829de151af20d7fcec30515e62e051674d05636b814471aa6538d9a25844baea8611d13c08e3abdb8abda3fbfeffcd9a75423a364d415c4.csv
057_social-media-influence-on-mental-health.tgz,Social media influence on mental health,social_media_influence_on_mental_health,social_media_influence_on_mental_health.js,files/f86732945408acfa0dba4317e57b8df96f4454471338dc545ffa153c3a65b828eb378fd4ac815dc6be12e7ae5cde070ceec5c0a7ae7095d69219fb51b6994037.csv
058_the-pursuit-of-happiness.tgz,The pursuit of happiness,the_pursuit_of_happiness,the_pursuit_of_happiness.js,files/a1497450fb157c5edb6972d601ffbcac176b6c7962371792e4919257656ac608ce9d3d61ed13380f1a6a039a00ebc08a91f691d287329b5f0a40102438fb8f2f.csv
059_which-regions-walk-the-least.tgz,Which regions walk the least?,which_regions_walk_the_least,which_regions_walk_the_least.js,files/2fcf69ef941ee5ea2f39be369045dd75289eec530d8c01feeb4833907e09d0265e0e2663f14c9db4a0805e7c7532d2dcaaeb350ff56092ef57dc5c474b30bf00.xlsx
060_earthquake-spikes.tgz,Earthquake spikes,earthquake_spikes,earthquake_spikes.js,files/0d56938726efbb0e8d3e505edb7e3617e1d3819259ed35039e839b76a75f835efdd115cac652305d9b98057deaa2e918af37332dc77f24de87bd06784dc2f37e.xlsx
061_fifa-ranking.tgz,Fifa ranking,fifa_ranking,fifa_ranking.js,files/d31c4fe8ec0971d06d9feeed1f28d6202b5b08f3cadb41575efc730b9741a87d4a70f45099d7bf0bba3fac19bfe2d00046dfdd3f682b4b4a8cdabdadeff7f1c2.csv
062_popup-customise.tgz,Popup customise,popup_customise,popup_customise.js,files/ee012022bf9b15e0b8b1699f5fd431ca9b75e4bec4056086e84ec8bec7ee6ae198121fcfd210cb94de937c2410827a160568fd5b3c3ecc31d51838d44f3751f4.xlsx
063_life-expectancy.tgz,Life expectancy,life_expectancy,life_expectancy.js,files/bdd33362c0c0fd8d93e91c827b5c9b7057c4a89dfb37d96c4d2a1bdf42eb4c1658bde6edd223f87300475c241f8431ac679e991e263b69d156313f2fe5683a94.csv
064_us-masters.tgz,US Masters,us_masters,us_masters.js,files/eb445e88803a91d8d435bdc282876882ca9341edd47d784c06f4155962a691c841d4406869ca9d8ebc2a829f277fe7ec01f82ef0f736847031b8e353ff371653.csv
065_6cdd365acbb8c4c3.tgz,Deaths in non-state conflicts 2024,deaths_in_non_state_conflicts_2024,deaths_in_non_state_conflicts_2024.js,files/c7146adf160dd2b01fd81505f0a46e0bc3cdcedac8efccf65edb7d5511f4eb470d84422a3038305ad49a0c00a6e169d0b3997dad01383803a12bcd0404a1c08c.csv
066_a7f11c936e3895fb.tgz,Internally displaced people due to conflict,internally_displaced_people_due_to_conflict,internally_displaced_people_due_to_conflict.js,files/9641df2443926a553152cb57e8a36df7b13c6dadcb075edd2254989231908147f1e53a8972c459b47a82c824e02c9f29e82ece3f2e8e5883172476dd2ea85617.csv
067_08a3126ef4627c80.tgz,Relative increase in mean height,relative_increase_in_mean_height,relative_increase_in_mean_height.js,files/554d11741f07237a9274f113bd8d4a89872211ca0913e0131d2e197a4aed6ff8c6be9dd96b9e8cd3541d6acf6194c47e31adcae1d1f9a79a4760d67cadce8839.csv
068_90b85d6c1bb838c5.tgz,Lifetime anxiety or depression,lifetime_anxiety_or_depression,lifetime_anxiety_or_depression.js,files/16abe5d282343cb29522db40d3cfc031842c626f490345e37f3106254c474609c4f94eb55cc27805e717cd77bc6e2afc8e06eec70f1c83037aeb19a04f2beab1.csv
069_780072d35cb6100d.tgz,Dealt with anxiety with religion,dealt_with_anxiety_with_religion,dealt_with_anxiety_with_religion.js,files/2c6d3ee136b1a954d25940eae75a49aa81c33f3b7e887903be3010523489000cbbbcee18bcdf1f3e902b1f64c14cc9622ea9fa09132f1ffed18817cb3367a1a8.csv
070_trade-chokepoints.tgz,Trade chokepoints,trade_chokepoints,trade_chokepoints.js,files/e40096aede0cadbe9aaac15ea44644728c9130cd453c0ba480a9de3e089135308de498ac04209e244b08fd1a69588312b9f3cb2da63e0feeaa269745d9cbc266.xlsx
071_swimming-race.tgz,Swimming race,swimming_race,swimming_race.js,files/f8eb148dd88752efb0f89049e1e44b2be74aad29f8c430b92f41a40a8d9285d56ae1a3d73ee139f50ab494bc943c6c9cb2858cfacfb89dfafd9505c34861117c.csv
072_year-to-date.tgz,Year-to-date,year_to_date,year_to_date.js,files/02d517bdf81be46c30b25c0665d9fb0dd985679b44a5db1a6cafb462bddde25e9501c8be28904f51bb4f92302e9fdd7c4515b29e96a5b92fd4b0535605fbe89b.csv
073_bears-will-be-boys.tgz,Bears Will Be Boys,bears_will_be_boys,bears_will_be_boys.js,files/75b689ef0b53c8d3a7beeeb695bec49ad0fd08d103e0d716af36bf146681ed6e422883ba3e725a4021e9d24c87bb29848d35010ed213846b269d1c46a2014ef4.csv
074_456e2c8beae6ca2a.tgz,Finland Tech Job Market Top Skill Demand Tracker 2024-2026,finland_tech_job_market_top_skill_demand_tracker_2024_2026,finland_tech_job_market_top_skill_demand_tracker_2024_2026.js,files/bc901d7579bac239b8dda28d27725ce749b832eda17d245ff0f1fa05a885db9642398384dc982af21a897d3fc3810472f9937b57592b67626db91b879088d335.csv
075_01c45e5b545d634b.tgz,AI Adoption and Digital Skills:evidence of a potential mismatch in 2021-2025,ai_adoption_and_digital_skillsevidence_of_a_potential_mismatch_in_2021_2025,ai_adoption_and_digital_skillsevidence_of_a_potential_mismatch_in_2021_2025.js,files/95d032deed4e5ff390745bb84185c17fde8b15a50b89abbc966f79ccf1621107d8306e182868abb64e5686593c6f3e82949c457a203c84bf7f498994d9833c9f.csv; files/eceb0e4dfaec117dbc7c65fec7c20a7898d19544ae24fd3ee9f091cfc79357606964564dc1b64f0b2756193d94e39c4f7552a0863dba872ecfeb2184a57f9b76.csv
076_d5d39f0d9ccdf508.tgz,"Uber Usage Trends in Pakistan: Bookings and Revenue, 2024–2025",uber_usage_trends_in_pakistan_bookings_and_revenue_20242025,uber_usage_trends_in_pakistan_bookings_and_revenue_20242025.js,files/2b56d5e7521181130acba24be49cdfad0edc0a8c464572fdcfe8c88a19b4580b2b55c518d0124fa1d9e970ffbc2e4afce8ead36206c4a63443dbcf4503af8f07.csv; files/ea1d154c8c153c64469697d8025cd49be857bdd3051b2d58fe2f3967829c3db2f8a7444ab15876d6b7f84a95afa0f3fbc7f7303ebb174a7f2ecaf313be3ecb74.csv
077_28125329d1b3962c.tgz,"Dealt with anxiety or depression by taking prescribed medication, 2020",dealt_with_anxiety_or_depression_by_taking_prescribed_medication_2020,dealt_with_anxiety_or_depression_by_taking_prescribed_medication_2020.js,files/f7c9fd4a4bb8d4d83ea4d3aaa8a4b671d10fc89c0d15c624d2e3c2a756140637b86095242cef2c9dcf48d7a94d1560d875d5cb7e674c3e6eee694dbcf3e0590d.csv
078_b483888d6fc93721.tgz,Dealt with anxiety or depression by talking to friends or family,dealt_with_anxiety_or_depression_by_talking_to_friends_or_family,dealt_with_anxiety_or_depression_by_talking_to_friends_or_family.js,files/2e33ceca9f1bea8e9da86f1807202d6c391e8bec217c5c993733396e47d92486d71d440f4f8dc9adc98ad18af8f267e7312230d7a624b80644b13b331432789a.csv
079_5fe3a3feff69b81e.tgz,Mental health units in general hospitals,mental_health_units_in_general_hospitals,mental_health_units_in_general_hospitals.js,files/b845dc8853218328fe8ea263fca7348e0a93c2bf25b2e1e29bbc8954ced1e9bd76900d5a59905f94af648357cecc00f3afe424282a49cd02cfee66521738de63.csv
080_36b39a284fa96a78.tgz,Perceived discomfort speaking about anxiety or depression,perceived_discomfort_speaking_about_anxiety_or_depression,perceived_discomfort_speaking_about_anxiety_or_depression.js,files/53bc0266966413ed425ae05fce42bc02ddb6c6c791ac5fb18166b5a59afb33ef61610f264620b9dcc4d7d4e8ca1dd35307e8d01c9c28a324f89ad84417500e40.csv
081_11df2922faad3446.tgz,Perceived importance of science in treating anxiety or depression,perceived_importance_of_science_in_treating_anxiety_or_depression,perceived_importance_of_science_in_treating_anxiety_or_depression.js,files/aaa154aa78b80ec657486f00319bb8cc2b53ed72bd384207e33d001df75b5aa9e31003d51fac97174023a93d1285ac50112cd46d85754d3aa21650538b39988d.csv
082_c1b1219353b490bc.tgz,"Psychiatrists per 100,000 people",psychiatrists_per_100000_people,psychiatrists_per_100000_people.js,files/bf12f7da9219f713ffdd4104630e29f1422fe3b20647f9a87dd331b1a587d05f88bbdf5c4b00f56380154218cc12d284a797d7128bc1d979547d7bbf5a1c0a15.csv
083_f0d053d6c2a9cafd.tgz,Share who know friends or family who have been anxious or depressed,share_who_know_friends_or_family_who_have_been_anxious_or_depressed,share_who_know_friends_or_family_who_have_been_anxious_or_depressed.js,files/e7d5bba238e1d21102874a5cb8419c3c132a3d62bbdc017de5772cf4a17196928c648945331580b35a1a1345bdeb060745accadc4cb05a365ef3af8a240ff6b6.csv
084_fa5ba9840d12cf5a.tgz,Share who say it's extremely important for the national government to fund research on anxiety/depression,share_who_say_its_extremely_important_for_the_national_government_to_fund_research_on_anxietydepression,share_who_say_its_extremely_important_for_the_national_government_to_fund_research_on_anxietydepression.js,files/a336ad6c1c8f0f8ac2c8fc795c2bcf69c9a6454291919d56cf5ed1d201e1901260191ac9553c1fa8433ac8df281b60feced80f680d2b4761f7fe15e0ae3cd789.csv
085_589e6865378cd7d6.tgz,Stand-alone policy or plan for mental health,stand_alone_policy_or_plan_for_mental_health,stand_alone_policy_or_plan_for_mental_health.js,files/468f7d4bab0fc13756ba61acf457575c7829bb2ea23abb04eb72129261f6d05b560a791d29be98913e4d2a110910810180ec11340cb9e6fb6f8cedb38c5ff210.csv
086_1b755d9cc2e459c3.tgz,Share of the population born in another country,share_of_the_population_born_in_another_country,share_of_the_population_born_in_another_country.js,files/dab3a788e482314179aec592b8eebefc4268e7219cebf201c0a4dce627a29c6b3c23d90fa7e48acdc07b3c95bfcd289733b5fe361071dd2a7c6c667a6b7c5cf5.csv
087_8f55c8c4ed709bb0.tgz,Birth rate and death rate,birth_rate_and_death_rate,birth_rate_and_death_rate.js,files/e229a323f2d907eb99ecd8a510236a6e289dc460b613b31d641922f6667f002c46fec78a085b9ea4342d5c3e56e080f0313246d3af1d9f073ba027b403da0a92.csv
088_8b10efa48c889ce6.tgz,Crude birth rate and death rate sweden,crude_birth_rate_and_death_rate_sweden,crude_birth_rate_and_death_rate_sweden.js,files/2559bd8cdc87ae23f88347165cf5166e2bcda86fdd1d542bfe83c91c77870b9c3f83a85695189b02be82471ba0a046a4a642accbf5e6a77f8860e059e0c16c15.csv
089_f4b19098b5c5b8cf.tgz,"World population, comparison of UN projections",world_population_comparison_of_un_projections,world_population_comparison_of_un_projections.js,files/0c69e90ec26df4577659e8d1cec8bd5a51c22ab2e1d9ac51ebf313690ddde3dc9b5c9888408e4bb6b0ad19f1c1dac8883a1046301614dd620625def87532173c.csv
090_92d24a089ca800a9.tgz,"World population, comparison of different historical sources",world_population_comparison_of_different_historical_sources,world_population_comparison_of_different_historical_sources.js,files/8abbce88679a4a7197e5a849c271f02e75acce989e279d6e3e1ed2d8e5ae1642ad143bd77d1627c4a9cc8fcbb98486168fa8f52951f247995b53c8d07274642c.csv
091_0d51678ebd9e4868.tgz,Projected change in dependency ratio depending on labor force participation,projected_change_in_dependency_ratio_depending_on_labor_force_participation,projected_change_in_dependency_ratio_depending_on_labor_force_participation.js,files/6d42f625b78a95230979484019957c58b0ee9559cfd64dd48361f89b14d705bf5a7592e38623aedee660dbcde5458bc4cf31a8c8750b718a04166846d81188d1.csv
092_d8cdfd7c918088da.tgz,Sex ratio at birth by birth order,sex_ratio_at_birth_by_birth_order,sex_ratio_at_birth_by_birth_order.js,files/8c0defb168c6452db252074aa3e8fd87804513951f61a7de7fe0706bef8aa04d8d1c0b07f550ad74b11d23ef2ccfa766a67892fca9427c24d2b95348e26ba7db.csv
093_322d3e232b20a5a7.tgz,Number of 'missing women' in the world,number_of_missing_women_in_the_world,number_of_missing_women_in_the_world.js,files/f147db20ce28dddb3ea583fda7627cf601dd46519e0e3bc8b145696e0ea1988aacf9d2361d699a87dd02c5305fb21223faf106008c6b983c2187bd41dae70a92.csv
094_42003b6f245b303f.tgz,Annual number of missing female births and excess mortality,annual_number_of_missing_female_births_and_excess_mortality,annual_number_of_missing_female_births_and_excess_mortality.js,files/ece6d3b997dfda42014e98bd6a6e97973dffaeef79ce894832479bc27c600c336b05bebcd4cee141c399a55dd4c5046acc51974d028bff9b39f8e4b7d74c4e43.csv
095_cc6add73dd00fe92.tgz,"Period versus cohort life expectancy, France",period_versus_cohort_life_expectancy_france,period_versus_cohort_life_expectancy_france.js,files/1a1248f5fbe096913f862f105795f85eeb93118e51e43c866a66a416b2a9cb681fa0af24e7dad4b933daeda7977844aa212118d21f04c22d1a65a119c4bead2f.csv
096_c34bc49d1c1849a1.tgz,Annual death rate by age group,annual_death_rate_by_age_group,annual_death_rate_by_age_group.js,files/3d3b259f3c8c657f2cf21da86beba55d73b410f3bb24eed6d811ae66f1855f1751bc7170cbfe48a2353c9437949bf92a226e224a0f7e845ec8b3f2a71f0ab7d5.csv
097_b48e3d6d668e5a4c.tgz,Country with highest female life expectancy,country_with_highest_female_life_expectancy,country_with_highest_female_life_expectancy.js,files/8253df4e3d97102c046bd1ec5da00def255a8aec6b308b3c7d5f456c81c36689286f8c95c5bae459d2f2dcfe383a1c63e0271ac2ce271e69b896dc4f5450e7a0.csv
098_d7552c4cdf662cc1.tgz,How do death rates in each age group contribute to the overall sex gap in life expectancy?,how_do_death_rates_in_each_age_group_contribute_to_the_overall_sex_gap_in_life_expectancy,how_do_death_rates_in_each_age_group_contribute_to_the_overall_sex_gap_in_life_expectancy.js,files/b46ddef49222fd79787c19e4456a9a874198b6925624432da68a80c54293c2056b3670475d4fc0e7cdd1b0be741e66d52beb9c59a9fa53c4eb394f4c83558d01.csv
099_c926160052addfb9.tgz,Modal age at death in adults,modal_age_at_death_in_adults,modal_age_at_death_in_adults.js,files/654f31c945b713b9ac50eb5493cb8c8c1e1fbbbab783f86fd4eec1f7f45d77e640699c65902f5579aea6b1d01479d09aa98b112d85a00b8ef88b7780290a036a.csv
100_d853ee793fb4ca5c.tgz,Survival ages across the population,survival_ages_across_the_population,survival_ages_across_the_population.js,files/316e0d5156e650a35f1c860d73c5f47b63461a7381f7234f63fb2dfd912df40fec5f8bafeacf06d8f25893cfc6ac09b0b2cada0ecbc8b1b74f0b56922cdb04b1.csv
101_4140584c22b75a8b.tgz,Average age of mothers at childbirth by birth order,average_age_of_mothers_at_childbirth_by_birth_order,average_age_of_mothers_at_childbirth_by_birth_order.js,files/682fcc0a63196c765fdace1eccad7546b6cf0894f1364998def5f82fd9daf2f89d6fcc06a313191e3524a37c058f296b13d48bbb8acc90d6a21c8f38abfaebec.csv
102_f23cbe05933d7078.tgz,"Average age of mothers at childbirth by mother's birth year, United States",average_age_of_mothers_at_childbirth_by_mothers_birth_year_united_states,average_age_of_mothers_at_childbirth_by_mothers_birth_year_united_states.js,files/c9250009143f77937b2cae6883537bef09627c059fdc5150e69060dc4b352961f86d60154a06ea2fc3569fe3d63e5c2af68dac7bd628e70aaf19e5d2afb88805.csv
103_1b52d2aa3cf01db1.tgz,Share of women who have had a given number of births,share_of_women_who_have_had_a_given_number_of_births,share_of_women_who_have_had_a_given_number_of_births.js,files/d89d48f040521243f86a00b4a317982ccfc07cca88c6c168d974448bf3f8b893ebb5e957bc31237e1f278c58262f80e872da6931ce80eb543ce5f1efc216e6a8.csv
104_b50ab7e321c6ccdb.tgz,Age of mothers at childbirth by mother's birth year,age_of_mothers_at_childbirth_by_mothers_birth_year,age_of_mothers_at_childbirth_by_mothers_birth_year.js,files/72da5be78ea8bf640d1e09e908811cf46846102868a6cc2736a273b8a794c4f33d9b3a36c34d6965fd1635fe3019b5f115e9feb8780e4c60975a7b3a92bc305b.csv
105_98862fae91a2837b.tgz,Cumulative fertility rate by women's birth year,cumulative_fertility_rate_by_womens_birth_year,cumulative_fertility_rate_by_womens_birth_year.js,files/68766b44c41839db42c023103a436f5617627173036e3543cdd9f29c64e540204cf4b1181458b1b37dd509574b0a0825180ec18cd26f9b6ab9e105867d3c9923.csv
106_5166a95ac88c159f.tgz,Total fertility rate vs cohort fertility rate vs tempo-adjusted total fertility rate,total_fertility_rate_vs_cohort_fertility_rate_vs_tempo_adjusted_total_fertility_rate,total_fertility_rate_vs_cohort_fertility_rate_vs_tempo_adjusted_total_fertility_rate.js,files/9560569cc2675a1168475b3e4108f61e28437460b2e9f4eeee0a7c2a3063be0d233a9d09b230ba1ba8ef8ba8769f6a058817f8582efb594214777034ef135a8c.csv
107_503afb7f94a9169f.tgz,Annual birth rate and peak birth month,annual_birth_rate_and_peak_birth_month,annual_birth_rate_and_peak_birth_month.js,files/b7d09dd92d93bf7732416e19feadff3816d9af604e121da3039510af23e3c537e69efbb058b4c2f4f3a445143719648e277b19867e825e8ee407f8c247470e1f.csv
108_528b5dcbfb99d8c6.tgz,Birth seasonality,birth_seasonality,birth_seasonality.js,files/c5223a400177c36f8f66802f80d0d732ea222f3c0aa81209d7385047815a2678a62d15150f7bb434d457b6623abb454140fe968bce6246bff48be418ea4bc903.csv
109_90c11d52c2bfe951.tgz,Peak birth month each year and the daily birth rate that month,peak_birth_month_each_year_and_the_daily_birth_rate_that_month,peak_birth_month_each_year_and_the_daily_birth_rate_that_month.js,files/bbea95cbdd37e3079ffb3b0062c467e27bbd6b0300ca1d7f1dc158bcdef7c103ce3781b9d42dd9bc7fc1650b7071ac01bfe06a6383895c4df0b4b899e9845968.csv
110_7f15489d43316c45.tgz,"Population of cities, towns and rural areas",population_of_cities_towns_and_rural_areas,population_of_cities_towns_and_rural_areas.js,files/71406cb58de5d652fa3072828fce15836b0cc89a86a8fe57219e37d24c6a43ea783ac598fa6bf5ad1b336fb9cabd3f720111c0e8e7953ea95b0d9ac99cdec103.csv
111_2bc85c650c3a8152.tgz,Number of people living in the world's largest cities,number_of_people_living_in_the_worlds_largest_cities,number_of_people_living_in_the_worlds_largest_cities.js,files/60ca0ef66adacb3d4ad267449cb46afd78e9c15fcaa639d2eb03749fb8a1ffaa472e434c96fe29e786d9f76a44975ea89da10bd0460178c34d460f2c8328eb3d.csv
112_b9ead2eadc99be08.tgz,Population density of the world's largest cities,population_density_of_the_worlds_largest_cities,population_density_of_the_worlds_largest_cities.js,files/1ba20d8ae9e30c23f773109d38583ae2152dbb99e2ae528d5409a0134fd954d6ae2cee696fe6b37695d829db3807df51e3ea58b2abca26e6558b7ea1314802b8.csv
113_2414ee1335c8187d.tgz,"Population of the world's largest cities, 1950 to 2035",population_of_the_worlds_largest_cities_1950_to_2035,population_of_the_worlds_largest_cities_1950_to_2035.js,files/56d813c5485c6699f72f0668c721b34bd29ecf1aef6a979cfec5b2a0d1fd0623131899fd1497a1757b6138a3a8653d366c648a00ff1a4868d19d2baa8f9e3b85.csv
114_da18df4887a7180e.tgz,Share of the rural and urban population with access to clean fuels for cooking,share_of_the_rural_and_urban_population_with_access_to_clean_fuels_for_cooking,share_of_the_rural_and_urban_population_with_access_to_clean_fuels_for_cooking.js,files/40e1d983eb294ec8cda71a43d19b26d0bbfc0a9a53d4d0270af51197d71abea455079fda7cac5421343305b5ffa28d518537fbb7f53e526b865706b7571634f3.csv
115_12bfeaa94b53f7f1.tgz,Share of the urban and rural population using safely managed drinking water,share_of_the_urban_and_rural_population_using_safely_managed_drinking_water,share_of_the_urban_and_rural_population_using_safely_managed_drinking_water.js,files/90fed9b5fb3c05c9018359122b95fc8465f2351f18defd561da43e2f5630e2d189070dcf7fe15b084041d01b87a403fadd241736f60afb26b5c68f3cd5f1ddf0.csv
116_53d1b4690a751951.tgz,"Antibiotic use in livestock, 2020",antibiotic_use_in_livestock_2020,antibiotic_use_in_livestock_2020.js,files/ab314c3164ac2b1b223d43500846820601a37b03a71451f05bbf41de5a9f48ac4a518964f1d5858a9e83be3d8d3b17911f2fc164c85e73193ad40f54c56fd72e.csv
117_ef9c461497a97a5d.tgz,Antibiotic use in livestock per kilogram of meat product,antibiotic_use_in_livestock_per_kilogram_of_meat_product,antibiotic_use_in_livestock_per_kilogram_of_meat_product.js,files/8e02de4afeeb09cc81ea1edb4853da6df9df14fc4e594399051970ea61a2905f797709bd86493b49ef380905d80e3c05ce7d68a135d8f52fa8499d96e7ad8705.csv
118_6b6283867644b9dd.tgz,Consumption of oral antibiotics by type,consumption_of_oral_antibiotics_by_type,consumption_of_oral_antibiotics_by_type.js,files/c439905bfae334c5851823e518333a402985e955f12ad72ed6b0d1e1cb3038b682e8bf0ab0273d33971ba43ff7d3f39a0790914405fe42dbb02d7232931fe700.csv
119_1b8142eafd60feaf.tgz,Share of countries reporting confirmed bacterial infections,share_of_countries_reporting_confirmed_bacterial_infections,share_of_countries_reporting_confirmed_bacterial_infections.js,files/33238455c3ecf6f3e47f78d353b9f8c6d38dd653703faeb77e77f198a2c49c7ea09891c4d43c56b164d554fed2c644387a087b7826c58f92206d881c5584985c.csv
120_403f829227ef598a.tgz,Share of countries testing bacterial infections for antibiotic susceptibility,share_of_countries_testing_bacterial_infections_for_antibiotic_susceptibility,share_of_countries_testing_bacterial_infections_for_antibiotic_susceptibility.js,files/86cfbce86d195d2a041bb4c50a6ffc4a4953dc280c277b250f61ccb05b9a218cf541e474824487f9fac3521f9770840e88e051eaa571f994798838ec1208a926.csv
121_2edf413947172c98.tgz,Air pollutant emissions,air_pollutant_emissions,air_pollutant_emissions.js,files/24a77c03f0c7a671b750a3b8ee74ff29dac8c5ecbc66be3dbeefdba63abf80a1119c2f663f00f50ee5c92a6d1158ec0eac8ecbf0f189e77d73f5a9ce81726d1e.csv
122_87d1c51fd93a6608.tgz,Air pollution,air_pollution,air_pollution.js,files/6aa33353c180052409097534428175a4031558889e41fff31faa7ef9cdeeb3f8a1173e3c5947548a9c4cfd516cd461a2b58fcdfbf8091ca3f9e0190ef7fe6427.csv
123_1f49f2844767ff2e.tgz,Emissions of air pollutants France,emissions_of_air_pollutants_france,emissions_of_air_pollutants_france.js,files/12ba90fdf988b87f00a19c4e553686579adba1a33f76de27fe68e920e65b9006c95faa6821b16db42f86193cdc858fd6dedb4b478d725f545b353b8eb36a47bb.csv
124_85ede1c922cd5ec4.tgz,"Emissions of air pollutants, US",emissions_of_air_pollutants_us,emissions_of_air_pollutants_us.js,files/74fba016d111d596d6e0401d586d46e6f7db21909d95959498cb90f61c343f5aed2048e964aba7766d9ad3486961517fc0692d3351ca31391176e31acda7840e.csv
125_487752634c6a504f.tgz,"Emissions of particulate matter, UK",emissions_of_particulate_matter_uk,emissions_of_particulate_matter_uk.js,files/8dd8d676f3743320ea3d27faadadc49a126176c3cfcd759e6b1385135cabb367c699460143440b2bff8caa2faba6b7a5d055c402775471b16f13c8f0d069e6b5.csv
126_e3431bf57a73942f.tgz,Obesity in men vs. women,obesity_in_men_vs_women,obesity_in_men_vs_women.js,files/5c7c66c94ae2548719490cdfb01f34a42f47cb2c964a3e6d165237a7d9d6527c27e4e634e110926f3612708e7981058d4bd80b53eae957194d8f2092d6fadffb.csv
127_52834f9dce743483.tgz,Lung cancer death rates,lung_cancer_death_rates,lung_cancer_death_rates.js,files/24a9a9f7dfde85ed0bf7f684b6e749e03d1e606d69f343cbd2fa1f906f8857be1fe5768d4169f44946d622428465fdf3158d787f9a1b0593734738e99a21c89f.csv
128_2fd761813b14ae95.tgz,Number of cigarettes smoked per smoker per day,number_of_cigarettes_smoked_per_smoker_per_day,number_of_cigarettes_smoked_per_smoker_per_day.js,files/1dce79366851874d83087bb0daa3f6045e096dd0a679979b0f22b3e51d05254dbab24284e4ad0803cf2e4f47b03ab244505ecea9831bae9970a3d1a9df78d9c6.csv
129_6d2233dd5bb9418b.tgz,Number of daily smokers in 2012,number_of_daily_smokers_in_2012,number_of_daily_smokers_in_2012.js,files/9f877aef5a69619c7cafca80942c7ded99a2e439268efacfeb6c308610ebd6a0ca5cc4239df167173d85ef684db00aa1fce7a16d3486101ae7ce8c7ae9550c4b.csv
130_8f928d4d65b3c4ec.tgz,Share of adults who smoke in 2000 vs. 2022,share_of_adults_who_smoke_in_2000_vs_2022,share_of_adults_who_smoke_in_2000_vs_2022.js,files/738363253617193e218569ae931b321ef5ced19ae10e5ed10cd39e60dc13c356811a2edf32a9944e3ae21dfb4ffbf506db26329c2eb741c97fa77f44ea20cbbc.csv
131_6b8adf3059526f47.tgz,Annual food expenditure vs. total consumer expenditure,annual_food_expenditure_vs_total_consumer_expenditure,annual_food_expenditure_vs_total_consumer_expenditure.js,files/5b56d737a23ca252cffa5c174c75b64920b565baff41bfd5b7b1db4dbcd75624f09fe7b3498412b972cb0b3c95bbf22b2f4c9815f395b165fca5c417f582f96c.csv
132_090f45c4120e4458.tgz,Global commodity price index of cereal crops and petroleum,global_commodity_price_index_of_cereal_crops_and_petroleum,global_commodity_price_index_of_cereal_crops_and_petroleum.js,files/e9dbbfccd8ecfa5bf928e94e41894e47891b5328411f9234fa270622d73ffc1418a02e24a2112e32702d315b408b09db56d8da05476b7ecbf6c0b6ed31bb97d9.csv
133_2d7d721c88a93c6e.tgz,Long-term global prices of food commodities,long_term_global_prices_of_food_commodities,long_term_global_prices_of_food_commodities.js,files/7bf23f2f774e570f9cb01787ed440d6bc28f74e687ba45726898d186b442348fe322ec4b06b36f6f578dbe5d9c342f42655905cbd50b1f32f2427d5f7aba11c3.csv
134_7446c4046e7c49dd.tgz,Share of expenditure spent on food vs. food expenditure per person,share_of_expenditure_spent_on_food_vs_food_expenditure_per_person,share_of_expenditure_spent_on_food_vs_food_expenditure_per_person.js,files/b4a314e89c5a515f743ea0cd386c863da97e4dbb705fa8d51ecc7ff3220b92b8d0f5ee1bbfefd80b60a2dce90d97c7504f74943d70fcc8d331af7b873beea692.csv
135_05652e3f6ebdf993.tgz,Annual working hours per person employed,annual_working_hours_per_person_employed,annual_working_hours_per_person_employed.js,files/09f9af5f71bb26a1f9cd2ad4a81e786472dcc10bb4a595b1b2fde890845f1b44d944de73f5574129fded03ecc6df605bd7e44f90f3c9b62d4f954392fb0a1dc2.csv
136_e98a9821a97f7615.tgz,Average effective age of retirement for women,average_effective_age_of_retirement_for_women,average_effective_age_of_retirement_for_women.js,files/864614b370b7c4821eef7f23ebe90696d4fa90626bfcffd0249de679fd837ceab85ebec752dca47105cefb0aef2834f9638d53abfe18b2fc57594958d3c794e9.csv
137_7ab5978ab8e6bd65.tgz,Days off from work for vacations and holidays,days_off_from_work_for_vacations_and_holidays,days_off_from_work_for_vacations_and_holidays.js,files/b1905463c20bf14ae403a7337e37afd4d6922cfa9fb56e9c55b592acf632024e47e8dadd060e4c9720b3982fca644e5d95207eb8a45bcdfcc1b1d2770024a4fd.csv
138_6ffc65cc247c63fe.tgz,Weekly working hours,weekly_working_hours,weekly_working_hours.js,files/cb595e218da4406db0c74f4e261f3af26d82c3e8322784ed9bfdb8dcdde5bb4aa0149cc722b3bffb455a3d62ae891bacbfef1f2a2f2994934f82240857869998.csv
139_a62a7e813d26874d.tgz,Self-reported life satisfaction vs. GDP per capita,self_reported_life_satisfaction_vs_gdp_per_capita,self_reported_life_satisfaction_vs_gdp_per_capita.js,files/2e1e3b447f0096e5ae676132fd48362801de492452859357b2403495b8b2312af6da0d80a052322c3d193128918b979b42ef93b865ee3349424e94ea9de70152.csv
140_9afd123a63309685.tgz,Life satisfaction vs. life expectancy,life_satisfaction_vs_life_expectancy,life_satisfaction_vs_life_expectancy.js,files/4a332e6915d972c8ca59fe31158a33eb5009fb3d9d8355da595f68457e257a8604ce210fa0ec8d2cc336680a6d76952320afc03048b5557684034e594e8f716e.csv
141_b1832e1ba2c6dedf.tgz,Happiness vs. life satisfaction,happiness_vs_life_satisfaction,happiness_vs_life_satisfaction.js,files/314d011b7f81340889faceb74cf828c2c72e01042c1e4f2883898cc46dab5150561ee7956cae000f023bab0f630b96adf8e9ff631a015e49b78f39f4bc9410b8.csv
142_84f457e9538f0d1d.tgz,Annual working hours vs. GDP per capita,annual_working_hours_vs_gdp_per_capita,annual_working_hours_vs_gdp_per_capita.js,files/c799ff0dfc31152f1af65a2f2f5efc1790df8c1c5798206592a1201549363ab376b91b20724a1ddcaa01573f2a87f6cc18abb686bd500de6943fd4148375c788.csv
143_6fd5aaffc7020a16.tgz,Terrorist attacks by region,terrorist_attacks_by_region,terrorist_attacks_by_region.js,files/7a0e00a468616d21e7fc48b026ea4ac6d02319e44bdaac509c82d3f4fa35039b66bdaf6a4925d42bea11481eefdad989d076447fc151a0851fbe97145eb91b8c.csv
144_e1f44426962586ac.tgz,Number of countries with key economic and social rights for women,number_of_countries_with_key_economic_and_social_rights_for_women,number_of_countries_with_key_economic_and_social_rights_for_women.js,files/83442387723fa5a9ba3e8e930d216f356cd3ec8fb612e9e6a3d80e56d96fac08ae0f23ac8f0cbf334be2f82ac586f1d23babda6eebe6e4664821e533b50fe86d.csv
145_81dec93ff226064a.tgz,Female labor force participation rate,female_labor_force_participation_rate,female_labor_force_participation_rate.js,files/71d9940756b2511dc389e7f5116524302f0d4fe8fe2cfdd54414411a71c7f60a08b61298a7d43d31cbbd74738bd7241da4b85195d58d300057582a67710ab15c.csv
146_b80de1741ccf893a.tgz,Share of countries that have had a woman as leader,share_of_countries_that_have_had_a_woman_as_leader,share_of_countries_that_have_had_a_woman_as_leader.js,files/892527e22ee063cfc9c87151c142008625f144f2fb1a8e98238d59cc4ec10f2cfc1509e7842e74e65ef2139b4e1c20923313cf8784aa1f62748ce266f13f02b9.csv
147_02c8b19cb7a2e3a8.tgz,Chile: COVID-19 weekly death rate by vaccination status,chile_covid_19_weekly_death_rate_by_vaccination_status,chile_covid_19_weekly_death_rate_by_vaccination_status.js,files/d484e0722a13b5879467806a621c2dece9480ad2dc267e0f63cfbd47affef2e9bd8b4644079451351a6a538d9e36bbdc48861c11c5be8bea27a4e5185814297b.csv
148_9f48a44f3fb51be7.tgz,Excess mortality: Raw number of deaths from all causes compared to projection based on previous years,excess_mortality_raw_number_of_deaths_from_all_causes_compared_to_projection_based_on_previous_years,excess_mortality_raw_number_of_deaths_from_all_causes_compared_to_projection_based_on_previous_years.js,files/7be9bd337cbc484b7bd22d047fc232209e418fd3a9a8abd3387c5b272ef0c0c34a3dd72da3d4660128d382eaa2d0d3af11ffcd6f57ed9b0dd3c017d51c3d8b18.csv
149_f724a270146bebdc.tgz,Share of people who completed the initial COVID-19 vaccination protocol by age,share_of_people_who_completed_the_initial_covid_19_vaccination_protocol_by_age,share_of_people_who_completed_the_initial_covid_19_vaccination_protocol_by_age.js,files/88e25091aaf3383f794074b886c83fb4ffd8391abbb379fbbe7482764625a879569c9b07934a13d896beef20fe7d718901d2a705321d410a7e39afa97863ae7c.csv
150_762d06467075ce6e.tgz,Share of people with a COVID-19 booster dose by age`,share_of_people_with_a_covid_19_booster_dose_by_age,share_of_people_with_a_covid_19_booster_dose_by_age.js,files/50aeea255623959d72b602de806343ef8bc0fd56eb46cf1e9bf905ee8eed5ba8c36fbee7fd25f2a1ac3cc018a7eff02f82376b2d0d405f6e536b52e9c8e509af.csv
