Entity,Year,Population,Population (Projected)
Al-Qahirah (Cairo),1950,2493514,
Al-Qahirah (Cairo),1955,3029198,
Al-Qahirah (Cairo),1960,3680160,
Al-Qahirah (Cairo),1965,4737968,
Al-Qahirah (Cairo),1970,5584507,
Al-Qahirah (Cairo),1975,6449922,
Al-Qahirah (Cairo),1980,7348778,
Al-Qahirah (Cairo),1985,8328254.5,
Al-Qahirah (Cairo),1990,9892143,
Al-Qahirah (Cairo),1995,11961986,
Al-Qahirah (Cairo),2000,13625565,
Al-Qahirah (Cairo),2005,15174050,
Al-Qahirah (Cairo),2010,16899016,
Al-Qahirah (Cairo),2015,18820072,18820072
Al-Qahirah (Cairo),2020,,20900604
Al-Qahirah (Cairo),2025,,23074224
Al-Qahirah (Cairo),2030,,25516696
Al-Qahirah (Cairo),2035,,28504350
Bangalore,1950,745999,
Bangalore,1955,939396,
Bangalore,1960,1165978,
Bangalore,1965,1377314,
Bangalore,1970,1614756,
Bangalore,1975,2110599,
Bangalore,1980,2812428,
Bangalore,1985,3397214,
Bangalore,1990,4042597.8,
Bangalore,1995,4754228,
Bangalore,2000,5581263,
Bangalore,2005,6785901,
Bangalore,2010,8295563.5,
Bangalore,2015,10141080,10141080
Bangalore,2020,,12326532
Bangalore,2025,,14395443
Bangalore,2030,,16226826
Bangalore,2035,,18065540
Beijing,1950,1671365,
Beijing,1955,2364625,
Beijing,1960,3900441,
Beijing,1965,4582017,
Beijing,1970,4426045,
Beijing,1975,4827973,
Beijing,1980,5366372,
Beijing,1985,6017488,
Beijing,1990,6787737,
Beijing,1995,8355148.5,
Beijing,2000,10285091,
Beijing,2005,12991292,
Beijing,2010,16441252,
Beijing,2015,18421198,18421198
Beijing,2020,,20462610
Beijing,2025,,22596454
Beijing,2030,,24281914
Beijing,2035,,25365920
Bogotá,1950,630315,
Bogotá,1955,894187,
Bogotá,1960,1268645,
Bogotá,1965,1779758,
Bogotá,1970,2383425,
Bogotá,1975,3040465,
Bogotá,1980,3525154,
Bogotá,1985,4086774.8,
Bogotá,1990,4740448,
Bogotá,1995,5488071,
Bogotá,2000,6329384,
Bogotá,2005,7299095,
Bogotá,2010,8417705,
Bogotá,2015,9707746,9707746
Bogotá,2020,,10978360
Bogotá,2025,,11795829
Bogotá,2030,,12343364
Bogotá,2035,,12753324
Buenos Aires,1950,5166140,
Buenos Aires,1955,5910271,
Buenos Aires,1960,6761837,
Buenos Aires,1965,7548511,
Buenos Aires,1970,8416170,
Buenos Aires,1975,9143219,
Buenos Aires,1980,9919781,
Buenos Aires,1985,10523442,
Buenos Aires,1990,11147566,
Buenos Aires,1995,11806407,
Buenos Aires,2000,12503871,
Buenos Aires,2005,13329540,
Buenos Aires,2010,14245871,
Buenos Aires,2015,14705533,14705533
Buenos Aires,2020,,15153729
Buenos Aires,2025,,15752275
Buenos Aires,2030,,16456116
Buenos Aires,2035,,17127740
Chongqing,1950,1566966,
Chongqing,1955,1913248,
Chongqing,1960,2275158,
Chongqing,1965,2188064,
Chongqing,1970,2237344,
Chongqing,1975,2544566,
Chongqing,1980,2961400,
Chongqing,1985,3446230,
Chongqing,1990,4010602,
Chongqing,1995,5615367,
Chongqing,2000,7862976,
Chongqing,2005,9454076,
Chongqing,2010,11243667,
Chongqing,2015,13372015,13372015
Chongqing,2020,,15872179
Chongqing,2025,,18171198
Chongqing,2030,,19649098
Chongqing,2035,,20531266
Ciudad de México (Mexico City),1950,3365081,
Ciudad de México (Mexico City),1955,4293878,
Ciudad de México (Mexico City),1960,5479184,
Ciudad de México (Mexico City),1965,6969157,
Ciudad de México (Mexico City),1970,8830947,
Ciudad de México (Mexico City),1975,10733860,
Ciudad de México (Mexico City),1980,13027620,
Ciudad de México (Mexico City),1985,14278216,
Ciudad de México (Mexico City),1990,15642318,
Ciudad de México (Mexico City),1995,17017470,
Ciudad de México (Mexico City),2000,18457028,
Ciudad de México (Mexico City),2005,19276066,
Ciudad de México (Mexico City),2010,20136680,
Ciudad de México (Mexico City),2015,21339780,21339780
Ciudad de México (Mexico City),2020,,21782378
Ciudad de México (Mexico City),2025,,22752414
Ciudad de México (Mexico City),2030,,24110600
Ciudad de México (Mexico City),2035,,25414624
Delhi,1950,1369369,
Delhi,1955,1781624,
Delhi,1960,2282962,
Delhi,1965,2845042,
Delhi,1970,3530693,
Delhi,1975,4436385,
Delhi,1980,5587014,
Delhi,1985,7225758,
Delhi,1990,9384209,
Delhi,1995,12138233,
Delhi,2000,15691899,
Delhi,2005,18691330,
Delhi,2010,21987894,
Delhi,2015,25865876,25865876
Delhi,2020,,30290936
Delhi,2025,,34665570
Delhi,2030,,38938696
Delhi,2035,,43345060
Dhaka,1950,335760,
Dhaka,1955,408866,
Dhaka,1960,507920.97,
Dhaka,1965,820740,
Dhaka,1970,1373718,
Dhaka,1975,2221055,
Dhaka,1980,3265663,
Dhaka,1985,4660384,
Dhaka,1990,6620697,
Dhaka,1995,8332474,
Dhaka,2000,10284947,
Dhaka,2005,12330879,
Dhaka,2010,14730537,
Dhaka,2015,17597178,17597178
Dhaka,2020,,21005860
Dhaka,2025,,24652864
Dhaka,2030,,28075660
Dhaka,2035,,31233650
"Guangzhou, Guangdong",1950,1048975,
"Guangzhou, Guangdong",1955,1155063,
"Guangzhou, Guangdong",1960,1271914,
"Guangzhou, Guangdong",1965,1400511,
"Guangzhou, Guangdong",1970,1542151,
"Guangzhou, Guangdong",1975,1698116,
"Guangzhou, Guangdong",1980,1869905,
"Guangzhou, Guangdong",1985,2355566,
"Guangzhou, Guangdong",1990,3245991,
"Guangzhou, Guangdong",1995,5035339,
"Guangzhou, Guangdong",2000,7812008,
"Guangzhou, Guangdong",2005,9055056,
"Guangzhou, Guangdong",2010,10278197,
"Guangzhou, Guangdong",2015,11694882,11694882
"Guangzhou, Guangdong",2020,,13301532
"Guangzhou, Guangdong",2025,,14878691
"Guangzhou, Guangdong",2030,,16024164
"Guangzhou, Guangdong",2035,,16740973
Istanbul,1950,967497,
Istanbul,1955,1248709,
Istanbul,1960,1453353,
Istanbul,1965,2001192.1,
Istanbul,1970,2772095,
Istanbul,1975,3600332,
Istanbul,1980,4397037,
Istanbul,1985,5407297,
Istanbul,1990,6552160,
Istanbul,1995,7665403,
Istanbul,2000,8743868,
Istanbul,2005,10465694,
Istanbul,2010,12584885,
Istanbul,2015,14126772,14126772
Istanbul,2020,,15190336
Istanbul,2025,,16236704
Istanbul,2030,,17124240
Istanbul,2035,,17986298
Jakarta,1950,1452000,
Jakarta,1955,1972106,
Jakarta,1960,2678740,
Jakarta,1965,3296964,
Jakarta,1970,3915406,
Jakarta,1975,4813132,
Jakarta,1980,5984256,
Jakarta,1985,7009030,
Jakarta,1990,8174756,
Jakarta,1995,8321858.5,
Jakarta,2000,8389759,
Jakarta,2005,8988406,
Jakarta,2010,9625579,
Jakarta,2015,10173388,10173388
Jakarta,2020,,10770487
Jakarta,2025,,11634078
Jakarta,2030,,12686756
Jakarta,2035,,13688321
Karachi,1950,1055380,
Karachi,1955,1419491,
Karachi,1960,1853325,
Karachi,1965,2405037,
Karachi,1970,3118723,
Karachi,1975,3989191,
Karachi,1980,5047815,
Karachi,1985,6032582,
Karachi,1990,7147064,
Karachi,1995,8467439,
Karachi,2000,9825295,
Karachi,2005,11131559,
Karachi,2010,12611924,
Karachi,2015,14289160,14289160
Karachi,2020,,16093786
Karachi,2025,,18076794
Karachi,2030,,20431848
Karachi,2035,,23128138
Kinki M.M.A. (Osaka),1950,7005284,
Kinki M.M.A. (Osaka),1955,8622976,
Kinki M.M.A. (Osaka),1960,10614841,
Kinki M.M.A. (Osaka),1965,13065322,
Kinki M.M.A. (Osaka),1970,15271510,
Kinki M.M.A. (Osaka),1975,16298124,
Kinki M.M.A. (Osaka),1980,17027548,
Kinki M.M.A. (Osaka),1985,17582632,
Kinki M.M.A. (Osaka),1990,18388782,
Kinki M.M.A. (Osaka),1995,18939588,
Kinki M.M.A. (Osaka),2000,18660022,
Kinki M.M.A. (Osaka),2005,18762098,
Kinki M.M.A. (Osaka),2010,19312646,
Kinki M.M.A. (Osaka),2015,19304722,19304722
Kinki M.M.A. (Osaka),2020,,19165340
Kinki M.M.A. (Osaka),2025,,18921632
Kinki M.M.A. (Osaka),2030,,18658054
Kinki M.M.A. (Osaka),2035,,18345612
Kinshasa,1950,201905,
Kinshasa,1955,292398,
Kinshasa,1960,442853,
Kinshasa,1965,717018,
Kinshasa,1970,1069714,
Kinshasa,1975,1481820,
Kinshasa,1980,2052874.1,
Kinshasa,1985,2811896,
Kinshasa,1990,3683274,
Kinshasa,1995,4824684,
Kinshasa,2000,6140419,
Kinshasa,2005,7589069,
Kinshasa,2010,9381673,
Kinshasa,2015,11597706,11597706
Kinshasa,2020,,14342439
Kinshasa,2025,,17778474
Kinshasa,2030,,21914342
Kinshasa,2035,,26681826
Kolkata (Calcutta),1950,4604143,
Kolkata (Calcutta),1955,5219086,
Kolkata (Calcutta),1960,5910210,
Kolkata (Calcutta),1965,6589384,
Kolkata (Calcutta),1970,7329372,
Kolkata (Calcutta),1975,8165629.5,
Kolkata (Calcutta),1980,9100166,
Kolkata (Calcutta),1985,10003665,
Kolkata (Calcutta),1990,10974177,
Kolkata (Calcutta),1995,11992194,
Kolkata (Calcutta),2000,13097153,
Kolkata (Calcutta),2005,13595152,
Kolkata (Calcutta),2010,14002798,
Kolkata (Calcutta),2015,14422670,14422670
Kolkata (Calcutta),2020,,14850066
Kolkata (Calcutta),2025,,15845219
Kolkata (Calcutta),2030,,17583604
Kolkata (Calcutta),2035,,19564170
Lagos,1950,325218,
Lagos,1955,468460,
Lagos,1960,762418,
Lagos,1965,1135439,
Lagos,1970,1413528,
Lagos,1975,1889802,
Lagos,1980,2572218,
Lagos,1985,3500464,
Lagos,1990,4764093,
Lagos,1995,5982680,
Lagos,2000,7280706,
Lagos,2005,8859399,
Lagos,2010,10441182,
Lagos,2015,12239206,12239206
Lagos,2020,,14368332
Lagos,2025,,17156394
Lagos,2030,,20600156
Lagos,2035,,24418768
Lahore,1950,835769,
Lahore,1955,1021679.06,
Lahore,1960,1264277,
Lahore,1965,1574981,
Lahore,1970,1963951,
Lahore,1975,2398576,
Lahore,1980,2881596,
Lahore,1985,3387873,
Lahore,1990,3970161,
Lahore,1995,4652529,
Lahore,2000,5576372,
Lahore,2005,6856969,
Lahore,2010,8432132,
Lahore,2015,10369137,10369137
Lahore,2020,,12642423
Lahore,2025,,14825828
Lahore,2030,,16883086
Lahore,2035,,19116606
Los Angeles-Long Beach-Santa Ana,1950,4045514,
Los Angeles-Long Beach-Santa Ana,1955,5154301,
Los Angeles-Long Beach-Santa Ana,1960,6529638,
Los Angeles-Long Beach-Santa Ana,1965,7407634,
Los Angeles-Long Beach-Santa Ana,1970,8377684.5,
Los Angeles-Long Beach-Santa Ana,1975,8925518,
Los Angeles-Long Beach-Santa Ana,1980,9511568,
Los Angeles-Long Beach-Santa Ana,1985,10181172,
Los Angeles-Long Beach-Santa Ana,1990,10883429,
Los Angeles-Long Beach-Santa Ana,1995,11338890,
Los Angeles-Long Beach-Santa Ana,2000,11798345,
Los Angeles-Long Beach-Santa Ana,2005,11977857,
Los Angeles-Long Beach-Santa Ana,2010,12160151,
Los Angeles-Long Beach-Santa Ana,2015,12345219,12345219
Los Angeles-Long Beach-Santa Ana,2020,,12446597
Los Angeles-Long Beach-Santa Ana,2025,,12677559
Los Angeles-Long Beach-Santa Ana,2030,,13209244
Los Angeles-Long Beach-Santa Ana,2035,,13778153
Manila,1950,1543666,
Manila,1955,1871605,
Manila,1960,2273734,
Manila,1965,2828883,
Manila,1970,3534309,
Manila,1975,4999303,
Manila,1980,5954719,
Manila,1985,6887920,
Manila,1990,7972799,
Manila,1995,9401255,
Manila,2000,9957962,
Manila,2005,10750752,
Manila,2010,11887189,
Manila,2015,12860058,12860058
Manila,2020,,13923452
Manila,2025,,15230559
Manila,2030,,16841340
Manila,2035,,18649422
Moskva (Moscow),1950,5356392,
Moskva (Moscow),1955,5748746,
Moskva (Moscow),1960,6169961,
Moskva (Moscow),1965,6621780,
Moskva (Moscow),1970,7106457,
Moskva (Moscow),1975,7622703,
Moskva (Moscow),1980,8136141,
Moskva (Moscow),1985,8579920,
Moskva (Moscow),1990,8986631,
Moskva (Moscow),1995,9200994,
Moskva (Moscow),2000,10004523,
Moskva (Moscow),2005,10751428,
Moskva (Moscow),2010,11461264,
Moskva (Moscow),2015,12049135,12049135
Moskva (Moscow),2020,,12537954
Moskva (Moscow),2025,,12737356
Moskva (Moscow),2030,,12795712
Moskva (Moscow),2035,,12822748
Mumbai (Bombay),1950,3088811,
Mumbai (Bombay),1955,3726210,
Mumbai (Bombay),1960,4414904,
Mumbai (Bombay),1965,5314300,
Mumbai (Bombay),1970,6412876,
Mumbai (Bombay),1975,7685346,
Mumbai (Bombay),1980,9199543,
Mumbai (Bombay),1985,10685530,
Mumbai (Bombay),1990,12355090,
Mumbai (Bombay),1995,14135363,
Mumbai (Bombay),2000,16146526,
Mumbai (Bombay),2005,17257072,
Mumbai (Bombay),2010,18257414,
Mumbai (Bombay),2015,19315736,19315736
Mumbai (Bombay),2020,,20411274
Mumbai (Bombay),2025,,22088954
Mumbai (Bombay),2030,,24572450
Mumbai (Bombay),2035,,27342820
New York-Newark,1950,12338471,
New York-Newark,1955,13219362,
New York-Newark,1960,14163521,
New York-Newark,1965,15176758,
New York-Newark,1970,16191179,
New York-Newark,1975,15880271,
New York-Newark,1980,15601401,
New York-Newark,1985,15826788,
New York-Newark,1990,16085600,
New York-Newark,1995,16942770,
New York-Newark,2000,17813372,
New York-Newark,2005,18087174,
New York-Newark,2010,18365262,
New York-Newark,2015,18647626,18647626
New York-Newark,2020,,18803552
New York-Newark,2025,,19154024
New York-Newark,2030,,19957606
New York-Newark,2035,,20817170
Paris,1950,6283018,
Paris,1955,6796437,
Paris,1960,7410735,
Paris,1965,7855185,
Paris,1970,8208121.5,
Paris,1975,8557844,
Paris,1980,8669349,
Paris,1985,8956222,
Paris,1990,9330327,
Paris,1995,9510103,
Paris,2000,9736538,
Paris,2005,10091795,
Paris,2010,10460118,
Paris,2015,10733502,10733502
Paris,2020,,11017230
Paris,2025,,11346802
Paris,2030,,11709788
Paris,2035,,12064575
Rio de Janeiro,1950,3026195,
Rio de Janeiro,1955,3687344,
Rio de Janeiro,1960,4493182,
Rio de Janeiro,1965,5522674,
Rio de Janeiro,1970,6790519,
Rio de Janeiro,1975,7733429,
Rio de Janeiro,1980,8783870,
Rio de Janeiro,1985,9241709,
Rio de Janeiro,1990,9697487,
Rio de Janeiro,1995,10431518,
Rio de Janeiro,2000,11306768,
Rio de Janeiro,2005,11831807,
Rio de Janeiro,2010,12373884,
Rio de Janeiro,2015,12940796,12940796
Rio de Janeiro,2020,,13458075
Rio de Janeiro,2025,,13923245
Rio de Janeiro,2030,,14408259
Rio de Janeiro,2035,,14810180
Shanghai,1950,4288091,
Shanghai,1955,5712858,
Shanghai,1960,6865312,
Shanghai,1965,6428131,
Shanghai,1970,6052468,
Shanghai,1975,5658129,
Shanghai,1980,5927898,
Shanghai,1985,7096280,
Shanghai,1990,8605812,
Shanghai,1995,11072063,
Shanghai,2000,14246541,
Shanghai,2005,17055788,
Shanghai,2010,20314308,
Shanghai,2015,23482182,23482182
Shanghai,2020,,27058480
Shanghai,2025,,30482140
Shanghai,2030,,32869266
Shanghai,2035,,34341244
Shenzhen,1950,3148,
Shenzhen,1955,5112,
Shenzhen,1960,8302,
Shenzhen,1965,13480,
Shenzhen,1970,21890,
Shenzhen,1975,35547,
Shenzhen,1980,58983,
Shenzhen,1985,193113,
Shenzhen,1990,875000,
Shenzhen,1995,2393747,
Shenzhen,2000,6550414,
Shenzhen,2005,8409066,
Shenzhen,2010,10222916,
Shenzhen,2015,11275391,11275391
Shenzhen,2020,,12356820
Shenzhen,2025,,13545445
Shenzhen,2030,,14537252
Shenzhen,2035,,15185481
São Paulo,1950,2334038,
São Paulo,1955,3043828,
São Paulo,1960,3969759,
São Paulo,1965,5494150,
São Paulo,1970,7620490,
São Paulo,1975,9614016,
São Paulo,1980,12089454,
São Paulo,1985,13394815,
São Paulo,1990,14775840,
São Paulo,1995,15913473,
São Paulo,2000,17014078,
São Paulo,2005,18288134,
São Paulo,2010,19659808,
São Paulo,2015,20883046,20883046
São Paulo,2020,,22043028
São Paulo,2025,,22990008
São Paulo,2030,,23824222
São Paulo,2035,,24490136
Tianjin,1950,2467096,
Tianjin,1955,2760676,
Tianjin,1960,2935185,
Tianjin,1965,3120620,
Tianjin,1970,3317826,
Tianjin,1975,3527495,
Tianjin,1980,3750476,
Tianjin,1985,4097324,
Tianjin,1990,4558206,
Tianjin,1995,5643951,
Tianjin,2000,6988727,
Tianjin,2005,8430065,
Tianjin,2010,10150076,
Tianjin,2015,12516041,12516041
Tianjin,2020,,13589078
Tianjin,2025,,14704080
Tianjin,2030,,15745240
Tianjin,2035,,16445898
Tokyo,1950,11274641,
Tokyo,1955,13712679,
Tokyo,1960,16678822,
Tokyo,1965,20284370,
Tokyo,1970,23297502,
Tokyo,1975,26614732,
Tokyo,1980,28548512,
Tokyo,1985,30303794,
Tokyo,1990,32530002,
Tokyo,1995,33586576,
Tokyo,2000,34449908,
Tokyo,2005,35621544,
Tokyo,2010,36859628,
Tokyo,2015,37256108,37256108
Tokyo,2020,,37393130
Tokyo,2025,,37036204
Tokyo,2030,,36573800
Tokyo,2035,,36014030