Entity,Code,Year,Total fertility rate,Completed cohort fertility rate shifted +30 years,Tempo-adjusted total fertility rate
Austria,AUT,1951,2.021,,
Austria,AUT,1952,2.061,,
Austria,AUT,1953,2.094,,
Austria,AUT,1954,2.156,,
Austria,AUT,1955,2.289,,
Austria,AUT,1956,2.486,,
Austria,AUT,1957,2.572,,
Austria,AUT,1958,2.6,,
Austria,AUT,1959,2.688,,
Austria,AUT,1960,2.696,,
Austria,AUT,1961,2.786,,
Austria,AUT,1962,2.8,,
Austria,AUT,1963,2.821,,
Austria,AUT,1964,2.795,,
Austria,AUT,1965,2.703,,
Austria,AUT,1966,2.663,2.436,
Austria,AUT,1967,2.621,2.41,
Austria,AUT,1968,2.586,2.339,
Austria,AUT,1969,2.488,2.202,
Austria,AUT,1970,2.292,2.132,
Austria,AUT,1971,2.2,2.065,
Austria,AUT,1972,2.085,2.037,
Austria,AUT,1973,1.938,1.983,
Austria,AUT,1974,1.908,1.953,
Austria,AUT,1975,1.827,1.938,
Austria,AUT,1976,1.688,1.986,
Austria,AUT,1977,1.631,1.931,
Austria,AUT,1978,1.604,1.916,
Austria,AUT,1979,1.598,1.908,
Austria,AUT,1980,1.652,1.863,
Austria,AUT,1981,1.674,1.835,
Austria,AUT,1982,1.661,1.812,
Austria,AUT,1983,1.559,1.817,
Austria,AUT,1984,1.522,1.784,
Austria,AUT,1985,1.474,1.768,1.735
Austria,AUT,1986,1.449,1.746,1.705
Austria,AUT,1987,1.432,1.73,1.647
Austria,AUT,1988,1.447,1.713,1.6
Austria,AUT,1989,1.446,1.714,1.664
Austria,AUT,1990,1.457,1.698,1.614
Austria,AUT,1991,1.507,1.676,1.578
Austria,AUT,1992,1.505,1.675,1.6
Austria,AUT,1993,1.501,1.667,1.717
Austria,AUT,1994,1.465,1.652,1.801
Austria,AUT,1995,1.423,1.657,1.739
Austria,AUT,1996,1.446,1.64,1.731
Austria,AUT,1997,1.393,1.626,1.585
Austria,AUT,1998,1.37,1.61,1.563
Austria,AUT,1999,1.34,1.615,1.519
Austria,AUT,2000,1.364,1.624,1.583
Austria,AUT,2001,1.331,1.634,1.606
Austria,AUT,2002,1.394,1.651,1.681
Austria,AUT,2003,1.376,1.661,1.587
Austria,AUT,2004,1.419,,1.638
Austria,AUT,2005,1.408,,1.728
Austria,AUT,2006,1.409,,1.687
Austria,AUT,2007,1.385,,1.613
Austria,AUT,2008,1.417,,1.704
Austria,AUT,2009,1.396,,1.71
Austria,AUT,2010,1.443,,1.789
Austria,AUT,2011,1.431,,1.778
Austria,AUT,2012,1.44,,1.712
Austria,AUT,2013,1.436,,1.628
Austria,AUT,2014,1.464,,1.68
Austria,AUT,2015,1.491,,1.648
Austria,AUT,2016,1.53,,1.622
Austria,AUT,2017,1.518,,1.706
Austria,AUT,2018,1.475,,1.718
Austria,AUT,2019,1.461,,1.617
Austria,AUT,2020,1.436,,1.616
Austria,AUT,2021,1.476,,1.598
Austria,AUT,2022,1.409,,1.394
Austria,AUT,2023,1.316,,
Belarus,BLR,1964,2.282,,
Belarus,BLR,1965,2.241,,2.097
Belarus,BLR,1966,2.309,,2.129
Belarus,BLR,1967,2.286,,2.301
Belarus,BLR,1968,2.316,,2.221
Belarus,BLR,1969,2.29,,1.998
Belarus,BLR,1970,2.354,,2.047
Belarus,BLR,1971,2.36,,2.166
Belarus,BLR,1972,2.311,,2.206
Belarus,BLR,1973,2.227,,2.106
Belarus,BLR,1974,2.214,,2.011
Belarus,BLR,1975,2.157,,1.969
Belarus,BLR,1976,2.12,,1.988
Belarus,BLR,1977,2.087,,1.911
Belarus,BLR,1978,2.065,,1.898
Belarus,BLR,1979,2.028,1.968,1.881
Belarus,BLR,1980,2.007,1.938,1.942
Belarus,BLR,1981,2.008,1.964,1.987
Belarus,BLR,1982,1.991,1.928,1.927
Belarus,BLR,1983,2.154,1.886,2.092
Belarus,BLR,1984,2.096,1.915,1.974
Belarus,BLR,1985,2.055,1.931,2.106
Belarus,BLR,1986,2.156,1.926,2.106
Belarus,BLR,1987,2.086,1.924,1.921
Belarus,BLR,1988,2.12,1.921,2.023
Belarus,BLR,1989,2.028,1.891,1.781
Belarus,BLR,1990,1.913,1.873,1.715
Belarus,BLR,1991,1.806,1.857,1.695
Belarus,BLR,1992,1.765,1.815,1.706
Belarus,BLR,1993,1.624,1.736,1.687
Belarus,BLR,1994,1.535,1.684,1.662
Belarus,BLR,1995,1.407,1.689,1.556
Belarus,BLR,1996,1.335,1.7,1.422
Belarus,BLR,1997,1.25,1.713,1.378
Belarus,BLR,1998,1.3,1.709,1.505
Belarus,BLR,1999,1.311,,1.583
Belarus,BLR,2000,1.318,,1.572
Belarus,BLR,2001,1.287,,1.521
Belarus,BLR,2002,1.241,,1.501
Belarus,BLR,2003,1.232,,1.465
Belarus,BLR,2004,1.234,,1.5
Belarus,BLR,2005,1.253,,1.458
Belarus,BLR,2006,1.335,,1.549
Belarus,BLR,2007,1.43,,1.675
Belarus,BLR,2008,1.488,,1.739
Belarus,BLR,2009,1.509,,1.788
Belarus,BLR,2010,1.495,,1.684
Belarus,BLR,2011,1.516,,1.621
Belarus,BLR,2012,1.621,,1.753
Belarus,BLR,2013,1.668,,1.86
Belarus,BLR,2014,1.697,,1.912
Belarus,BLR,2015,1.725,,1.915
Belarus,BLR,2016,1.734,,1.917
Belarus,BLR,2017,1.541,,1.666
Belarus,BLR,2018,1.448,,
Belgium,BEL,1947,2.49,,
Belgium,BEL,1948,2.476,,
Belgium,BEL,1949,2.423,,
Belgium,BEL,1950,2.375,,
Belgium,BEL,1951,2.307,,
Belgium,BEL,1952,2.36,,
Belgium,BEL,1953,2.354,,
Belgium,BEL,1954,2.387,,
Belgium,BEL,1955,2.397,,
Belgium,BEL,1956,2.416,,
Belgium,BEL,1957,2.463,,
Belgium,BEL,1958,2.509,,
Belgium,BEL,1959,2.576,,
Belgium,BEL,1960,2.541,,
Belgium,BEL,1961,2.625,,
Belgium,BEL,1962,2.594,2.292,
Belgium,BEL,1963,2.686,2.279,
Belgium,BEL,1964,2.724,2.278,
Belgium,BEL,1965,2.632,2.274,
Belgium,BEL,1966,2.543,2.235,
Belgium,BEL,1967,2.434,2.22,
Belgium,BEL,1968,2.332,2.186,
Belgium,BEL,1969,2.292,2.149,
Belgium,BEL,1970,2.258,2.183,
Belgium,BEL,1971,2.213,2.141,
Belgium,BEL,1972,2.099,2.088,
Belgium,BEL,1973,1.961,2.034,
Belgium,BEL,1974,1.845,1.989,
Belgium,BEL,1975,1.757,1.942,
Belgium,BEL,1976,1.751,1.899,
Belgium,BEL,1977,1.739,1.88,
Belgium,BEL,1978,1.724,1.87,
Belgium,BEL,1979,1.718,1.849,
Belgium,BEL,1980,1.703,1.867,
Belgium,BEL,1981,1.675,1.834,
Belgium,BEL,1982,1.612,1.844,
Belgium,BEL,1983,1.558,1.834,
Belgium,BEL,1984,1.528,1.836,
Belgium,BEL,1985,1.5,1.835,
Belgium,BEL,1986,1.534,1.855,
Belgium,BEL,1987,1.533,1.837,
Belgium,BEL,1988,1.565,1.848,
Belgium,BEL,1989,1.581,1.849,
Belgium,BEL,1990,1.624,1.872,
Belgium,BEL,1991,1.653,1.847,
Belgium,BEL,1992,1.649,1.851,
Belgium,BEL,1993,1.607,1.828,
Belgium,BEL,1994,1.561,1.825,
Belgium,BEL,1995,1.562,1.821,
Belgium,BEL,1996,1.592,1.815,
Belgium,BEL,1997,1.605,1.823,
Belgium,BEL,1998,1.601,1.824,
Belgium,BEL,1999,1.609,1.827,1.757
Belgium,BEL,2000,1.648,1.824,1.767
Belgium,BEL,2001,1.654,1.822,1.82
Belgium,BEL,2002,1.622,1.84,1.866
Belgium,BEL,2003,1.645,,1.848
Belgium,BEL,2004,1.704,,1.914
Belgium,BEL,2005,1.741,,1.929
Belgium,BEL,2006,1.788,,1.933
Belgium,BEL,2007,1.833,,1.951
Belgium,BEL,2008,1.863,,1.995
Belgium,BEL,2009,1.839,,2.054
Belgium,BEL,2010,1.845,,2.047
Belgium,BEL,2011,1.802,,1.976
Belgium,BEL,2012,1.783,,2.02
Belgium,BEL,2013,1.745,,1.982
Belgium,BEL,2014,1.734,,1.943
Belgium,BEL,2015,1.688,,1.877
Belgium,BEL,2016,1.673,,1.894
Belgium,BEL,2017,1.64,,1.841
Belgium,BEL,2018,1.614,,1.822
Belgium,BEL,2019,1.595,,1.725
Belgium,BEL,2020,1.543,,1.732
Belgium,BEL,2021,1.595,,1.811
Belgium,BEL,2022,1.527,,
Bulgaria,BGR,1947,2.829,,
Bulgaria,BGR,1948,2.875,,2.604
Bulgaria,BGR,1949,2.869,,2.763
Bulgaria,BGR,1950,2.927,,2.822
Bulgaria,BGR,1951,2.424,,2.173
Bulgaria,BGR,1952,2.428,,2.348
Bulgaria,BGR,1953,2.411,,2.435
Bulgaria,BGR,1954,2.36,,2.266
Bulgaria,BGR,1955,2.38,,2.246
Bulgaria,BGR,1956,2.345,,2.129
Bulgaria,BGR,1957,2.254,,2.098
Bulgaria,BGR,1958,2.231,,2.11
Bulgaria,BGR,1959,2.235,,2.044
Bulgaria,BGR,1960,2.312,,2.233
Bulgaria,BGR,1961,2.291,,2.283
Bulgaria,BGR,1962,2.241,2.045,2.199
Bulgaria,BGR,1963,2.211,2.049,2.137
Bulgaria,BGR,1964,2.184,2.041,2.117
Bulgaria,BGR,1965,2.086,2.032,2.009
Bulgaria,BGR,1966,2.025,2.036,1.956
Bulgaria,BGR,1967,2.022,2.039,1.988
Bulgaria,BGR,1968,2.269,2.038,2.33
Bulgaria,BGR,1969,2.268,2.052,2.304
Bulgaria,BGR,1970,2.173,2.085,2.099
Bulgaria,BGR,1971,2.102,2.094,2.047
Bulgaria,BGR,1972,2.028,2.091,1.976
Bulgaria,BGR,1973,2.148,2.078,2.104
Bulgaria,BGR,1974,2.289,2.077,2.267
Bulgaria,BGR,1975,2.226,2.072,2.103
Bulgaria,BGR,1976,2.243,2.053,2.062
Bulgaria,BGR,1977,2.206,2.051,2.059
Bulgaria,BGR,1978,2.149,2.065,2.022
Bulgaria,BGR,1979,2.155,2.076,2.028
Bulgaria,BGR,1980,2.054,2.066,2.064
Bulgaria,BGR,1981,2.003,2.043,1.967
Bulgaria,BGR,1982,2.012,2.042,1.942
Bulgaria,BGR,1983,2.006,2.035,2.043
Bulgaria,BGR,1984,2.009,2.039,2.01
Bulgaria,BGR,1985,1.978,2.031,2.039
Bulgaria,BGR,1986,2.019,2.032,2.1
Bulgaria,BGR,1987,1.965,2.036,1.959
Bulgaria,BGR,1988,1.972,2.019,1.988
Bulgaria,BGR,1989,1.889,1.99,1.948
Bulgaria,BGR,1990,1.787,1.95,1.724
Bulgaria,BGR,1991,1.644,1.909,1.616
Bulgaria,BGR,1992,1.544,1.884,1.651
Bulgaria,BGR,1993,1.466,1.868,1.634
Bulgaria,BGR,1994,1.378,1.857,1.643
Bulgaria,BGR,1995,1.249,1.833,1.521
Bulgaria,BGR,1996,1.257,1.809,1.602
Bulgaria,BGR,1997,1.122,1.792,1.417
Bulgaria,BGR,1998,1.152,1.757,1.271
Bulgaria,BGR,1999,1.285,1.705,1.626
Bulgaria,BGR,2000,1.322,1.682,1.812
Bulgaria,BGR,2001,1.236,1.663,1.449
Bulgaria,BGR,2002,1.217,,1.539
Bulgaria,BGR,2003,1.247,,1.583
Bulgaria,BGR,2004,1.309,,1.755
Bulgaria,BGR,2005,1.347,,1.836
Bulgaria,BGR,2006,1.422,,1.767
Bulgaria,BGR,2007,1.47,,1.817
Bulgaria,BGR,2008,1.544,,1.741
Bulgaria,BGR,2009,1.64,,2.097
Bulgaria,BGR,2010,1.558,,1.91
Bulgaria,BGR,2011,1.498,,1.546
Bulgaria,BGR,2012,1.498,,1.53
Bulgaria,BGR,2013,1.48,,1.648
Bulgaria,BGR,2014,1.534,,1.813
Bulgaria,BGR,2015,1.53,,1.734
Bulgaria,BGR,2016,1.543,,1.733
Bulgaria,BGR,2017,1.56,,1.678
Bulgaria,BGR,2018,1.558,,1.659
Bulgaria,BGR,2019,1.584,,1.699
Bulgaria,BGR,2020,1.558,,1.651
Bulgaria,BGR,2021,1.578,,
Canada,CAN,1921,3.528,,
Canada,CAN,1922,3.4,,
Canada,CAN,1923,3.229,,
Canada,CAN,1924,3.217,,
Canada,CAN,1925,3.13,,
Canada,CAN,1926,3.353,,
Canada,CAN,1927,3.316,,
Canada,CAN,1928,3.294,,
Canada,CAN,1929,3.217,,
Canada,CAN,1930,3.281,,
Canada,CAN,1931,3.194,,
Canada,CAN,1932,3.081,,
Canada,CAN,1933,2.863,,
Canada,CAN,1934,2.801,,
Canada,CAN,1935,2.751,,
Canada,CAN,1936,2.692,2.861,
Canada,CAN,1937,2.639,2.834,
Canada,CAN,1938,2.696,2.775,
Canada,CAN,1939,2.648,2.741,
Canada,CAN,1940,2.758,2.735,
Canada,CAN,1941,2.82,2.717,
Canada,CAN,1942,2.954,2.745,
Canada,CAN,1943,3.028,2.808,
Canada,CAN,1944,2.998,2.88,
Canada,CAN,1945,2.999,2.892,2.874
Canada,CAN,1946,3.359,2.887,3.076
Canada,CAN,1947,3.58,2.918,3.123
Canada,CAN,1948,3.421,2.93,2.981
Canada,CAN,1949,3.44,3.032,3.117
Canada,CAN,1950,3.431,3.211,3.167
Canada,CAN,1951,3.478,3.271,3.214
Canada,CAN,1952,3.624,3.249,3.347
Canada,CAN,1953,3.702,3.259,3.442
Canada,CAN,1954,3.815,3.273,3.546
Canada,CAN,1955,3.82,3.26,3.49
Canada,CAN,1956,3.841,3.26,3.488
Canada,CAN,1957,3.93,3.296,3.599
Canada,CAN,1958,3.893,3.314,3.54
Canada,CAN,1959,3.943,3.344,3.61
Canada,CAN,1960,3.909,3.376,3.607
Canada,CAN,1961,3.853,3.356,3.588
Canada,CAN,1962,3.77,3.302,3.647
Canada,CAN,1963,3.68,3.227,3.986
Canada,CAN,1964,3.512,3.155,4.103
Canada,CAN,1965,3.149,3.077,3.652
Canada,CAN,1966,2.815,2.987,3.115
Canada,CAN,1967,2.596,2.908,2.782
Canada,CAN,1968,2.455,2.833,2.652
Canada,CAN,1969,2.404,2.76,2.554
Canada,CAN,1970,2.312,2.664,2.436
Canada,CAN,1971,2.138,2.546,2.362
Canada,CAN,1972,1.965,2.451,2.211
Canada,CAN,1973,1.875,2.343,2.099
Canada,CAN,1974,1.83,2.198,1.935
Canada,CAN,1975,1.832,2.114,1.903
Canada,CAN,1976,1.782,2.133,2.021
Canada,CAN,1977,1.75,2.107,1.999
Canada,CAN,1978,1.697,2.025,1.901
Canada,CAN,1979,1.695,1.968,1.878
Canada,CAN,1980,1.68,1.927,1.873
Canada,CAN,1981,1.652,1.897,1.799
Canada,CAN,1982,1.637,1.882,1.8
Canada,CAN,1983,1.621,1.873,1.863
Canada,CAN,1984,1.625,1.863,1.819
Canada,CAN,1985,1.611,1.852,1.776
Canada,CAN,1986,1.594,1.844,1.765
Canada,CAN,1987,1.576,1.846,1.759
Canada,CAN,1988,1.599,1.846,1.716
Canada,CAN,1989,1.659,1.845,1.749
Canada,CAN,1990,1.715,1.833,1.799
Canada,CAN,1991,1.718,1.81,1.818
Canada,CAN,1992,1.713,1.804,1.887
Canada,CAN,1993,1.685,1.798,1.825
Canada,CAN,1994,1.691,1.779,1.843
Canada,CAN,1995,1.673,1.767,1.941
Canada,CAN,1996,1.634,1.772,1.94
Canada,CAN,1997,1.571,1.782,1.75
Canada,CAN,1998,1.558,1.786,1.746
Canada,CAN,1999,1.546,1.788,1.793
Canada,CAN,2000,1.511,1.784,1.796
Canada,CAN,2001,1.54,1.795,1.859
Canada,CAN,2002,1.518,1.808,1.836
Canada,CAN,2003,1.547,1.811,1.898
Canada,CAN,2004,1.557,,1.781
Canada,CAN,2005,1.58,,1.717
Canada,CAN,2006,1.629,,1.753
Canada,CAN,2007,1.671,,1.772
Canada,CAN,2008,1.703,,1.82
Canada,CAN,2009,1.692,,1.898
Canada,CAN,2010,1.647,,1.893
Canada,CAN,2011,1.628,,1.842
Canada,CAN,2012,1.629,,1.831
Canada,CAN,2013,1.606,,1.786
Canada,CAN,2014,1.611,,1.804
Canada,CAN,2015,1.597,,1.791
Canada,CAN,2016,1.589,,1.776
Canada,CAN,2017,1.542,,1.806
Canada,CAN,2018,1.504,,1.781
Canada,CAN,2019,1.472,,1.664
Canada,CAN,2020,1.407,,1.656
Canada,CAN,2021,1.422,,1.757
Canada,CAN,2022,1.314,,1.525
Canada,CAN,2023,1.258,,
Chile,CHL,1992,2.499,,
Chile,CHL,1993,2.442,,2.492
Chile,CHL,1994,2.394,,2.437
Chile,CHL,1995,2.307,,2.436
Chile,CHL,1996,2.271,,2.396
Chile,CHL,1997,2.21,,2.282
Chile,CHL,1998,2.173,,2.35
Chile,CHL,1999,2.105,,2.36
Chile,CHL,2000,2.085,,2.3
Chile,CHL,2001,2.053,,2.289
Chile,CHL,2002,1.986,,2.334
Chile,CHL,2003,1.94,,2.345
Chile,CHL,2004,1.9,,2.072
Chile,CHL,2005,1.883,,1.948
Chile,CHL,2006,1.875,,2.021
Chile,CHL,2007,1.93,,2.064
Chile,CHL,2008,1.963,,2.148
Chile,CHL,2009,1.988,,2.087
Chile,CHL,2010,1.956,,1.995
Chile,CHL,2011,1.924,,2.135
Chile,CHL,2012,1.875,,2.202
Chile,CHL,2013,1.858,,2.248
Chile,CHL,2014,1.919,,2.491
Chile,CHL,2015,1.859,,2.449
Chile,CHL,2016,1.753,,2.331
Chile,CHL,2017,1.648,,2.321
Chile,CHL,2018,1.662,,2.331
Chile,CHL,2019,1.573,,2.136
Chile,CHL,2020,1.459,,
Croatia,HRV,2001,1.456,,
Croatia,HRV,2002,1.424,,1.674
Croatia,HRV,2003,1.409,,1.708
Croatia,HRV,2004,1.429,,1.692
Croatia,HRV,2005,1.503,,1.794
Croatia,HRV,2006,1.466,,1.769
Croatia,HRV,2007,1.483,,1.73
Croatia,HRV,2008,1.551,,1.872
Croatia,HRV,2009,1.585,,2.04
Croatia,HRV,2010,1.548,,1.912
Croatia,HRV,2011,1.482,,1.724
Croatia,HRV,2012,1.513,,1.798
Croatia,HRV,2013,1.457,,1.735
Croatia,HRV,2014,1.458,,1.661
Croatia,HRV,2015,1.4,,1.644
Croatia,HRV,2016,1.425,,1.739
Croatia,HRV,2017,1.419,,1.606
Croatia,HRV,2018,1.47,,1.633
Croatia,HRV,2019,1.467,,1.639
Croatia,HRV,2020,1.482,,
Czechia,CZE,1950,2.799,,
Czechia,CZE,1951,2.769,,2.484
Czechia,CZE,1952,2.711,,2.555
Czechia,CZE,1953,2.624,,2.438
Czechia,CZE,1954,2.593,,2.403
Czechia,CZE,1955,2.59,,2.352
Czechia,CZE,1956,2.58,,2.274
Czechia,CZE,1957,2.505,,2.239
Czechia,CZE,1958,2.314,,2.097
Czechia,CZE,1959,2.128,,1.994
Czechia,CZE,1960,2.121,,2.118
Czechia,CZE,1961,2.14,,2.078
Czechia,CZE,1962,2.152,,2.1
Czechia,CZE,1963,2.353,,2.462
Czechia,CZE,1964,2.384,,2.419
Czechia,CZE,1965,2.209,2.113,2.087
Czechia,CZE,1966,2.04,2.092,1.899
Czechia,CZE,1967,1.929,2.105,1.89
Czechia,CZE,1968,1.86,2.091,1.86
Czechia,CZE,1969,1.893,2.09,1.897
Czechia,CZE,1970,1.92,2.102,2.077
Czechia,CZE,1971,1.98,2.064,2.072
Czechia,CZE,1972,2.077,2.04,2.032
Czechia,CZE,1973,2.291,2.066,2.25
Czechia,CZE,1974,2.44,2.046,2.31
Czechia,CZE,1975,2.412,2.022,2.266
Czechia,CZE,1976,2.372,2.065,2.243
Czechia,CZE,1977,2.329,2.086,2.199
Czechia,CZE,1978,2.335,2.087,2.207
Czechia,CZE,1979,2.298,2.098,2.138
Czechia,CZE,1980,2.108,2.108,2.054
Czechia,CZE,1981,2.021,2.107,2.006
Czechia,CZE,1982,2.014,2.1,1.973
Czechia,CZE,1983,1.971,2.086,1.978
Czechia,CZE,1984,1.976,2.08,2.034
Czechia,CZE,1985,1.974,2.076,2.098
Czechia,CZE,1986,1.948,2.077,2.076
Czechia,CZE,1987,1.923,2.069,2.012
Czechia,CZE,1988,1.954,2.051,2.052
Czechia,CZE,1989,1.888,2.04,1.952
Czechia,CZE,1990,1.908,2.033,1.926
Czechia,CZE,1991,1.861,2.023,1.926
Czechia,CZE,1992,1.715,2,1.867
Czechia,CZE,1993,1.667,1.977,2.036
Czechia,CZE,1994,1.44,1.967,2.078
Czechia,CZE,1995,1.281,1.955,1.968
Czechia,CZE,1996,1.189,1.931,1.782
Czechia,CZE,1997,1.178,1.913,1.708
Czechia,CZE,1998,1.163,1.9,1.629
Czechia,CZE,1999,1.139,1.905,1.644
Czechia,CZE,2000,1.151,1.881,1.777
Czechia,CZE,2001,1.144,1.874,1.699
Czechia,CZE,2002,1.165,,1.632
Czechia,CZE,2003,1.172,,1.697
Czechia,CZE,2004,1.219,,1.773
Czechia,CZE,2005,1.275,,1.801
Czechia,CZE,2006,1.323,,1.752
Czechia,CZE,2007,1.44,,1.833
Czechia,CZE,2008,1.513,,1.811
Czechia,CZE,2009,1.514,,1.718
Czechia,CZE,2010,1.516,,1.779
Czechia,CZE,2011,1.427,,1.636
Czechia,CZE,2012,1.455,,1.621
Czechia,CZE,2013,1.461,,1.595
Czechia,CZE,2014,1.538,,1.657
Czechia,CZE,2015,1.585,,1.677
Czechia,CZE,2016,1.652,,1.711
Czechia,CZE,2017,1.714,,1.823
Czechia,CZE,2018,1.744,,1.867
Czechia,CZE,2019,1.754,,1.84
Czechia,CZE,2020,1.76,,1.947
Czechia,CZE,2021,1.819,,
Denmark,DNK,1916,3.198,,
Denmark,DNK,1917,3.084,,
Denmark,DNK,1918,3.139,,
Denmark,DNK,1919,2.932,,
Denmark,DNK,1920,3.264,,
Denmark,DNK,1921,3.083,,
Denmark,DNK,1922,2.846,,
Denmark,DNK,1923,2.833,,
Denmark,DNK,1924,2.753,,
Denmark,DNK,1925,2.639,,
Denmark,DNK,1926,2.557,,
Denmark,DNK,1927,2.427,,
Denmark,DNK,1928,2.417,,
Denmark,DNK,1929,2.28,,
Denmark,DNK,1930,2.286,,
Denmark,DNK,1931,2.187,2.215,
Denmark,DNK,1932,2.17,2.181,
Denmark,DNK,1933,2.081,2.158,
Denmark,DNK,1934,2.133,2.154,
Denmark,DNK,1935,2.113,2.163,
Denmark,DNK,1936,2.135,2.174,
Denmark,DNK,1937,2.156,2.181,
Denmark,DNK,1938,2.178,2.185,
Denmark,DNK,1939,2.15,2.189,
Denmark,DNK,1940,2.21,2.227,
Denmark,DNK,1941,2.244,2.253,
Denmark,DNK,1942,2.495,2.28,
Denmark,DNK,1943,2.639,2.307,
Denmark,DNK,1944,2.832,2.325,
Denmark,DNK,1945,2.967,2.328,
Denmark,DNK,1946,3.006,2.324,
Denmark,DNK,1947,2.891,2.338,
Denmark,DNK,1948,2.704,2.32,
Denmark,DNK,1949,2.566,2.328,
Denmark,DNK,1950,2.574,2.356,
Denmark,DNK,1951,2.498,2.344,
Denmark,DNK,1952,2.534,2.336,
Denmark,DNK,1953,2.597,2.333,
Denmark,DNK,1954,2.549,2.333,
Denmark,DNK,1955,2.583,2.34,
Denmark,DNK,1956,2.597,2.348,
Denmark,DNK,1957,2.565,2.354,
Denmark,DNK,1958,2.552,2.341,
Denmark,DNK,1959,2.516,2.336,
Denmark,DNK,1960,2.571,2.362,
Denmark,DNK,1961,2.553,2.372,
Denmark,DNK,1962,2.551,2.377,
Denmark,DNK,1963,2.641,2.388,
Denmark,DNK,1964,2.6,2.392,
Denmark,DNK,1965,2.608,2.378,
Denmark,DNK,1966,2.615,2.349,
Denmark,DNK,1967,2.35,2.325,
Denmark,DNK,1968,2.117,2.298,
Denmark,DNK,1969,1.998,2.265,2.2
Denmark,DNK,1970,1.949,2.243,2.223
Denmark,DNK,1971,2.043,2.209,2.107
Denmark,DNK,1972,2.029,2.167,2.129
Denmark,DNK,1973,1.917,2.136,2.058
Denmark,DNK,1974,1.896,2.102,1.878
Denmark,DNK,1975,1.919,2.06,1.999
Denmark,DNK,1976,1.748,2.03,1.887
Denmark,DNK,1977,1.661,2.002,1.818
Denmark,DNK,1978,1.669,1.974,1.966
Denmark,DNK,1979,1.602,1.934,1.84
Denmark,DNK,1980,1.547,1.904,1.758
Denmark,DNK,1981,1.437,1.895,1.701
Denmark,DNK,1982,1.427,1.859,1.78
Denmark,DNK,1983,1.377,1.853,1.735
Denmark,DNK,1984,1.4,1.851,1.747
Denmark,DNK,1985,1.447,1.838,1.74
Denmark,DNK,1986,1.48,1.848,1.748
Denmark,DNK,1987,1.495,1.861,1.781
Denmark,DNK,1988,1.559,1.864,1.81
Denmark,DNK,1989,1.619,1.877,1.801
Denmark,DNK,1990,1.667,1.9,1.925
Denmark,DNK,1991,1.681,1.908,1.946
Denmark,DNK,1992,1.761,1.916,1.989
Denmark,DNK,1993,1.747,1.923,2.034
Denmark,DNK,1994,1.805,1.933,2.061
Denmark,DNK,1995,1.805,1.935,2.004
Denmark,DNK,1996,1.748,1.931,1.944
Denmark,DNK,1997,1.75,1.943,1.974
Denmark,DNK,1998,1.719,1.969,1.926
Denmark,DNK,1999,1.733,1.982,1.924
Denmark,DNK,2000,1.769,1.971,1.905
Denmark,DNK,2001,1.74,1.952,1.963
Denmark,DNK,2002,1.72,1.958,2.071
Denmark,DNK,2003,1.755,1.962,1.999
Denmark,DNK,2004,1.781,1.958,1.949
Denmark,DNK,2005,1.798,,1.959
Denmark,DNK,2006,1.846,,2.067
Denmark,DNK,2007,1.843,,1.98
Denmark,DNK,2008,1.888,,2
Denmark,DNK,2009,1.84,,2.042
Denmark,DNK,2010,1.871,,2.085
Denmark,DNK,2011,1.753,,1.892
Denmark,DNK,2012,1.73,,1.866
Denmark,DNK,2013,1.669,,1.848
Denmark,DNK,2014,1.692,,1.808
Denmark,DNK,2015,1.714,,1.803
Denmark,DNK,2016,1.786,,1.913
Denmark,DNK,2017,1.753,,1.984
Denmark,DNK,2018,1.731,,1.995
Denmark,DNK,2019,1.7,,1.925
Denmark,DNK,2020,1.676,,1.918
Denmark,DNK,2021,1.725,,1.922
Denmark,DNK,2022,1.554,,1.705
Denmark,DNK,2023,1.497,,1.732
Denmark,DNK,2024,1.466,,
East Germany,OWID_GDR,1956,2.293,,
East Germany,OWID_GDR,1957,2.242,,2.049
East Germany,OWID_GDR,1958,2.221,,1.989
East Germany,OWID_GDR,1959,2.358,,2.106
East Germany,OWID_GDR,1960,2.349,,2.15
East Germany,OWID_GDR,1961,2.424,,2.232
East Germany,OWID_GDR,1962,2.422,,2.319
East Germany,OWID_GDR,1963,2.477,,2.42
East Germany,OWID_GDR,1964,2.482,,2.38
East Germany,OWID_GDR,1965,2.485,,2.362
East Germany,OWID_GDR,1966,2.423,,2.342
East Germany,OWID_GDR,1967,2.334,,2.28
East Germany,OWID_GDR,1968,2.292,,2.279
East Germany,OWID_GDR,1969,2.232,,2.316
East Germany,OWID_GDR,1970,2.188,,2.273
East Germany,OWID_GDR,1971,2.129,1.952,2.271
East Germany,OWID_GDR,1972,1.784,1.901,1.887
East Germany,OWID_GDR,1973,1.573,1.891,1.616
East Germany,OWID_GDR,1974,1.537,1.873,1.57
East Germany,OWID_GDR,1975,1.54,1.861,1.559
East Germany,OWID_GDR,1976,1.636,1.866,1.669
East Germany,OWID_GDR,1977,1.85,1.836,1.83
East Germany,OWID_GDR,1978,1.898,1.828,1.811
East Germany,OWID_GDR,1979,1.895,1.804,1.773
East Germany,OWID_GDR,1980,1.942,1.791,1.841
East Germany,OWID_GDR,1981,1.858,1.795,1.854
East Germany,OWID_GDR,1982,1.859,1.803,1.88
East Germany,OWID_GDR,1983,1.791,1.809,1.803
East Germany,OWID_GDR,1984,1.738,1.809,1.744
East Germany,OWID_GDR,1985,1.736,1.817,1.812
East Germany,OWID_GDR,1986,1.7,1.814,1.899
East Germany,OWID_GDR,1987,1.737,1.827,1.926
East Germany,OWID_GDR,1988,1.67,1.822,1.805
East Germany,OWID_GDR,1989,1.58,1.82,
East Germany,OWID_GDR,1990,1.512,1.796,
East Germany,OWID_GDR,1991,0.996,1.764,
East Germany,OWID_GDR,1992,0.845,1.725,
East Germany,OWID_GDR,1993,0.784,1.68,
East Germany,OWID_GDR,1994,0.78,1.64,
East Germany,OWID_GDR,1995,0.848,1.61,
East Germany,OWID_GDR,1996,0.967,1.574,
East Germany,OWID_GDR,1997,1.061,1.567,
East Germany,OWID_GDR,1998,1.114,,
East Germany,OWID_GDR,1999,1.178,,
East Germany,OWID_GDR,2000,1.254,,
East Germany,OWID_GDR,2001,1.244,,
East Germany,OWID_GDR,2002,1.252,,
East Germany,OWID_GDR,2003,1.28,,
East Germany,OWID_GDR,2004,1.329,,
East Germany,OWID_GDR,2005,1.314,,
East Germany,OWID_GDR,2006,1.324,,
East Germany,OWID_GDR,2007,1.391,,
East Germany,OWID_GDR,2008,1.435,,
East Germany,OWID_GDR,2009,1.43,,
East Germany,OWID_GDR,2010,1.487,,1.612
East Germany,OWID_GDR,2011,1.462,,1.602
East Germany,OWID_GDR,2012,1.488,,1.599
East Germany,OWID_GDR,2013,1.494,,1.671
East Germany,OWID_GDR,2014,1.546,,1.685
East Germany,OWID_GDR,2015,1.562,,1.525
East Germany,OWID_GDR,2016,1.646,,1.725
East Germany,OWID_GDR,2017,1.616,,
England and Wales,,1938,1.831,,
England and Wales,,1939,1.817,,
England and Wales,,1940,1.747,,
England and Wales,,1941,1.718,,
England and Wales,,1942,1.932,,
England and Wales,,1943,2.028,,
England and Wales,,1944,2.235,,
England and Wales,,1945,2.033,,
England and Wales,,1946,2.474,,
England and Wales,,1947,2.685,,
England and Wales,,1948,2.39,,
England and Wales,,1949,2.269,,
England and Wales,,1950,2.181,,
England and Wales,,1951,2.139,,
England and Wales,,1952,2.152,,
England and Wales,,1953,2.214,2.095,
England and Wales,,1954,2.207,2.119,
England and Wales,,1955,2.214,2.156,
England and Wales,,1956,2.346,2.197,
England and Wales,,1957,2.442,2.215,
England and Wales,,1958,2.516,2.243,
England and Wales,,1959,2.552,2.299,
England and Wales,,1960,2.679,2.354,
England and Wales,,1961,2.764,2.353,
England and Wales,,1962,2.845,2.36,
England and Wales,,1963,2.88,2.389,
England and Wales,,1964,2.93,2.409,
England and Wales,,1965,2.845,2.411,
England and Wales,,1966,2.753,2.397,
England and Wales,,1967,2.648,2.378,
England and Wales,,1968,2.567,2.367,
England and Wales,,1969,2.468,2.372,
England and Wales,,1970,2.395,2.343,
England and Wales,,1971,2.364,2.28,
England and Wales,,1972,2.167,2.25,
England and Wales,,1973,2.001,2.245,
England and Wales,,1974,1.885,2.215,
England and Wales,,1975,1.773,2.144,
England and Wales,,1976,1.708,2.127,
England and Wales,,1977,1.657,2.135,
England and Wales,,1978,1.727,2.093,
England and Wales,,1979,1.837,2.06,
England and Wales,,1980,1.875,2.049,
England and Wales,,1981,1.8,2.037,
England and Wales,,1982,1.761,2.046,
England and Wales,,1983,1.754,2.042,
England and Wales,,1984,1.753,2.02,
England and Wales,,1985,1.782,2.008,
England and Wales,,1986,1.771,2.016,
England and Wales,,1987,1.807,2.008,
England and Wales,,1988,1.823,1.981,
England and Wales,,1989,1.798,1.978,
England and Wales,,1990,1.839,1.976,
England and Wales,,1991,1.82,1.947,
England and Wales,,1992,1.798,1.928,
England and Wales,,1993,1.765,1.926,
England and Wales,,1994,1.75,1.924,
England and Wales,,1995,1.719,1.918,
England and Wales,,1996,1.737,1.908,
England and Wales,,1997,1.733,1.91,
England and Wales,,1998,1.724,1.916,
England and Wales,,1999,1.696,1.913,
England and Wales,,2000,1.654,1.912,
England and Wales,,2001,1.635,1.904,
England and Wales,,2002,1.644,1.893,
England and Wales,,2003,1.718,,
England and Wales,,2004,1.766,,
England and Wales,,2005,1.775,,
England and Wales,,2006,1.831,,
England and Wales,,2007,1.877,,
England and Wales,,2008,1.92,,
England and Wales,,2009,1.904,,
England and Wales,,2010,1.939,,
England and Wales,,2011,1.927,,
England and Wales,,2012,1.928,,
England and Wales,,2013,1.83,,
England and Wales,,2014,1.804,,2.176
England and Wales,,2015,1.792,,2.194
England and Wales,,2016,1.77,,2.092
England and Wales,,2017,1.712,,1.916
England and Wales,,2018,1.645,,1.831
England and Wales,,2019,1.596,,1.756
England and Wales,,2020,1.525,,1.764
England and Wales,,2021,1.544,,1.676
England and Wales,,2022,1.489,,
Estonia,EST,1959,1.947,,
Estonia,EST,1960,1.975,,1.788
Estonia,EST,1961,1.982,,1.765
Estonia,EST,1962,1.965,,1.858
Estonia,EST,1963,1.912,,1.846
Estonia,EST,1964,1.97,,1.822
Estonia,EST,1965,1.915,,1.836
Estonia,EST,1966,1.898,,1.798
Estonia,EST,1967,1.911,,1.678
Estonia,EST,1968,2.025,,1.81
Estonia,EST,1969,2.126,,1.899
Estonia,EST,1970,2.188,,1.932
Estonia,EST,1971,2.234,,2.044
Estonia,EST,1972,2.177,,2.078
Estonia,EST,1973,2.098,,1.925
Estonia,EST,1974,2.089,1.889,1.832
Estonia,EST,1975,2.048,1.873,1.854
Estonia,EST,1976,2.058,1.889,1.895
Estonia,EST,1977,2.053,1.91,1.849
Estonia,EST,1978,2.016,1.916,1.801
Estonia,EST,1979,2.012,1.988,1.795
Estonia,EST,1980,2.03,1.964,1.926
Estonia,EST,1981,2.087,2.002,2.195
Estonia,EST,1982,2.096,1.951,2.182
Estonia,EST,1983,2.177,1.963,2.15
Estonia,EST,1984,2.182,1.973,2.049
Estonia,EST,1985,2.13,1.97,2.099
Estonia,EST,1986,2.178,2.022,2.215
Estonia,EST,1987,2.271,2.027,2.208
Estonia,EST,1988,2.275,2.035,1.98
Estonia,EST,1989,2.218,2.06,1.919
Estonia,EST,1990,2.049,2.062,1.871
Estonia,EST,1991,1.802,1.994,1.746
Estonia,EST,1992,1.707,1.97,1.728
Estonia,EST,1993,1.485,1.912,1.509
Estonia,EST,1994,1.413,1.882,1.611
Estonia,EST,1995,1.372,1.907,1.765
Estonia,EST,1996,1.363,1.866,1.946
Estonia,EST,1997,1.306,1.874,1.787
Estonia,EST,1998,1.272,1.877,1.55
Estonia,EST,1999,1.295,1.86,1.735
Estonia,EST,2000,1.356,,1.855
Estonia,EST,2001,1.316,,1.809
Estonia,EST,2002,1.359,,1.914
Estonia,EST,2003,1.367,,1.693
Estonia,EST,2004,1.473,,1.913
Estonia,EST,2005,1.519,,1.982
Estonia,EST,2006,1.585,,1.869
Estonia,EST,2007,1.687,,2.084
Estonia,EST,2008,1.721,,2.251
Estonia,EST,2009,1.701,,2.041
Estonia,EST,2010,1.721,,1.985
Estonia,EST,2011,1.613,,1.888
Estonia,EST,2012,1.559,,1.705
Estonia,EST,2013,1.521,,1.647
Estonia,EST,2014,1.538,,2.003
Estonia,EST,2015,1.584,,2.292
Estonia,EST,2016,1.605,,1.984
Estonia,EST,2017,1.591,,1.721
Estonia,EST,2018,1.671,,1.825
Estonia,EST,2019,1.661,,
Finland,FIN,1939,2.55,,
Finland,FIN,1940,2.147,,
Finland,FIN,1941,2.904,,
Finland,FIN,1942,2.003,,
Finland,FIN,1943,2.467,,
Finland,FIN,1944,2.565,,
Finland,FIN,1945,3.08,,
Finland,FIN,1946,3.401,,
Finland,FIN,1947,3.463,,
Finland,FIN,1948,3.452,,
Finland,FIN,1949,3.319,,
Finland,FIN,1950,3.152,,
Finland,FIN,1951,3.007,,
Finland,FIN,1952,3.059,,
Finland,FIN,1953,2.953,,
Finland,FIN,1954,2.931,2.588,
Finland,FIN,1955,2.938,2.58,
Finland,FIN,1956,2.92,2.558,
Finland,FIN,1957,2.865,2.545,
Finland,FIN,1958,2.681,2.53,
Finland,FIN,1959,2.756,2.481,
Finland,FIN,1960,2.721,2.462,
Finland,FIN,1961,2.716,2.437,
Finland,FIN,1962,2.684,2.393,
Finland,FIN,1963,2.686,2.354,
Finland,FIN,1964,2.597,2.325,
Finland,FIN,1965,2.479,2.299,
Finland,FIN,1966,2.409,2.245,
Finland,FIN,1967,2.323,2.175,
Finland,FIN,1968,2.14,2.144,
Finland,FIN,1969,1.93,2.108,
Finland,FIN,1970,1.826,2.034,
Finland,FIN,1971,1.685,1.973,
Finland,FIN,1972,1.576,1.953,
Finland,FIN,1973,1.492,1.921,
Finland,FIN,1974,1.613,1.892,
Finland,FIN,1975,1.681,1.881,
Finland,FIN,1976,1.704,1.864,
Finland,FIN,1977,1.679,1.863,
Finland,FIN,1978,1.643,1.85,
Finland,FIN,1979,1.636,1.859,
Finland,FIN,1980,1.632,1.847,
Finland,FIN,1981,1.645,1.864,
Finland,FIN,1982,1.715,1.853,
Finland,FIN,1983,1.736,1.859,1.976
Finland,FIN,1984,1.694,1.882,1.93
Finland,FIN,1985,1.643,1.896,1.874
Finland,FIN,1986,1.597,1.912,1.849
Finland,FIN,1987,1.586,1.934,1.782
Finland,FIN,1988,1.693,1.946,1.764
Finland,FIN,1989,1.708,1.947,1.806
Finland,FIN,1990,1.782,1.962,1.884
Finland,FIN,1991,1.794,1.952,1.853
Finland,FIN,1992,1.848,1.941,1.956
Finland,FIN,1993,1.814,1.943,1.945
Finland,FIN,1994,1.846,1.92,2.104
Finland,FIN,1995,1.807,1.925,2.093
Finland,FIN,1996,1.764,1.901,1.952
Finland,FIN,1997,1.746,1.89,1.94
Finland,FIN,1998,1.7,1.914,1.813
Finland,FIN,1999,1.735,1.904,1.79
Finland,FIN,2000,1.729,1.887,1.799
Finland,FIN,2001,1.726,1.893,1.851
Finland,FIN,2002,1.718,1.909,1.929
Finland,FIN,2003,1.759,1.898,1.929
Finland,FIN,2004,1.8,1.892,1.88
Finland,FIN,2005,1.803,,1.916
Finland,FIN,2006,1.837,,1.945
Finland,FIN,2007,1.829,,1.935
Finland,FIN,2008,1.847,,1.939
Finland,FIN,2009,1.865,,1.95
Finland,FIN,2010,1.87,,2.021
Finland,FIN,2011,1.827,,1.984
Finland,FIN,2012,1.801,,1.947
Finland,FIN,2013,1.747,,1.846
Finland,FIN,2014,1.711,,1.869
Finland,FIN,2015,1.65,,1.957
Finland,FIN,2016,1.567,,1.809
Finland,FIN,2017,1.49,,1.64
Finland,FIN,2018,1.407,,1.615
Finland,FIN,2019,1.348,,1.544
Finland,FIN,2020,1.371,,1.684
Finland,FIN,2021,1.458,,1.778
Finland,FIN,2022,1.316,,1.417
Finland,FIN,2023,1.256,,1.392
Finland,FIN,2024,1.251,,
France,FRA,1946,2.997,,
France,FRA,1947,3.038,,
France,FRA,1948,3.02,,
France,FRA,1949,3.004,,
France,FRA,1950,2.947,,
France,FRA,1951,2.806,,
France,FRA,1952,2.777,,
France,FRA,1953,2.704,,
France,FRA,1954,2.715,,
France,FRA,1955,2.684,,
France,FRA,1956,2.674,,
France,FRA,1957,2.695,,
France,FRA,1958,2.684,,
France,FRA,1959,2.753,,
France,FRA,1960,2.741,,
France,FRA,1961,2.826,2.626,
France,FRA,1962,2.796,2.63,
France,FRA,1963,2.897,2.617,
France,FRA,1964,2.915,2.602,
France,FRA,1965,2.848,2.589,
France,FRA,1966,2.799,2.548,
France,FRA,1967,2.67,2.531,
France,FRA,1968,2.587,2.489,
France,FRA,1969,2.534,2.448,
France,FRA,1970,2.48,2.423,
France,FRA,1971,2.496,2.373,
France,FRA,1972,2.418,2.313,
France,FRA,1973,2.308,2.292,
France,FRA,1974,2.112,2.268,
France,FRA,1975,1.927,2.228,
France,FRA,1976,1.83,2.174,
France,FRA,1977,1.863,2.135,
France,FRA,1978,1.823,2.119,
France,FRA,1979,1.856,2.107,
France,FRA,1980,1.946,2.117,
France,FRA,1981,1.946,2.113,
France,FRA,1982,1.913,2.123,
France,FRA,1983,1.785,2.12,
France,FRA,1984,1.802,2.124,
France,FRA,1985,1.815,2.132,
France,FRA,1986,1.832,2.141,
France,FRA,1987,1.802,2.136,
France,FRA,1988,1.806,2.136,
France,FRA,1989,1.788,2.121,
France,FRA,1990,1.779,2.118,
France,FRA,1991,1.77,2.093,
France,FRA,1992,1.734,2.082,
France,FRA,1993,1.661,2.068,
France,FRA,1994,1.663,2.046,
France,FRA,1995,1.714,2.036,
France,FRA,1996,1.734,2.022,
France,FRA,1997,1.726,2.017,
France,FRA,1998,1.764,2.013,
France,FRA,1999,1.792,2.004,
France,FRA,2000,1.875,2.005,
France,FRA,2001,1.877,1.994,
France,FRA,2002,1.865,1.993,
France,FRA,2003,1.874,,
France,FRA,2004,1.898,,
France,FRA,2005,1.92,,
France,FRA,2006,1.981,,
France,FRA,2007,1.96,,
France,FRA,2008,1.991,,
France,FRA,2009,1.99,,
France,FRA,2010,2.017,,
France,FRA,2011,1.997,,
France,FRA,2012,1.993,,
France,FRA,2013,1.974,,
France,FRA,2014,1.975,,
France,FRA,2015,1.927,,
France,FRA,2016,1.892,,
France,FRA,2017,1.859,,
France,FRA,2018,1.837,,
France,FRA,2019,1.828,,
France,FRA,2020,1.783,,
France,FRA,2021,1.794,,
France,FRA,2022,1.758,,
Germany,DEU,1956,2.22,,
Germany,DEU,1957,2.274,,
Germany,DEU,1958,2.276,,
Germany,DEU,1959,2.368,,
Germany,DEU,1960,2.368,,
Germany,DEU,1961,2.444,,
Germany,DEU,1962,2.44,,
Germany,DEU,1963,2.512,,
Germany,DEU,1964,2.535,,
Germany,DEU,1965,2.501,,
Germany,DEU,1966,2.507,,
Germany,DEU,1967,2.45,,
Germany,DEU,1968,2.36,,
Germany,DEU,1969,2.211,,
Germany,DEU,1970,2.029,,
Germany,DEU,1971,1.965,1.916,
Germany,DEU,1972,1.734,1.865,
Germany,DEU,1973,1.556,1.829,
Germany,DEU,1974,1.526,1.8,
Germany,DEU,1975,1.48,1.795,
Germany,DEU,1976,1.507,1.795,
Germany,DEU,1977,1.51,1.769,
Germany,DEU,1978,1.501,1.749,
Germany,DEU,1979,1.498,1.735,
Germany,DEU,1980,1.561,1.723,
Germany,DEU,1981,1.529,1.693,
Germany,DEU,1982,1.506,1.687,
Germany,DEU,1983,1.429,1.676,
Germany,DEU,1984,1.387,1.658,
Germany,DEU,1985,1.374,1.675,
Germany,DEU,1986,1.414,1.672,
Germany,DEU,1987,1.434,1.661,
Germany,DEU,1988,1.462,1.663,
Germany,DEU,1989,1.423,1.663,
Germany,DEU,1990,1.455,1.661,
Germany,DEU,1991,1.334,1.637,
Germany,DEU,1992,1.3,1.618,
Germany,DEU,1993,1.284,1.593,
Germany,DEU,1994,1.249,1.571,
Germany,DEU,1995,1.256,1.556,
Germany,DEU,1996,1.328,1.531,
Germany,DEU,1997,1.381,1.509,
Germany,DEU,1998,1.368,,
Germany,DEU,1999,1.375,,
Germany,DEU,2000,1.399,,
Germany,DEU,2001,1.367,,
Germany,DEU,2002,1.361,,
Germany,DEU,2003,1.361,,
Germany,DEU,2004,1.381,,
Germany,DEU,2005,1.363,,
Germany,DEU,2006,1.356,,
Germany,DEU,2007,1.398,,
Germany,DEU,2008,1.408,,
Germany,DEU,2009,1.385,,
Germany,DEU,2010,1.42,,1.675
Germany,DEU,2011,1.391,,1.597
Germany,DEU,2012,1.41,,1.594
Germany,DEU,2013,1.42,,1.631
Germany,DEU,2014,1.476,,1.598
Germany,DEU,2015,1.503,,1.485
Germany,DEU,2016,1.597,,1.647
Germany,DEU,2017,1.57,,
Hungary,HUN,1950,2.6,,
Hungary,HUN,1951,2.529,,
Hungary,HUN,1952,2.469,,
Hungary,HUN,1953,2.753,,2.833
Hungary,HUN,1954,2.975,,2.707
Hungary,HUN,1955,2.808,,2.435
Hungary,HUN,1956,2.603,,2.153
Hungary,HUN,1957,2.295,,2.008
Hungary,HUN,1958,2.186,,2.024
Hungary,HUN,1959,2.089,,1.91
Hungary,HUN,1960,2.024,,1.92
Hungary,HUN,1961,1.939,,1.954
Hungary,HUN,1962,1.795,,1.936
Hungary,HUN,1963,1.825,,2.005
Hungary,HUN,1964,1.822,,1.859
Hungary,HUN,1965,1.831,1.973,1.832
Hungary,HUN,1966,1.899,1.985,1.933
Hungary,HUN,1967,2.027,1.978,2.028
Hungary,HUN,1968,2.081,1.949,2.07
Hungary,HUN,1969,2.052,1.932,2.003
Hungary,HUN,1970,1.989,1.923,1.874
Hungary,HUN,1971,1.941,1.931,1.83
Hungary,HUN,1972,1.94,1.898,1.88
Hungary,HUN,1973,1.942,1.918,1.898
Hungary,HUN,1974,2.288,1.918,2.201
Hungary,HUN,1975,2.366,1.906,2.191
Hungary,HUN,1976,2.25,1.914,2.076
Hungary,HUN,1977,2.168,1.928,2.026
Hungary,HUN,1978,2.078,1.946,1.92
Hungary,HUN,1979,2.018,1.974,1.926
Hungary,HUN,1980,1.915,1.955,1.958
Hungary,HUN,1981,1.882,1.971,1.988
Hungary,HUN,1982,1.806,1.956,1.936
Hungary,HUN,1983,1.761,1.933,1.898
Hungary,HUN,1984,1.774,1.938,1.909
Hungary,HUN,1985,1.874,1.95,2.104
Hungary,HUN,1986,1.869,1.974,2.114
Hungary,HUN,1987,1.854,2.02,2.003
Hungary,HUN,1988,1.846,2.015,1.949
Hungary,HUN,1989,1.838,2.026,1.905
Hungary,HUN,1990,1.868,2.024,1.989
Hungary,HUN,1991,1.875,2.04,2.029
Hungary,HUN,1992,1.776,2.041,1.928
Hungary,HUN,1993,1.687,2.019,1.901
Hungary,HUN,1994,1.642,2.005,1.886
Hungary,HUN,1995,1.571,1.995,1.891
Hungary,HUN,1996,1.458,1.979,1.752
Hungary,HUN,1997,1.377,1.96,1.695
Hungary,HUN,1998,1.327,1.926,1.748
Hungary,HUN,1999,1.284,1.906,1.704
Hungary,HUN,2000,1.321,1.867,1.763
Hungary,HUN,2001,1.31,,1.756
Hungary,HUN,2002,1.303,,1.716
Hungary,HUN,2003,1.272,,1.758
Hungary,HUN,2004,1.276,,1.803
Hungary,HUN,2005,1.307,,1.707
Hungary,HUN,2006,1.34,,1.701
Hungary,HUN,2007,1.316,,1.552
Hungary,HUN,2008,1.348,,1.574
Hungary,HUN,2009,1.322,,1.715
Hungary,HUN,2010,1.25,,1.526
Hungary,HUN,2011,1.258,,1.313
Hungary,HUN,2012,1.338,,1.337
Hungary,HUN,2013,1.341,,1.383
Hungary,HUN,2014,1.412,,1.557
Hungary,HUN,2015,1.441,,1.52
Hungary,HUN,2016,1.496,,1.563
Hungary,HUN,2017,1.496,,1.656
Hungary,HUN,2018,1.487,,1.587
Hungary,HUN,2019,1.492,,1.559
Hungary,HUN,2020,1.563,,
Iceland,ISL,1960,4.303,,
Iceland,ISL,1961,3.927,,
Iceland,ISL,1962,3.993,,
Iceland,ISL,1963,3.993,,
Iceland,ISL,1964,3.881,,
Iceland,ISL,1965,3.728,,
Iceland,ISL,1966,3.587,,
Iceland,ISL,1967,3.285,,
Iceland,ISL,1968,3.065,,
Iceland,ISL,1969,2.99,,
Iceland,ISL,1970,2.814,,
Iceland,ISL,1971,2.92,,
Iceland,ISL,1972,3.092,,
Iceland,ISL,1973,2.942,,
Iceland,ISL,1974,2.657,,
Iceland,ISL,1975,2.648,2.775,
Iceland,ISL,1976,2.523,2.794,
Iceland,ISL,1977,2.312,2.784,
Iceland,ISL,1978,2.349,2.764,
Iceland,ISL,1979,2.488,2.72,
Iceland,ISL,1980,2.477,2.696,
Iceland,ISL,1981,2.332,2.665,
Iceland,ISL,1982,2.264,2.603,
Iceland,ISL,1983,2.244,2.547,
Iceland,ISL,1984,2.08,2.568,
Iceland,ISL,1985,1.933,2.522,
Iceland,ISL,1986,1.933,2.508,
Iceland,ISL,1987,2.072,2.516,
Iceland,ISL,1988,2.271,2.509,
Iceland,ISL,1989,2.201,2.503,
Iceland,ISL,1990,2.309,2.523,
Iceland,ISL,1991,2.187,2.48,2.92
Iceland,ISL,1992,2.211,2.413,2.444
Iceland,ISL,1993,2.222,2.43,2.433
Iceland,ISL,1994,2.142,2.384,2.484
Iceland,ISL,1995,2.078,2.34,2.426
Iceland,ISL,1996,2.119,2.331,2.266
Iceland,ISL,1997,2.036,2.309,2.182
Iceland,ISL,1998,2.046,2.274,2.198
Iceland,ISL,1999,1.993,2.252,2.36
Iceland,ISL,2000,2.078,2.286,2.713
Iceland,ISL,2001,1.952,2.303,2.461
Iceland,ISL,2002,1.934,2.279,2.296
Iceland,ISL,2003,1.99,2.238,2.289
Iceland,ISL,2004,2.039,,2.136
Iceland,ISL,2005,2.048,,2.175
Iceland,ISL,2006,2.079,,2.308
Iceland,ISL,2007,2.088,,2.312
Iceland,ISL,2008,2.154,,2.502
Iceland,ISL,2009,2.228,,2.393
Iceland,ISL,2010,2.242,,2.388
Iceland,ISL,2011,2.09,,2.237
Iceland,ISL,2012,2.108,,2.488
Iceland,ISL,2013,1.999,,2.206
Iceland,ISL,2014,1.994,,2.017
Iceland,ISL,2015,1.86,,2.164
Iceland,ISL,2016,1.801,,2.205
Iceland,ISL,2017,1.758,,2.171
Iceland,ISL,2018,1.757,,2.53
Iceland,ISL,2019,1.806,,2.107
Iceland,ISL,2020,1.793,,1.572
Iceland,ISL,2021,1.905,,1.885
Iceland,ISL,2022,1.671,,1.906
Iceland,ISL,2023,1.594,,
Ireland,IRL,1955,3.359,,
Ireland,IRL,1956,3.371,,3.378
Ireland,IRL,1957,3.468,,3.501
Ireland,IRL,1958,3.455,,3.326
Ireland,IRL,1959,3.594,,3.328
Ireland,IRL,1960,3.752,,3.394
Ireland,IRL,1961,3.794,,3.494
Ireland,IRL,1962,3.955,,3.647
Ireland,IRL,1963,4.061,,3.815
Ireland,IRL,1964,4.117,,4.041
Ireland,IRL,1965,4.078,,3.953
Ireland,IRL,1966,3.976,,3.842
Ireland,IRL,1967,3.874,,3.747
Ireland,IRL,1968,3.791,,3.647
Ireland,IRL,1969,3.842,,3.579
Ireland,IRL,1970,3.863,,3.56
Ireland,IRL,1971,3.954,,3.856
Ireland,IRL,1972,3.865,,3.88
Ireland,IRL,1973,3.726,,3.826
Ireland,IRL,1974,3.597,,3.662
Ireland,IRL,1975,3.373,,3.403
Ireland,IRL,1976,3.285,,3.369
Ireland,IRL,1977,3.239,,3.178
Ireland,IRL,1978,3.207,,2.967
Ireland,IRL,1979,3.211,,3.086
Ireland,IRL,1980,3.203,,3.291
Ireland,IRL,1981,3.056,,3.215
Ireland,IRL,1982,2.949,,3.173
Ireland,IRL,1983,2.75,,2.972
Ireland,IRL,1984,2.586,,3.318
Ireland,IRL,1985,2.494,2.666,3.256
Ireland,IRL,1986,2.446,2.577,2.728
Ireland,IRL,1987,2.315,2.535,2.598
Ireland,IRL,1988,2.171,2.487,2.381
Ireland,IRL,1989,2.078,2.446,2.235
Ireland,IRL,1990,2.111,2.414,2.299
Ireland,IRL,1991,2.078,2.346,2.365
Ireland,IRL,1992,1.991,2.309,2.366
Ireland,IRL,1993,1.904,2.283,2.251
Ireland,IRL,1994,1.846,2.241,2.207
Ireland,IRL,1995,1.843,2.207,2.119
Ireland,IRL,1996,1.883,2.173,2.142
Ireland,IRL,1997,1.934,2.175,2.222
Ireland,IRL,1998,1.941,2.174,2.099
Ireland,IRL,1999,1.901,2.147,2.098
Ireland,IRL,2000,1.888,2.116,2.14
Ireland,IRL,2001,1.937,2.1,2.213
Ireland,IRL,2002,1.968,2.103,2.316
Ireland,IRL,2003,1.958,,2.372
Ireland,IRL,2004,1.929,,2.438
Ireland,IRL,2005,1.859,,2.271
Ireland,IRL,2006,1.91,,2.121
Ireland,IRL,2007,2.007,,2.151
Ireland,IRL,2008,2.059,,2.187
Ireland,IRL,2009,2.054,,2.193
Ireland,IRL,2010,2.047,,2.208
Ireland,IRL,2011,2.025,,2.158
Ireland,IRL,2012,1.982,,2.146
Ireland,IRL,2013,1.925,,2.186
Ireland,IRL,2014,1.892,,2.077
Ireland,IRL,2015,1.852,,2.149
Ireland,IRL,2016,1.807,,2.104
Ireland,IRL,2017,1.758,,1.926
Ireland,IRL,2018,1.742,,2.049
Ireland,IRL,2019,1.694,,1.992
Ireland,IRL,2020,1.627,,1.925
Ireland,IRL,2021,1.721,,1.848
Ireland,IRL,2022,1.534,,
Italy,ITA,1954,2.368,,
Italy,ITA,1955,2.349,,
Italy,ITA,1956,2.352,,
Italy,ITA,1957,2.35,,
Italy,ITA,1958,2.33,,
Italy,ITA,1959,2.407,,
Italy,ITA,1960,2.44,,
Italy,ITA,1961,2.445,,
Italy,ITA,1962,2.502,,
Italy,ITA,1963,2.587,,
Italy,ITA,1964,2.742,,
Italy,ITA,1965,2.703,,
Italy,ITA,1966,2.659,,
Italy,ITA,1967,2.565,,
Italy,ITA,1968,2.521,,
Italy,ITA,1969,2.535,2.214,
Italy,ITA,1970,2.452,2.19,
Italy,ITA,1971,2.436,2.153,
Italy,ITA,1972,2.386,2.151,
Italy,ITA,1973,2.365,2.142,
Italy,ITA,1974,2.355,2.091,
Italy,ITA,1975,2.229,2.08,
Italy,ITA,1976,2.128,2.082,
Italy,ITA,1977,1.991,2.025,
Italy,ITA,1978,1.886,1.967,
Italy,ITA,1979,1.775,1.937,
Italy,ITA,1980,1.696,1.92,
Italy,ITA,1981,1.598,1.895,
Italy,ITA,1982,1.602,1.878,
Italy,ITA,1983,1.537,1.865,
Italy,ITA,1984,1.484,1.851,
Italy,ITA,1985,1.449,1.826,
Italy,ITA,1986,1.372,1.798,
Italy,ITA,1987,1.351,1.77,
Italy,ITA,1988,1.384,1.742,
Italy,ITA,1989,1.347,1.72,
Italy,ITA,1990,1.359,1.695,
Italy,ITA,1991,1.323,1.658,
Italy,ITA,1992,1.318,1.632,
Italy,ITA,1993,1.26,1.607,
Italy,ITA,1994,1.219,1.575,
Italy,ITA,1995,1.193,1.549,
Italy,ITA,1996,1.217,1.535,
Italy,ITA,1997,1.227,1.528,
Italy,ITA,1998,1.214,1.508,
Italy,ITA,1999,1.233,1.494,
Italy,ITA,2000,1.256,1.487,
Italy,ITA,2001,1.251,1.477,
Italy,ITA,2002,1.269,1.466,
Italy,ITA,2003,1.287,,
Italy,ITA,2004,1.338,,
Italy,ITA,2005,1.332,,1.458
Italy,ITA,2006,1.366,,1.467
Italy,ITA,2007,1.391,,1.453
Italy,ITA,2008,1.436,,1.535
Italy,ITA,2009,1.436,,1.58
Italy,ITA,2010,1.439,,1.596
Italy,ITA,2011,1.423,,1.545
Italy,ITA,2012,1.417,,1.526
Italy,ITA,2013,1.388,,1.498
Italy,ITA,2014,1.385,,1.503
Italy,ITA,2015,1.366,,1.535
Italy,ITA,2016,1.358,,1.52
Italy,ITA,2017,1.338,,1.477
Italy,ITA,2018,1.307,,1.458
Italy,ITA,2019,1.268,,1.4
Italy,ITA,2020,1.245,,1.43
Italy,ITA,2021,1.253,,1.449
Italy,ITA,2022,1.243,,
Japan,JPN,1947,4.614,,
Japan,JPN,1948,4.463,,
Japan,JPN,1949,4.373,,
Japan,JPN,1950,3.691,,
Japan,JPN,1951,3.3,,
Japan,JPN,1952,3.02,,
Japan,JPN,1953,2.738,,
Japan,JPN,1954,2.526,,
Japan,JPN,1955,2.405,,
Japan,JPN,1956,2.258,,
Japan,JPN,1957,2.078,,
Japan,JPN,1958,2.15,,
Japan,JPN,1959,2.08,,
Japan,JPN,1960,2.024,,
Japan,JPN,1961,1.977,,
Japan,JPN,1962,1.987,2.084,
Japan,JPN,1963,2.013,2.042,
Japan,JPN,1964,2.055,2.036,
Japan,JPN,1965,2.155,2.049,
Japan,JPN,1966,1.588,2.044,
Japan,JPN,1967,2.236,2.054,
Japan,JPN,1968,2.139,2.024,
Japan,JPN,1969,2.135,2.021,2.061
Japan,JPN,1970,2.144,2.061,2.051
Japan,JPN,1971,2.169,2.063,2.049
Japan,JPN,1972,2.155,2.041,2.036
Japan,JPN,1973,2.149,2.044,2.051
Japan,JPN,1974,2.052,2.029,2.015
Japan,JPN,1975,1.909,1.969,1.939
Japan,JPN,1976,1.847,1.956,1.94
Japan,JPN,1977,1.791,1.986,1.921
Japan,JPN,1978,1.779,1.993,1.896
Japan,JPN,1979,1.755,1.995,1.878
Japan,JPN,1980,1.734,1.971,1.886
Japan,JPN,1981,1.729,1.964,1.885
Japan,JPN,1982,1.757,1.985,1.906
Japan,JPN,1983,1.79,1.99,1.939
Japan,JPN,1984,1.801,1.985,1.971
Japan,JPN,1985,1.758,1.979,1.97
Japan,JPN,1986,1.72,1.948,1.951
Japan,JPN,1987,1.691,1.92,1.935
Japan,JPN,1988,1.659,1.91,1.915
Japan,JPN,1989,1.577,1.872,1.817
Japan,JPN,1990,1.544,1.827,1.746
Japan,JPN,1991,1.538,1.786,1.731
Japan,JPN,1992,1.507,1.744,1.72
Japan,JPN,1993,1.465,1.699,1.671
Japan,JPN,1994,1.508,1.689,1.694
Japan,JPN,1995,1.426,1.626,1.605
Japan,JPN,1996,1.43,1.527,1.593
Japan,JPN,1997,1.394,1.544,1.514
Japan,JPN,1998,1.392,1.538,1.491
Japan,JPN,1999,1.352,1.487,1.426
Japan,JPN,2000,1.362,1.47,1.41
Japan,JPN,2001,1.339,1.455,1.402
Japan,JPN,2002,1.324,1.445,1.458
Japan,JPN,2003,1.297,1.443,1.454
Japan,JPN,2004,1.295,,1.43
Japan,JPN,2005,1.256,,1.377
Japan,JPN,2006,1.31,,1.469
Japan,JPN,2007,1.326,,1.455
Japan,JPN,2008,1.352,,1.486
Japan,JPN,2009,1.351,,1.543
Japan,JPN,2010,1.38,,1.537
Japan,JPN,2011,1.384,,1.587
Japan,JPN,2012,1.393,,1.659
Japan,JPN,2013,1.413,,1.637
Japan,JPN,2014,1.407,,1.616
Japan,JPN,2015,1.441,,1.617
Japan,JPN,2016,1.43,,1.544
Japan,JPN,2017,1.413,,1.51
Japan,JPN,2018,1.399,,1.49
Japan,JPN,2019,1.342,,1.448
Japan,JPN,2020,1.325,,1.504
Japan,JPN,2021,1.298,,1.486
Japan,JPN,2022,1.252,,1.423
Japan,JPN,2023,1.196,,
Lithuania,LTU,1959,2.623,,
Lithuania,LTU,1960,2.611,,
Lithuania,LTU,1961,2.601,,
Lithuania,LTU,1962,2.465,,
Lithuania,LTU,1963,2.347,,
Lithuania,LTU,1964,2.302,,
Lithuania,LTU,1965,2.231,,
Lithuania,LTU,1966,2.266,,
Lithuania,LTU,1967,2.273,,
Lithuania,LTU,1968,2.315,,
Lithuania,LTU,1969,2.341,,
Lithuania,LTU,1970,2.407,,
Lithuania,LTU,1971,2.426,,2.253
Lithuania,LTU,1972,2.355,,2.234
Lithuania,LTU,1973,2.228,,2.058
Lithuania,LTU,1974,2.212,1.991,2.018
Lithuania,LTU,1975,2.181,1.978,2.047
Lithuania,LTU,1976,2.174,1.989,1.98
Lithuania,LTU,1977,2.134,1.995,1.99
Lithuania,LTU,1978,2.082,2.035,1.98
Lithuania,LTU,1979,2.047,2.058,1.828
Lithuania,LTU,1980,1.994,2.01,2.297
Lithuania,LTU,1981,1.986,1.999,2.406
Lithuania,LTU,1982,1.979,1.971,1.92
Lithuania,LTU,1983,2.111,1.93,2.076
Lithuania,LTU,1984,2.079,1.951,1.902
Lithuania,LTU,1985,2.084,1.95,2.03
Lithuania,LTU,1986,2.121,1.954,2.176
Lithuania,LTU,1987,2.105,1.993,1.63
Lithuania,LTU,1988,2.013,1.949,1.451
Lithuania,LTU,1989,1.983,1.929,1.742
Lithuania,LTU,1990,2.026,1.911,1.851
Lithuania,LTU,1991,2.007,1.824,1.811
Lithuania,LTU,1992,1.969,1.755,1.977
Lithuania,LTU,1993,1.74,1.736,1.68
Lithuania,LTU,1994,1.575,1.722,1.561
Lithuania,LTU,1995,1.552,1.734,1.768
Lithuania,LTU,1996,1.495,1.731,1.74
Lithuania,LTU,1997,1.469,1.731,1.795
Lithuania,LTU,1998,1.46,1.754,1.748
Lithuania,LTU,1999,1.462,1.767,1.693
Lithuania,LTU,2000,1.391,1.742,1.682
Lithuania,LTU,2001,1.288,,1.534
Lithuania,LTU,2002,1.234,,1.456
Lithuania,LTU,2003,1.264,,1.707
Lithuania,LTU,2004,1.275,,1.692
Lithuania,LTU,2005,1.294,,1.63
Lithuania,LTU,2006,1.326,,1.806
Lithuania,LTU,2007,1.361,,1.836
Lithuania,LTU,2008,1.448,,2.056
Lithuania,LTU,2009,1.503,,2.185
Lithuania,LTU,2010,1.501,,1.773
Lithuania,LTU,2011,1.551,,1.685
Lithuania,LTU,2012,1.595,,1.891
Lithuania,LTU,2013,1.585,,1.979
Lithuania,LTU,2014,1.626,,1.938
Lithuania,LTU,2015,1.702,,1.96
Lithuania,LTU,2016,1.688,,2.003
Lithuania,LTU,2017,1.629,,2.021
Lithuania,LTU,2018,1.632,,2.067
Lithuania,LTU,2019,1.605,,1.908
Lithuania,LTU,2020,1.479,,
Netherlands,NLD,1950,3.097,,
Netherlands,NLD,1951,3.05,,2.885
Netherlands,NLD,1952,3.087,,3.017
Netherlands,NLD,1953,3.032,,2.929
Netherlands,NLD,1954,3.029,,2.907
Netherlands,NLD,1955,3.033,,2.889
Netherlands,NLD,1956,3.053,,2.872
Netherlands,NLD,1957,3.08,,2.896
Netherlands,NLD,1958,3.107,,2.943
Netherlands,NLD,1959,3.171,,2.953
Netherlands,NLD,1960,3.122,,2.852
Netherlands,NLD,1961,3.217,,2.924
Netherlands,NLD,1962,3.175,,2.881
Netherlands,NLD,1963,3.192,,2.982
Netherlands,NLD,1964,3.165,,3.065
Netherlands,NLD,1965,3.038,2.499,2.994
Netherlands,NLD,1966,2.901,2.432,2.836
Netherlands,NLD,1967,2.812,2.407,2.666
Netherlands,NLD,1968,2.713,2.317,2.492
Netherlands,NLD,1969,2.746,2.267,2.605
Netherlands,NLD,1970,2.57,2.214,2.503
Netherlands,NLD,1971,2.36,2.184,2.293
Netherlands,NLD,1972,2.149,2.124,2.184
Netherlands,NLD,1973,1.903,2.081,1.96
Netherlands,NLD,1974,1.773,2.047,1.866
Netherlands,NLD,1975,1.664,1.997,1.772
Netherlands,NLD,1976,1.632,1.947,1.74
Netherlands,NLD,1977,1.58,1.919,1.713
Netherlands,NLD,1978,1.584,1.917,1.724
Netherlands,NLD,1979,1.563,1.89,1.701
Netherlands,NLD,1980,1.603,1.9,1.735
Netherlands,NLD,1981,1.564,1.875,1.742
Netherlands,NLD,1982,1.496,1.875,1.731
Netherlands,NLD,1983,1.468,1.869,1.726
Netherlands,NLD,1984,1.492,1.876,1.818
Netherlands,NLD,1985,1.512,1.868,1.911
Netherlands,NLD,1986,1.553,1.874,1.973
Netherlands,NLD,1987,1.558,1.871,1.937
Netherlands,NLD,1988,1.545,1.867,1.867
Netherlands,NLD,1989,1.554,1.853,1.884
Netherlands,NLD,1990,1.617,1.863,1.965
Netherlands,NLD,1991,1.612,1.83,1.962
Netherlands,NLD,1992,1.587,1.831,1.943
Netherlands,NLD,1993,1.572,1.809,1.825
Netherlands,NLD,1994,1.569,1.794,1.799
Netherlands,NLD,1995,1.531,1.785,1.82
Netherlands,NLD,1996,1.529,1.777,1.715
Netherlands,NLD,1997,1.562,1.769,1.709
Netherlands,NLD,1998,1.628,1.768,1.75
Netherlands,NLD,1999,1.652,1.756,1.706
Netherlands,NLD,2000,1.722,1.758,1.775
Netherlands,NLD,2001,1.71,1.753,1.767
Netherlands,NLD,2002,1.731,1.765,1.817
Netherlands,NLD,2003,1.747,,1.882
Netherlands,NLD,2004,1.726,,1.83
Netherlands,NLD,2005,1.709,,1.771
Netherlands,NLD,2006,1.721,,1.786
Netherlands,NLD,2007,1.718,,1.807
Netherlands,NLD,2008,1.774,,1.883
Netherlands,NLD,2009,1.791,,1.901
Netherlands,NLD,2010,1.796,,1.902
Netherlands,NLD,2011,1.76,,1.833
Netherlands,NLD,2012,1.723,,1.813
Netherlands,NLD,2013,1.679,,1.833
Netherlands,NLD,2014,1.713,,1.882
Netherlands,NLD,2015,1.658,,1.817
Netherlands,NLD,2016,1.663,,1.832
Netherlands,NLD,2017,1.619,,1.772
Netherlands,NLD,2018,1.586,,1.765
Netherlands,NLD,2019,1.574,,1.759
Netherlands,NLD,2020,1.545,,1.707
Netherlands,NLD,2021,1.624,,1.719
Netherlands,NLD,2022,1.487,,
Northern Ireland,,1974,2.649,,
Northern Ireland,,1975,2.532,,
Northern Ireland,,1976,2.544,,
Northern Ireland,,1977,2.445,,
Northern Ireland,,1978,2.513,,
Northern Ireland,,1979,2.693,,
Northern Ireland,,1980,2.722,,
Northern Ireland,,1981,2.578,,
Northern Ireland,,1982,2.528,,
Northern Ireland,,1983,2.504,,
Northern Ireland,,1984,2.494,,
Northern Ireland,,1985,2.444,,
Northern Ireland,,1986,2.446,,
Northern Ireland,,1987,2.386,,
Northern Ireland,,1988,2.347,,
Northern Ireland,,1989,2.188,2.461,
Northern Ireland,,1990,2.204,2.423,
Northern Ireland,,1991,2.159,2.386,
Northern Ireland,,1992,2.077,2.337,
Northern Ireland,,1993,2.01,2.316,
Northern Ireland,,1994,1.949,2.281,
Northern Ireland,,1995,1.909,2.235,
Northern Ireland,,1996,1.957,2.206,
Northern Ireland,,1997,1.932,2.172,
Northern Ireland,,1998,1.906,2.156,1.998
Northern Ireland,,1999,1.862,2.123,2.044
Northern Ireland,,2000,1.755,2.117,2.093
Northern Ireland,,2001,1.803,2.072,2.207
Northern Ireland,,2002,1.76,2.035,2.073
Northern Ireland,,2003,1.787,,2.17
Northern Ireland,,2004,1.841,,2.166
Northern Ireland,,2005,1.838,,1.97
Northern Ireland,,2006,1.901,,2.119
Northern Ireland,,2007,1.978,,2.153
Northern Ireland,,2008,2.056,,2.145
Northern Ireland,,2009,1.99,,2.169
Northern Ireland,,2010,2.023,,2.161
Northern Ireland,,2011,2.022,,2.216
Northern Ireland,,2012,2.027,,2.3
Northern Ireland,,2013,1.951,,2.125
Northern Ireland,,2014,1.959,,2.18
Northern Ireland,,2015,1.942,,2.166
Northern Ireland,,2016,1.929,,2.128
Northern Ireland,,2017,1.849,,1.995
Northern Ireland,,2018,1.829,,1.96
Northern Ireland,,2019,1.804,,2.086
Northern Ireland,,2020,1.68,,1.753
Northern Ireland,,2021,1.794,,1.919
Northern Ireland,,2022,1.704,,
Norway,NOR,1967,2.785,,
Norway,NOR,1968,2.753,,2.575
Norway,NOR,1969,2.697,,2.493
Norway,NOR,1970,2.506,,2.403
Norway,NOR,1971,2.489,,2.44
Norway,NOR,1972,2.384,,2.414
Norway,NOR,1973,2.23,,2.339
Norway,NOR,1974,2.131,,2.2
Norway,NOR,1975,1.983,,2.204
Norway,NOR,1976,1.863,,2.163
Norway,NOR,1977,1.754,,2.065
Norway,NOR,1978,1.769,,1.943
Norway,NOR,1979,1.751,,1.901
Norway,NOR,1980,1.723,,1.929
Norway,NOR,1981,1.701,,1.872
Norway,NOR,1982,1.709,2.062,2.009
Norway,NOR,1983,1.656,2.041,1.948
Norway,NOR,1984,1.659,2.048,1.901
Norway,NOR,1985,1.677,2.051,1.934
Norway,NOR,1986,1.711,2.054,1.988
Norway,NOR,1987,1.745,2.062,2.017
Norway,NOR,1988,1.841,2.07,2.09
Norway,NOR,1989,1.887,2.08,2.126
Norway,NOR,1990,1.932,2.092,2.241
Norway,NOR,1991,1.918,2.088,2.192
Norway,NOR,1992,1.885,2.092,2.137
Norway,NOR,1993,1.86,2.084,2.159
Norway,NOR,1994,1.865,2.082,2.137
Norway,NOR,1995,1.868,2.074,2.111
Norway,NOR,1996,1.889,2.075,2.116
Norway,NOR,1997,1.856,2.071,2.115
Norway,NOR,1998,1.813,2.079,2.046
Norway,NOR,1999,1.844,2.067,2.01
Norway,NOR,2000,1.851,2.062,2.061
Norway,NOR,2001,1.784,2.047,2.063
Norway,NOR,2002,1.754,2.042,2.066
Norway,NOR,2003,1.796,,2.084
Norway,NOR,2004,1.828,,1.991
Norway,NOR,2005,1.836,,1.971
Norway,NOR,2006,1.904,,2.041
Norway,NOR,2007,1.901,,1.998
Norway,NOR,2008,1.957,,2.085
Norway,NOR,2009,1.98,,2.179
Norway,NOR,2010,1.946,,2.21
Norway,NOR,2011,1.881,,2.124
Norway,NOR,2012,1.852,,2.125
Norway,NOR,2013,1.782,,2.15
Norway,NOR,2014,1.756,,2.039
Norway,NOR,2015,1.731,,1.963
Norway,NOR,2016,1.706,,1.951
Norway,NOR,2017,1.623,,1.848
Norway,NOR,2018,1.565,,1.91
Norway,NOR,2019,1.531,,1.89
Norway,NOR,2020,1.477,,1.649
Norway,NOR,2021,1.553,,1.698
Norway,NOR,2022,1.41,,
Poland,POL,1971,2.248,,
Poland,POL,1972,2.227,,2.397
Poland,POL,1973,2.239,,2.237
Poland,POL,1974,2.248,,2.194
Poland,POL,1975,2.264,,2.229
Poland,POL,1976,2.296,,2.252
Poland,POL,1977,2.222,,2.159
Poland,POL,1978,2.199,,2.142
Poland,POL,1979,2.251,,2.226
Poland,POL,1980,2.256,,2.216
Poland,POL,1981,2.216,,2.203
Poland,POL,1982,2.315,,2.339
Poland,POL,1983,2.396,,2.405
Poland,POL,1984,2.359,,2.349
Poland,POL,1985,2.319,,2.288
Poland,POL,1986,2.215,2.181,2.145
Poland,POL,1987,2.157,2.197,2.101
Poland,POL,1988,2.152,2.203,2.096
Poland,POL,1989,2.108,2.212,2.078
Poland,POL,1990,2.071,2.17,2.066
Poland,POL,1991,2.071,2.145,2.14
Poland,POL,1992,1.953,2.109,2.155
Poland,POL,1993,1.869,2.072,2.181
Poland,POL,1994,1.786,2.05,2.114
Poland,POL,1995,1.666,2.03,1.985
Poland,POL,1996,1.606,2.001,1.961
Poland,POL,1997,1.527,1.967,1.842
Poland,POL,1998,1.451,1.916,1.737
Poland,POL,1999,1.392,1.891,1.683
Poland,POL,2000,1.367,1.818,1.734
Poland,POL,2001,1.297,1.768,1.694
Poland,POL,2002,1.234,1.709,1.602
Poland,POL,2003,1.203,,1.6
Poland,POL,2004,1.209,,1.592
Poland,POL,2005,1.232,,1.529
Poland,POL,2006,1.257,,1.473
Poland,POL,2007,1.3,,1.474
Poland,POL,2008,1.377,,1.615
Poland,POL,2009,1.389,,1.691
Poland,POL,2010,1.372,,1.588
Poland,POL,2011,1.295,,1.399
Poland,POL,2012,1.305,,1.386
Poland,POL,2013,1.253,,1.395
Poland,POL,2014,1.285,,1.458
Poland,POL,2015,1.289,,1.418
Poland,POL,2016,1.36,,1.431
Poland,POL,2017,1.458,,
Poland,POL,2018,1.436,,
Poland,POL,2019,1.42,,
Poland,POL,2020,1.385,,1.632
Poland,POL,2021,1.327,,1.46
Poland,POL,2022,1.26,,
Portugal,PRT,1940,3.203,,
Portugal,PRT,1941,3.112,,
Portugal,PRT,1942,3.143,,
Portugal,PRT,1943,3.289,,
Portugal,PRT,1944,3.317,,
Portugal,PRT,1945,3.407,,
Portugal,PRT,1946,3.316,,
Portugal,PRT,1947,3.192,,
Portugal,PRT,1948,3.482,,
Portugal,PRT,1949,3.306,,
Portugal,PRT,1950,3.156,,
Portugal,PRT,1951,3.173,,
Portugal,PRT,1952,3.203,,
Portugal,PRT,1953,3.043,,
Portugal,PRT,1954,2.963,,
Portugal,PRT,1955,3.144,2.98,
Portugal,PRT,1956,3.021,2.985,
Portugal,PRT,1957,3.138,2.963,
Portugal,PRT,1958,3.148,2.966,
Portugal,PRT,1959,3.15,2.964,
Portugal,PRT,1960,3.159,2.925,3.037
Portugal,PRT,1961,3.224,2.955,3.072
Portugal,PRT,1962,3.287,2.949,3.251
Portugal,PRT,1963,3.196,2.923,3.168
Portugal,PRT,1964,3.308,2.91,3.246
Portugal,PRT,1965,3.245,2.876,3.139
Portugal,PRT,1966,3.24,2.864,3.131
Portugal,PRT,1967,3.212,2.847,3.249
Portugal,PRT,1968,3.147,2.856,3.149
Portugal,PRT,1969,3.111,2.801,3.136
Portugal,PRT,1970,3.001,2.663,3.169
Portugal,PRT,1971,3,2.606,3.115
Portugal,PRT,1972,2.835,2.548,2.872
Portugal,PRT,1973,2.747,2.527,2.757
Portugal,PRT,1974,2.693,2.495,2.513
Portugal,PRT,1975,2.756,2.405,2.395
Portugal,PRT,1976,2.799,2.35,2.531
Portugal,PRT,1977,2.677,2.256,2.637
Portugal,PRT,1978,2.445,2.204,2.408
Portugal,PRT,1979,2.313,2.129,2.3
Portugal,PRT,1980,2.253,2.093,2.299
Portugal,PRT,1981,2.137,2.07,2.177
Portugal,PRT,1982,2.091,2.055,2.08
Portugal,PRT,1983,1.973,2.035,1.983
Portugal,PRT,1984,1.932,2.027,2.08
Portugal,PRT,1985,1.755,2.039,1.922
Portugal,PRT,1986,1.697,2.033,1.923
Portugal,PRT,1987,1.648,1.989,1.996
Portugal,PRT,1988,1.632,1.989,1.94
Portugal,PRT,1989,1.584,1.947,1.892
Portugal,PRT,1990,1.557,1.909,1.92
Portugal,PRT,1991,1.56,1.884,1.898
Portugal,PRT,1992,1.539,1.897,1.824
Portugal,PRT,1993,1.518,1.849,1.8
Portugal,PRT,1994,1.446,1.839,1.771
Portugal,PRT,1995,1.41,1.838,1.713
Portugal,PRT,1996,1.444,1.819,1.664
Portugal,PRT,1997,1.473,1.803,1.73
Portugal,PRT,1998,1.474,1.757,1.853
Portugal,PRT,1999,1.502,1.725,1.82
Portugal,PRT,2000,1.549,1.692,1.73
Portugal,PRT,2001,1.45,1.665,1.667
Portugal,PRT,2002,1.465,1.656,1.78
Portugal,PRT,2003,1.439,1.636,1.685
Portugal,PRT,2004,1.404,,1.587
Portugal,PRT,2005,1.414,,1.661
Portugal,PRT,2006,1.373,,1.552
Portugal,PRT,2007,1.349,,1.475
Portugal,PRT,2008,1.393,,1.594
Portugal,PRT,2009,1.344,,1.572
Portugal,PRT,2010,1.39,,1.76
Portugal,PRT,2011,1.349,,1.703
Portugal,PRT,2012,1.284,,1.595
Portugal,PRT,2013,1.213,,1.616
Portugal,PRT,2014,1.236,,1.604
Portugal,PRT,2015,1.313,,1.634
Portugal,PRT,2016,1.367,,1.57
Portugal,PRT,2017,1.385,,1.538
Portugal,PRT,2018,1.424,,1.593
Portugal,PRT,2019,1.438,,1.697
Portugal,PRT,2020,1.421,,1.772
Portugal,PRT,2021,1.352,,1.451
Portugal,PRT,2022,1.426,,1.352
Portugal,PRT,2023,1.448,,
Russia,RUS,1959,2.583,,
Russia,RUS,1960,2.556,,2.29
Russia,RUS,1961,2.458,,2.29
Russia,RUS,1962,2.34,,2.32
Russia,RUS,1963,2.283,,2.244
Russia,RUS,1964,2.16,,2.244
Russia,RUS,1965,2.087,,2.1
Russia,RUS,1966,2.098,,2.056
Russia,RUS,1967,2.006,,1.964
Russia,RUS,1968,1.97,,1.934
Russia,RUS,1969,1.984,,1.922
Russia,RUS,1970,1.995,,1.909
Russia,RUS,1971,2.024,,1.948
Russia,RUS,1972,2.027,,1.937
Russia,RUS,1973,1.962,,1.827
Russia,RUS,1974,1.995,1.815,1.839
Russia,RUS,1975,1.971,1.781,1.794
Russia,RUS,1976,1.953,1.836,1.789
Russia,RUS,1977,1.918,1.766,1.798
Russia,RUS,1978,1.899,1.784,1.761
Russia,RUS,1979,1.865,1.89,1.731
Russia,RUS,1980,1.863,1.854,1.797
Russia,RUS,1981,1.882,1.889,1.854
Russia,RUS,1982,1.956,1.876,1.923
Russia,RUS,1983,2.088,1.862,2.014
Russia,RUS,1984,2.051,1.887,1.953
Russia,RUS,1985,2.051,1.854,2.088
Russia,RUS,1986,2.177,1.845,2.271
Russia,RUS,1987,2.229,1.874,2.173
Russia,RUS,1988,2.142,1.863,1.959
Russia,RUS,1989,2.018,1.86,1.787
Russia,RUS,1990,1.894,1.849,1.714
Russia,RUS,1991,1.733,1.801,1.645
Russia,RUS,1992,1.549,1.753,1.499
Russia,RUS,1993,1.37,1.724,1.358
Russia,RUS,1994,1.395,1.698,1.522
Russia,RUS,1995,1.338,1.68,1.627
Russia,RUS,1996,1.271,1.66,1.525
Russia,RUS,1997,1.219,1.638,1.445
Russia,RUS,1998,1.233,1.631,1.5
Russia,RUS,1999,1.158,,1.439
Russia,RUS,2000,1.196,,1.509
Russia,RUS,2001,1.224,,1.472
Russia,RUS,2002,1.287,,1.483
Russia,RUS,2003,1.334,,1.534
Russia,RUS,2004,1.345,,1.552
Russia,RUS,2005,1.294,,1.472
Russia,RUS,2006,1.305,,1.466
Russia,RUS,2007,1.416,,1.611
Russia,RUS,2008,1.502,,1.779
Russia,RUS,2009,1.541,,1.88
Russia,RUS,2010,1.567,,1.696
Russia,RUS,2011,1.583,,1.58
Russia,RUS,2012,1.692,,1.798
Russia,RUS,2013,1.709,,1.848
Russia,RUS,2014,1.752,,1.899
Russia,RUS,2015,1.776,,2.007
Russia,RUS,2016,1.762,,1.929
Russia,RUS,2017,1.621,,1.698
Russia,RUS,2018,1.579,,
Scotland,,1945,2.423,,
Scotland,,1946,2.846,,
Scotland,,1947,2.97,,
Scotland,,1948,2.605,,
Scotland,,1949,2.496,,
Scotland,,1950,2.428,,
Scotland,,1951,2.394,,
Scotland,,1952,2.409,,
Scotland,,1953,2.448,,
Scotland,,1954,2.512,,
Scotland,,1955,2.543,,
Scotland,,1956,2.65,,
Scotland,,1957,2.757,,
Scotland,,1958,2.828,,
Scotland,,1959,2.844,,
Scotland,,1960,2.928,2.544,
Scotland,,1961,2.948,2.543,
Scotland,,1962,3.059,2.548,
Scotland,,1963,3.027,2.587,
Scotland,,1964,3.09,2.604,
Scotland,,1965,2.992,2.579,
Scotland,,1966,2.877,2.558,
Scotland,,1967,2.87,2.539,
Scotland,,1968,2.821,2.527,
Scotland,,1969,2.676,2.512,
Scotland,,1970,2.568,2.444,
Scotland,,1971,2.53,2.356,
Scotland,,1972,2.268,2.329,
Scotland,,1973,2.124,2.328,
Scotland,,1974,1.976,2.266,
Scotland,,1975,1.898,2.149,
Scotland,,1976,1.795,2.202,
Scotland,,1977,1.708,2.22,
Scotland,,1978,1.747,2.121,
Scotland,,1979,1.847,2.094,
Scotland,,1980,1.844,2.058,
Scotland,,1981,1.834,2.016,
Scotland,,1982,1.74,2.003,
Scotland,,1983,1.696,1.974,
Scotland,,1984,1.68,1.939,
Scotland,,1985,1.704,1.933,
Scotland,,1986,1.674,1.931,
Scotland,,1987,1.681,1.925,
Scotland,,1988,1.681,1.903,
Scotland,,1989,1.61,1.888,
Scotland,,1990,1.669,1.877,
Scotland,,1991,1.699,1.868,
Scotland,,1992,1.675,1.861,
Scotland,,1993,1.619,1.846,
Scotland,,1994,1.583,1.822,
Scotland,,1995,1.558,1.803,
Scotland,,1996,1.559,1.777,
Scotland,,1997,1.586,1.781,
Scotland,,1998,1.552,1.785,
Scotland,,1999,1.517,1.754,
Scotland,,2000,1.481,1.749,
Scotland,,2001,1.488,1.741,
Scotland,,2002,1.471,1.722,
Scotland,,2003,1.522,,
Scotland,,2004,1.579,,
Scotland,,2005,1.598,,
Scotland,,2006,1.642,,
Scotland,,2007,1.702,,
Scotland,,2008,1.765,,
Scotland,,2009,1.731,,
Scotland,,2010,1.714,,
Scotland,,2011,1.699,,
Scotland,,2012,1.681,,
Scotland,,2013,1.625,,
Scotland,,2014,1.643,,1.831
Scotland,,2015,1.588,,1.724
Scotland,,2016,1.562,,1.698
Scotland,,2017,1.51,,1.683
Scotland,,2018,1.463,,1.641
Scotland,,2019,1.42,,1.578
Scotland,,2020,1.333,,1.539
Scotland,,2021,1.357,,1.507
Scotland,,2022,1.324,,
Slovakia,SVK,1950,3.578,,
Slovakia,SVK,1951,3.569,,3.255
Slovakia,SVK,1952,3.549,,3.383
Slovakia,SVK,1953,3.464,,3.235
Slovakia,SVK,1954,3.41,,3.188
Slovakia,SVK,1955,3.434,,3.071
Slovakia,SVK,1956,3.426,,3.02
Slovakia,SVK,1957,3.349,,3.065
Slovakia,SVK,1958,3.203,,2.853
Slovakia,SVK,1959,3.014,,2.769
Slovakia,SVK,1960,3.019,,2.904
Slovakia,SVK,1961,2.967,,2.866
Slovakia,SVK,1962,2.837,,2.803
Slovakia,SVK,1963,2.936,,3.021
Slovakia,SVK,1964,2.911,,2.901
Slovakia,SVK,1965,2.806,2.708,2.721
Slovakia,SVK,1966,2.684,2.668,2.651
Slovakia,SVK,1967,2.511,2.669,2.486
Slovakia,SVK,1968,2.421,2.638,2.39
Slovakia,SVK,1969,2.466,2.608,2.56
Slovakia,SVK,1970,2.428,2.541,2.628
Slovakia,SVK,1971,2.427,2.485,2.513
Slovakia,SVK,1972,2.482,2.452,2.435
Slovakia,SVK,1973,2.549,2.457,2.498
Slovakia,SVK,1974,2.592,2.422,2.512
Slovakia,SVK,1975,2.522,2.357,2.467
Slovakia,SVK,1976,2.522,2.376,2.478
Slovakia,SVK,1977,2.47,2.378,2.382
Slovakia,SVK,1978,2.459,2.356,2.336
Slovakia,SVK,1979,2.444,2.328,2.299
Slovakia,SVK,1980,2.316,2.303,2.265
Slovakia,SVK,1981,2.279,2.28,2.25
Slovakia,SVK,1982,2.27,2.275,2.208
Slovakia,SVK,1983,2.268,2.241,2.221
Slovakia,SVK,1984,2.253,2.232,2.196
Slovakia,SVK,1985,2.256,2.226,2.258
Slovakia,SVK,1986,2.203,2.214,2.239
Slovakia,SVK,1987,2.151,2.207,2.207
Slovakia,SVK,1988,2.153,2.193,2.189
Slovakia,SVK,1989,2.09,2.184,2.094
Slovakia,SVK,1990,2.096,2.174,2.058
Slovakia,SVK,1991,2.051,2.169,2.05
Slovakia,SVK,1992,1.931,2.146,2.104
Slovakia,SVK,1993,1.872,2.115,2.139
Slovakia,SVK,1994,1.673,2.084,1.965
Slovakia,SVK,1995,1.529,,1.777
Slovakia,SVK,1996,1.478,,1.775
Slovakia,SVK,1997,1.437,,1.842
Slovakia,SVK,1998,1.384,,1.771
Slovakia,SVK,1999,1.339,,1.767
Slovakia,SVK,2000,1.302,,1.658
Slovakia,SVK,2001,1.2,,1.518
Slovakia,SVK,2002,1.188,,1.615
Slovakia,SVK,2003,1.205,,1.622
Slovakia,SVK,2004,1.249,,1.696
Slovakia,SVK,2005,1.264,,1.714
Slovakia,SVK,2006,1.253,,1.68
Slovakia,SVK,2007,1.268,,1.689
Slovakia,SVK,2008,1.341,,1.745
Slovakia,SVK,2009,1.437,,1.822
Slovakia,SVK,2010,1.428,,1.905
Slovakia,SVK,2011,1.448,,1.763
Slovakia,SVK,2012,1.465,,1.591
Slovakia,SVK,2013,1.474,,1.594
Slovakia,SVK,2014,1.503,,
Slovenia,SVN,1983,1.809,,
Slovenia,SVN,1984,1.742,,1.837
Slovenia,SVN,1985,1.714,,1.814
Slovenia,SVN,1986,1.666,,1.718
Slovenia,SVN,1987,1.649,,1.788
Slovenia,SVN,1988,1.63,,1.856
Slovenia,SVN,1989,1.524,,1.769
Slovenia,SVN,1990,1.462,,1.789
Slovenia,SVN,1991,1.422,,1.725
Slovenia,SVN,1992,1.332,,1.725
Slovenia,SVN,1993,1.332,,1.775
Slovenia,SVN,1994,1.32,,1.678
Slovenia,SVN,1995,1.291,,1.706
Slovenia,SVN,1996,1.283,,1.724
Slovenia,SVN,1997,1.248,,1.753
Slovenia,SVN,1998,1.233,1.74,1.662
Slovenia,SVN,1999,1.213,1.732,1.575
Slovenia,SVN,2000,1.258,,1.653
Slovenia,SVN,2001,1.21,,1.745
Slovenia,SVN,2002,1.211,,1.644
Slovenia,SVN,2003,1.201,,1.477
Slovenia,SVN,2004,1.246,,1.604
Slovenia,SVN,2005,1.261,,1.604
Slovenia,SVN,2006,1.315,,1.592
Slovenia,SVN,2007,1.38,,1.634
Slovenia,SVN,2008,1.525,,1.71
Slovenia,SVN,2009,1.533,,1.665
Slovenia,SVN,2010,1.575,,1.725
Slovenia,SVN,2011,1.562,,1.621
Slovenia,SVN,2012,1.581,,1.618
Slovenia,SVN,2013,1.547,,1.609
Slovenia,SVN,2014,1.579,,1.65
Slovenia,SVN,2015,1.572,,1.692
Slovenia,SVN,2016,1.584,,1.617
Slovenia,SVN,2017,1.62,,1.61
Slovenia,SVN,2018,1.604,,1.725
Slovenia,SVN,2019,1.611,,
South Korea,KOR,2000,1.48,,
South Korea,KOR,2001,1.309,,1.69
South Korea,KOR,2002,1.177,,1.528
South Korea,KOR,2003,1.191,,1.608
South Korea,KOR,2004,1.164,,1.582
South Korea,KOR,2005,1.085,,1.399
South Korea,KOR,2006,1.131,,1.404
South Korea,KOR,2007,1.258,,1.52
South Korea,KOR,2008,1.191,,1.427
South Korea,KOR,2009,1.147,,1.418
South Korea,KOR,2010,1.223,,1.501
South Korea,KOR,2011,1.241,,1.488
South Korea,KOR,2012,1.294,,1.6
South Korea,KOR,2013,1.185,,1.479
South Korea,KOR,2014,1.204,,1.5
South Korea,KOR,2015,1.238,,1.52
South Korea,KOR,2016,1.172,,1.455
South Korea,KOR,2017,1.052,,1.404
South Korea,KOR,2018,0.978,,1.349
South Korea,KOR,2019,0.919,,1.191
South Korea,KOR,2020,0.838,,1.094
South Korea,KOR,2021,0.809,,1.115
South Korea,KOR,2022,0.779,,1.005
South Korea,KOR,2023,0.722,,
Spain,ESP,1922,4.098,,
Spain,ESP,1923,4.096,,
Spain,ESP,1924,4.005,,
Spain,ESP,1925,3.885,,
Spain,ESP,1926,3.932,,
Spain,ESP,1927,3.731,,
Spain,ESP,1928,3.842,,
Spain,ESP,1929,3.717,,
Spain,ESP,1930,3.695,,
Spain,ESP,1931,3.564,,
Spain,ESP,1932,3.626,,
Spain,ESP,1933,3.57,,
Spain,ESP,1934,3.363,,
Spain,ESP,1935,3.286,,
Spain,ESP,1936,3.142,,
Spain,ESP,1937,2.86,3.062,
Spain,ESP,1938,2.55,3.011,
Spain,ESP,1939,2.12,2.941,
Spain,ESP,1940,3.07,2.854,
Spain,ESP,1941,2.455,2.77,
Spain,ESP,1942,2.522,2.697,
Spain,ESP,1943,2.863,2.635,
Spain,ESP,1944,2.822,2.585,
Spain,ESP,1945,2.889,2.549,
Spain,ESP,1946,2.686,2.527,
Spain,ESP,1947,2.662,2.517,
Spain,ESP,1948,2.875,2.515,
Spain,ESP,1949,2.665,2.515,
Spain,ESP,1950,2.473,2.514,
Spain,ESP,1951,2.455,2.516,
Spain,ESP,1952,2.545,2.521,
Spain,ESP,1953,2.504,2.528,
Spain,ESP,1954,2.436,2.529,
Spain,ESP,1955,2.509,2.53,
Spain,ESP,1956,2.531,2.534,
Spain,ESP,1957,2.686,2.543,
Spain,ESP,1958,2.716,2.558,
Spain,ESP,1959,2.733,2.579,
Spain,ESP,1960,2.793,2.603,
Spain,ESP,1961,2.772,2.631,
Spain,ESP,1962,2.811,2.657,
Spain,ESP,1963,2.884,2.674,
Spain,ESP,1964,3.02,2.682,
Spain,ESP,1965,2.945,2.679,
Spain,ESP,1966,2.932,2.669,
Spain,ESP,1967,2.99,2.662,
Spain,ESP,1968,2.933,2.649,
Spain,ESP,1969,2.924,2.624,
Spain,ESP,1970,2.901,2.59,
Spain,ESP,1971,2.916,2.542,
Spain,ESP,1972,2.888,2.508,
Spain,ESP,1973,2.859,2.48,
Spain,ESP,1974,2.896,2.447,
Spain,ESP,1975,2.765,2.421,
Spain,ESP,1976,2.77,2.376,2.674
Spain,ESP,1977,2.653,2.317,2.583
Spain,ESP,1978,2.542,2.28,2.524
Spain,ESP,1979,2.37,2.221,2.578
Spain,ESP,1980,2.216,2.151,2.574
Spain,ESP,1981,2.038,2.116,2.306
Spain,ESP,1982,1.942,2.086,2.182
Spain,ESP,1983,1.798,2.032,2.05
Spain,ESP,1984,1.726,1.974,2.041
Spain,ESP,1985,1.64,1.934,1.939
Spain,ESP,1986,1.556,1.905,1.863
Spain,ESP,1987,1.494,1.868,1.754
Spain,ESP,1988,1.448,1.823,1.774
Spain,ESP,1989,1.398,1.787,1.803
Spain,ESP,1990,1.361,1.751,1.794
Spain,ESP,1991,1.327,1.71,1.847
Spain,ESP,1992,1.311,1.68,1.8
Spain,ESP,1993,1.257,1.658,1.726
Spain,ESP,1994,1.188,1.638,1.629
Spain,ESP,1995,1.154,1.602,1.476
Spain,ESP,1996,1.137,1.574,1.464
Spain,ESP,1997,1.146,1.555,1.482
Spain,ESP,1998,1.124,1.527,1.365
Spain,ESP,1999,1.161,1.497,1.338
Spain,ESP,2000,1.207,1.476,1.309
Spain,ESP,2001,1.23,1.449,1.305
Spain,ESP,2002,1.252,1.42,1.344
Spain,ESP,2003,1.296,1.402,1.368
Spain,ESP,2004,1.313,,1.367
Spain,ESP,2005,1.329,,1.352
Spain,ESP,2006,1.362,,1.313
Spain,ESP,2007,1.377,,1.299
Spain,ESP,2008,1.446,,1.579
Spain,ESP,2009,1.379,,1.702
Spain,ESP,2010,1.369,,1.709
Spain,ESP,2011,1.342,,1.638
Spain,ESP,2012,1.321,,1.505
Spain,ESP,2013,1.273,,1.44
Spain,ESP,2014,1.318,,1.464
Spain,ESP,2015,1.331,,1.456
Spain,ESP,2016,1.334,,1.429
Spain,ESP,2017,1.306,,1.415
Spain,ESP,2018,1.257,,1.348
Spain,ESP,2019,1.229,,1.317
Spain,ESP,2020,1.18,,1.439
Spain,ESP,2021,1.181,,1.383
Spain,ESP,2022,1.158,,1.16
Spain,ESP,2023,1.119,,
Sweden,SWE,1891,4.142,,
Sweden,SWE,1892,3.966,,
Sweden,SWE,1893,4.039,,
Sweden,SWE,1894,4.019,,
Sweden,SWE,1895,4.083,,
Sweden,SWE,1896,4.048,,
Sweden,SWE,1897,3.977,,
Sweden,SWE,1898,4.043,,
Sweden,SWE,1899,3.929,,
Sweden,SWE,1900,4.013,,
Sweden,SWE,1901,4.009,,
Sweden,SWE,1902,3.926,,
Sweden,SWE,1903,3.811,,
Sweden,SWE,1904,3.814,,
Sweden,SWE,1905,3.796,,
Sweden,SWE,1906,3.789,3.469,
Sweden,SWE,1907,3.751,3.405,
Sweden,SWE,1908,3.754,3.344,
Sweden,SWE,1909,3.726,3.274,
Sweden,SWE,1910,3.57,3.203,
Sweden,SWE,1911,3.45,3.165,
Sweden,SWE,1912,3.401,3.096,
Sweden,SWE,1913,3.29,3.007,
Sweden,SWE,1914,3.229,2.949,
Sweden,SWE,1915,3.033,2.883,
Sweden,SWE,1916,2.959,2.791,
Sweden,SWE,1917,2.899,2.724,
Sweden,SWE,1918,2.803,2.665,
Sweden,SWE,1919,2.705,2.583,
Sweden,SWE,1920,3.198,2.509,
Sweden,SWE,1921,2.902,2.447,
Sweden,SWE,1922,2.63,2.376,
Sweden,SWE,1923,2.524,2.309,
Sweden,SWE,1924,2.401,2.243,
Sweden,SWE,1925,2.309,2.165,
Sweden,SWE,1926,2.193,2.102,
Sweden,SWE,1927,2.08,2.051,
Sweden,SWE,1928,2.054,1.992,
Sweden,SWE,1929,1.926,1.93,
Sweden,SWE,1930,1.931,1.886,
Sweden,SWE,1931,1.847,1.858,
Sweden,SWE,1932,1.799,1.819,
Sweden,SWE,1933,1.688,1.802,
Sweden,SWE,1934,1.676,1.8,
Sweden,SWE,1935,1.676,1.794,
Sweden,SWE,1936,1.726,1.806,
Sweden,SWE,1937,1.745,1.821,
Sweden,SWE,1938,1.805,1.823,
Sweden,SWE,1939,1.862,1.845,
Sweden,SWE,1940,1.824,1.866,
Sweden,SWE,1941,1.894,1.881,
Sweden,SWE,1942,2.163,1.913,
Sweden,SWE,1943,2.382,1.939,
Sweden,SWE,1944,2.57,1.964,
Sweden,SWE,1945,2.588,1.976,
Sweden,SWE,1946,2.543,1.985,
Sweden,SWE,1947,2.481,2.001,
Sweden,SWE,1948,2.454,2.02,
Sweden,SWE,1949,2.369,2.034,
Sweden,SWE,1950,2.28,2.028,
Sweden,SWE,1951,2.199,2.024,
Sweden,SWE,1952,2.225,2.035,
Sweden,SWE,1953,2.255,2.038,
Sweden,SWE,1954,2.181,2.038,
Sweden,SWE,1955,2.253,2.046,
Sweden,SWE,1956,2.286,2.072,
Sweden,SWE,1957,2.284,2.091,
Sweden,SWE,1958,2.261,2.105,
Sweden,SWE,1959,2.254,2.109,
Sweden,SWE,1960,2.197,2.115,
Sweden,SWE,1961,2.229,2.146,
Sweden,SWE,1962,2.256,2.149,
Sweden,SWE,1963,2.336,2.14,
Sweden,SWE,1964,2.482,2.157,
Sweden,SWE,1965,2.416,2.14,
Sweden,SWE,1966,2.361,2.114,
Sweden,SWE,1967,2.267,2.106,
Sweden,SWE,1968,2.072,2.084,
Sweden,SWE,1969,1.927,2.061,
Sweden,SWE,1970,1.92,2.052,
Sweden,SWE,1971,1.961,2.031,1.921
Sweden,SWE,1972,1.913,1.998,1.918
Sweden,SWE,1973,1.867,1.987,1.893
Sweden,SWE,1974,1.876,1.989,1.959
Sweden,SWE,1975,1.769,1.972,2.025
Sweden,SWE,1976,1.682,1.989,1.948
Sweden,SWE,1977,1.645,2,1.872
Sweden,SWE,1978,1.6,1.993,1.931
Sweden,SWE,1979,1.658,2.003,1.973
Sweden,SWE,1980,1.68,2.009,1.917
Sweden,SWE,1981,1.636,2.001,1.883
Sweden,SWE,1982,1.627,2.01,1.88
Sweden,SWE,1983,1.614,2.025,1.894
Sweden,SWE,1984,1.658,2.024,1.878
Sweden,SWE,1985,1.74,2.035,1.889
Sweden,SWE,1986,1.8,2.042,1.997
Sweden,SWE,1987,1.844,2.053,1.964
Sweden,SWE,1988,1.967,2.057,2.021
Sweden,SWE,1989,2.02,2.048,2.06
Sweden,SWE,1990,2.14,2.058,2.251
Sweden,SWE,1991,2.113,2.03,2.395
Sweden,SWE,1992,2.077,2.036,2.358
Sweden,SWE,1993,1.982,2.028,2.304
Sweden,SWE,1994,1.883,2.014,2.221
Sweden,SWE,1995,1.731,2.014,2.089
Sweden,SWE,1996,1.6,2.005,1.929
Sweden,SWE,1997,1.528,1.997,1.869
Sweden,SWE,1998,1.517,1.997,1.828
Sweden,SWE,1999,1.512,1.993,1.701
Sweden,SWE,2000,1.559,1.999,1.839
Sweden,SWE,2001,1.58,1.977,1.875
Sweden,SWE,2002,1.665,1.976,1.943
Sweden,SWE,2003,1.731,1.96,2.041
Sweden,SWE,2004,1.771,1.965,1.978
Sweden,SWE,2005,1.787,,1.955
Sweden,SWE,2006,1.869,,2.023
Sweden,SWE,2007,1.892,,1.94
Sweden,SWE,2008,1.917,,2.016
Sweden,SWE,2009,1.937,,2.078
Sweden,SWE,2010,1.987,,2.074
Sweden,SWE,2011,1.9,,1.995
Sweden,SWE,2012,1.905,,1.98
Sweden,SWE,2013,1.888,,1.921
Sweden,SWE,2014,1.88,,1.889
Sweden,SWE,2015,1.848,,1.903
Sweden,SWE,2016,1.853,,1.958
Sweden,SWE,2017,1.784,,1.857
Sweden,SWE,2018,1.756,,1.914
Sweden,SWE,2019,1.71,,1.957
Sweden,SWE,2020,1.669,,1.898
Sweden,SWE,2021,1.673,,1.918
Sweden,SWE,2022,1.525,,1.759
Sweden,SWE,2023,1.454,,1.699
Sweden,SWE,2024,1.434,,
Switzerland,CHE,1932,1.943,,
Switzerland,CHE,1933,1.894,,
Switzerland,CHE,1934,1.875,,
Switzerland,CHE,1935,1.843,,
Switzerland,CHE,1936,1.803,,
Switzerland,CHE,1937,1.737,,
Switzerland,CHE,1938,1.78,,
Switzerland,CHE,1939,1.793,,
Switzerland,CHE,1940,1.816,,
Switzerland,CHE,1941,2.05,,
Switzerland,CHE,1942,2.265,,
Switzerland,CHE,1943,2.403,,
Switzerland,CHE,1944,2.496,,
Switzerland,CHE,1945,2.598,,
Switzerland,CHE,1946,2.617,,
Switzerland,CHE,1947,2.559,2.209,
Switzerland,CHE,1948,2.539,2.229,
Switzerland,CHE,1949,2.44,2.215,
Switzerland,CHE,1950,2.401,2.216,
Switzerland,CHE,1951,2.301,2.221,
Switzerland,CHE,1952,2.324,2.205,
Switzerland,CHE,1953,2.286,2.229,
Switzerland,CHE,1954,2.283,2.215,
Switzerland,CHE,1955,2.302,2.192,
Switzerland,CHE,1956,2.349,2.223,
Switzerland,CHE,1957,2.405,2.189,
Switzerland,CHE,1958,2.4,2.192,
Switzerland,CHE,1959,2.424,2.194,
Switzerland,CHE,1960,2.443,2.175,
Switzerland,CHE,1961,2.529,2.18,
Switzerland,CHE,1962,2.594,2.188,
Switzerland,CHE,1963,2.666,2.197,
Switzerland,CHE,1964,2.675,2.199,
Switzerland,CHE,1965,2.605,2.173,
Switzerland,CHE,1966,2.516,2.186,
Switzerland,CHE,1967,2.408,2.167,
Switzerland,CHE,1968,2.3,2.156,
Switzerland,CHE,1969,2.192,2.123,
Switzerland,CHE,1970,2.104,2.08,
Switzerland,CHE,1971,2.038,2.033,
Switzerland,CHE,1972,1.913,1.969,
Switzerland,CHE,1973,1.81,1.923,
Switzerland,CHE,1974,1.733,1.885,
Switzerland,CHE,1975,1.614,1.855,
Switzerland,CHE,1976,1.547,1.852,
Switzerland,CHE,1977,1.533,1.823,
Switzerland,CHE,1978,1.508,1.813,
Switzerland,CHE,1979,1.522,1.808,
Switzerland,CHE,1980,1.554,1.796,
Switzerland,CHE,1981,1.546,1.77,
Switzerland,CHE,1982,1.557,1.757,
Switzerland,CHE,1983,1.519,1.758,
Switzerland,CHE,1984,1.529,1.754,
Switzerland,CHE,1985,1.516,1.751,
Switzerland,CHE,1986,1.532,1.756,
Switzerland,CHE,1987,1.516,1.742,
Switzerland,CHE,1988,1.569,1.751,
Switzerland,CHE,1989,1.564,1.774,
Switzerland,CHE,1990,1.592,1.78,
Switzerland,CHE,1991,1.596,1.767,
Switzerland,CHE,1992,1.576,1.746,
Switzerland,CHE,1993,1.508,1.721,
Switzerland,CHE,1994,1.489,1.695,
Switzerland,CHE,1995,1.477,1.672,
Switzerland,CHE,1996,1.502,1.669,
Switzerland,CHE,1997,1.478,1.658,
Switzerland,CHE,1998,1.47,1.652,
Switzerland,CHE,1999,1.482,1.657,1.641
Switzerland,CHE,2000,1.496,1.646,1.832
Switzerland,CHE,2001,1.384,1.638,1.645
Switzerland,CHE,2002,1.39,1.65,1.585
Switzerland,CHE,2003,1.385,1.649,1.648
Switzerland,CHE,2004,1.416,,1.707
Switzerland,CHE,2005,1.42,,1.665
Switzerland,CHE,2006,1.437,,1.679
Switzerland,CHE,2007,1.456,,1.706
Switzerland,CHE,2008,1.484,,1.753
Switzerland,CHE,2009,1.497,,1.74
Switzerland,CHE,2010,1.524,,1.742
Switzerland,CHE,2011,1.518,,1.73
Switzerland,CHE,2012,1.526,,1.67
Switzerland,CHE,2013,1.517,,1.712
Switzerland,CHE,2014,1.539,,1.731
Switzerland,CHE,2015,1.54,,1.638
Switzerland,CHE,2016,1.546,,1.649
Switzerland,CHE,2017,1.522,,1.659
Switzerland,CHE,2018,1.519,,1.671
Switzerland,CHE,2019,1.48,,1.581
Switzerland,CHE,2020,1.465,,1.588
Switzerland,CHE,2021,1.517,,1.664
Switzerland,CHE,2022,1.388,,1.475
Switzerland,CHE,2023,1.332,,
Taiwan,TWN,1976,3.072,,
Taiwan,TWN,1977,2.68,,2.768
Taiwan,TWN,1978,2.68,,2.914
Taiwan,TWN,1979,2.631,,2.842
Taiwan,TWN,1980,2.49,,2.8
Taiwan,TWN,1981,2.434,,2.768
Taiwan,TWN,1982,2.301,,2.67
Taiwan,TWN,1983,2.14,,2.557
Taiwan,TWN,1984,2.038,,2.483
Taiwan,TWN,1985,1.872,,2.323
Taiwan,TWN,1986,1.66,,2.041
Taiwan,TWN,1987,1.686,,2.057
Taiwan,TWN,1988,1.834,,2.323
Taiwan,TWN,1989,1.677,,2.045
Taiwan,TWN,1990,1.8,,2.057
Taiwan,TWN,1991,1.716,2.175,1.979
Taiwan,TWN,1992,1.729,2.14,1.974
Taiwan,TWN,1993,1.76,2.075,2.027
Taiwan,TWN,1994,1.754,2.015,2.052
Taiwan,TWN,1995,1.775,1.956,1.999
Taiwan,TWN,1996,1.769,1.905,2.029
Taiwan,TWN,1997,1.778,1.874,2.123
Taiwan,TWN,1998,1.469,1.82,1.798
Taiwan,TWN,1999,1.551,1.764,1.811
Taiwan,TWN,2000,1.674,1.724,1.863
Taiwan,TWN,2001,1.4,1.68,1.563
Taiwan,TWN,2002,1.337,1.649,1.584
Taiwan,TWN,2003,1.231,1.617,1.513
Taiwan,TWN,2004,1.177,,1.486
Taiwan,TWN,2005,1.116,,1.554
Taiwan,TWN,2006,1.108,,1.668
Taiwan,TWN,2007,1.091,,1.602
Taiwan,TWN,2008,1.05,,1.543
Taiwan,TWN,2009,1.022,,1.559
Taiwan,TWN,2010,0.887,,1.228
Taiwan,TWN,2011,1.056,,1.287
Taiwan,TWN,2012,1.257,,1.536
Taiwan,TWN,2013,1.056,,1.26
Taiwan,TWN,2014,1.159,,1.273
Taiwan,TWN,2015,1.187,,1.327
Taiwan,TWN,2016,1.175,,1.33
Taiwan,TWN,2017,1.122,,1.222
Taiwan,TWN,2018,1.062,,1.153
Taiwan,TWN,2019,1.049,,1.151
Taiwan,TWN,2020,0.985,,1.108
Taiwan,TWN,2021,0.98,,1.153
Taiwan,TWN,2022,0.876,,0.977
Taiwan,TWN,2023,0.864,,
Ukraine,UKR,1959,2.282,,
Ukraine,UKR,1960,2.248,,2.008
Ukraine,UKR,1961,2.156,,2.139
Ukraine,UKR,1962,2.135,,2.18
Ukraine,UKR,1963,2.105,,2.062
Ukraine,UKR,1964,2.015,,2.114
Ukraine,UKR,1965,1.942,,1.916
Ukraine,UKR,1966,2.054,,1.957
Ukraine,UKR,1967,2.058,,1.892
Ukraine,UKR,1968,2.048,,1.918
Ukraine,UKR,1969,2.034,,1.88
Ukraine,UKR,1970,2.106,,1.977
Ukraine,UKR,1971,2.123,,2.053
Ukraine,UKR,1972,2.125,,2.129
Ukraine,UKR,1973,2.03,,1.906
Ukraine,UKR,1974,2.062,1.839,1.805
Ukraine,UKR,1975,2.051,1.831,1.829
Ukraine,UKR,1976,2.047,1.856,1.855
Ukraine,UKR,1977,1.972,1.867,1.807
Ukraine,UKR,1978,1.962,1.886,1.781
Ukraine,UKR,1979,1.944,1.916,1.816
Ukraine,UKR,1980,1.938,1.901,1.86
Ukraine,UKR,1981,1.899,1.911,1.779
Ukraine,UKR,1982,1.927,1.883,1.811
Ukraine,UKR,1983,2.097,1.848,1.992
Ukraine,UKR,1984,2.076,1.839,1.941
Ukraine,UKR,1985,2.021,1.831,2.001
Ukraine,UKR,1986,2.128,1.824,2.096
Ukraine,UKR,1987,2.074,1.842,1.99
Ukraine,UKR,1988,2.058,1.862,1.943
Ukraine,UKR,1989,1.933,1.857,1.742
Ukraine,UKR,1990,1.848,1.834,1.672
Ukraine,UKR,1991,1.774,1.806,1.651
Ukraine,UKR,1992,1.673,1.774,1.605
Ukraine,UKR,1993,1.561,1.739,1.566
Ukraine,UKR,1994,1.467,,1.473
Ukraine,UKR,1995,1.398,,1.42
Ukraine,UKR,1996,1.335,,1.469
Ukraine,UKR,1997,1.272,,1.465
Ukraine,UKR,1998,1.211,,1.428
Ukraine,UKR,1999,1.127,,1.367
Ukraine,UKR,2000,1.116,,1.396
Ukraine,UKR,2001,1.089,,1.345
Ukraine,UKR,2002,1.125,,1.371
Ukraine,UKR,2003,1.169,,1.465
Ukraine,UKR,2004,1.215,,1.492
Ukraine,UKR,2005,1.207,,1.403
Ukraine,UKR,2006,1.3,,1.469
Ukraine,UKR,2007,1.334,,1.492
Ukraine,UKR,2008,1.446,,1.619
Ukraine,UKR,2009,1.46,,1.66
Ukraine,UKR,2010,1.429,,1.58
Ukraine,UKR,2011,1.459,,1.564
Ukraine,UKR,2012,1.531,,1.625
Ukraine,UKR,2013,1.506,,
United Kingdom,GBR,1974,1.914,,
United Kingdom,GBR,1975,1.805,,
United Kingdom,GBR,1976,1.739,,
United Kingdom,GBR,1977,1.683,,
United Kingdom,GBR,1978,1.75,,
United Kingdom,GBR,1979,1.86,,
United Kingdom,GBR,1980,1.894,,
United Kingdom,GBR,1981,1.823,,
United Kingdom,GBR,1982,1.779,,
United Kingdom,GBR,1983,1.768,,
United Kingdom,GBR,1984,1.766,,
United Kingdom,GBR,1985,1.793,,
United Kingdom,GBR,1986,1.78,,
United Kingdom,GBR,1987,1.811,,
United Kingdom,GBR,1988,1.824,,
United Kingdom,GBR,1989,1.791,1.983,
United Kingdom,GBR,1990,1.834,1.98,
United Kingdom,GBR,1991,1.818,1.952,
United Kingdom,GBR,1992,1.795,1.933,
United Kingdom,GBR,1993,1.758,1.929,
United Kingdom,GBR,1994,1.74,1.925,
United Kingdom,GBR,1995,1.709,1.917,
United Kingdom,GBR,1996,1.727,1.905,
United Kingdom,GBR,1997,1.725,1.906,
United Kingdom,GBR,1998,1.714,1.911,
United Kingdom,GBR,1999,1.685,1.905,
United Kingdom,GBR,2000,1.642,1.903,
United Kingdom,GBR,2001,1.627,1.895,
United Kingdom,GBR,2002,1.632,1.882,
United Kingdom,GBR,2003,1.703,,
United Kingdom,GBR,2004,1.752,,
United Kingdom,GBR,2005,1.762,,
United Kingdom,GBR,2006,1.817,,
United Kingdom,GBR,2007,1.866,,
United Kingdom,GBR,2008,1.911,,
United Kingdom,GBR,2009,1.893,,
United Kingdom,GBR,2010,1.923,,
United Kingdom,GBR,2011,1.911,,
United Kingdom,GBR,2012,1.911,,
United Kingdom,GBR,2013,1.817,,
United Kingdom,GBR,2014,1.796,,2.148
United Kingdom,GBR,2015,1.78,,2.153
United Kingdom,GBR,2016,1.758,,2.061
United Kingdom,GBR,2017,1.7,,1.9
United Kingdom,GBR,2018,1.636,,1.819
United Kingdom,GBR,2019,1.588,,1.751
United Kingdom,GBR,2020,1.514,,1.746
United Kingdom,GBR,2021,1.536,,1.67
United Kingdom,GBR,2022,1.481,,
United States,USA,1933,2.012,,
United States,USA,1934,2.072,,2.101
United States,USA,1935,2.038,,2.098
United States,USA,1936,2.007,,2.011
United States,USA,1937,2.038,,2.06
United States,USA,1938,2.092,,2.17
United States,USA,1939,2.05,,2.107
United States,USA,1940,2.113,,2.158
United States,USA,1941,2.226,,2.331
United States,USA,1942,2.465,,2.615
United States,USA,1943,2.566,,2.814
United States,USA,1944,2.439,,3.071
United States,USA,1945,2.38,,2.638
United States,USA,1946,2.83,,2.507
United States,USA,1947,3.161,,2.493
United States,USA,1948,3.009,2.507,2.4
United States,USA,1949,3.022,2.595,2.646
United States,USA,1950,3.02,2.708,2.737
United States,USA,1951,3.203,2.749,2.988
United States,USA,1952,3.302,2.784,3.066
United States,USA,1953,3.372,2.852,3.038
United States,USA,1954,3.494,2.942,3.15
United States,USA,1955,3.538,2.986,3.125
United States,USA,1956,3.654,3.025,3.259
United States,USA,1957,3.738,3.092,3.39
United States,USA,1958,3.689,3.109,3.353
United States,USA,1959,3.689,3.171,3.423
United States,USA,1960,3.667,3.239,3.496
United States,USA,1961,3.626,3.241,3.49
United States,USA,1962,3.481,3.253,3.483
United States,USA,1963,3.354,3.256,3.644
United States,USA,1964,3.222,3.254,3.64
United States,USA,1965,2.926,3.214,3.298
United States,USA,1966,2.714,3.131,2.958
United States,USA,1967,2.564,3.059,2.822
United States,USA,1968,2.467,2.983,2.662
United States,USA,1969,2.457,2.892,2.507
United States,USA,1970,2.461,2.795,2.535
United States,USA,1971,2.268,2.68,2.46
United States,USA,1972,2.008,2.561,2.23
United States,USA,1973,1.871,2.464,2.065
United States,USA,1974,1.827,2.365,2.026
United States,USA,1975,1.769,2.292,1.995
United States,USA,1976,1.739,2.215,1.957
United States,USA,1977,1.783,2.15,1.967
United States,USA,1978,1.747,2.104,1.93
United States,USA,1979,1.795,2.057,1.939
United States,USA,1980,1.821,2.022,1.999
United States,USA,1981,1.806,1.998,2.009
United States,USA,1982,1.815,1.982,1.998
United States,USA,1983,1.784,1.972,1.991
United States,USA,1984,1.793,1.974,1.961
United States,USA,1985,1.835,1.981,1.97
United States,USA,1986,1.835,1.985,1.994
United States,USA,1987,1.865,1.987,1.989
United States,USA,1988,1.922,1.991,1.952
United States,USA,1989,1.998,2.012,1.998
United States,USA,1990,2.068,2.024,2.038
United States,USA,1991,2.056,2.024,2.067
United States,USA,1992,2.042,2.034,2.181
United States,USA,1993,2.018,2.051,2.224
United States,USA,1994,2.001,2.066,2.252
United States,USA,1995,1.98,2.075,2.215
United States,USA,1996,1.978,2.089,2.178
United States,USA,1997,1.973,2.109,2.141
United States,USA,1998,2.002,2.111,2.187
United States,USA,1999,2.008,2.114,2.26
United States,USA,2000,2.053,2.137,2.335
United States,USA,2001,2.031,2.161,2.328
United States,USA,2002,2.024,2.183,2.387
United States,USA,2003,2.053,2.203,2.309
United States,USA,2004,2.058,,2.148
United States,USA,2005,2.061,,2.065
United States,USA,2006,2.112,,2.119
United States,USA,2007,2.122,,2.242
United States,USA,2008,2.074,,2.295
United States,USA,2009,2.002,,2.355
United States,USA,2010,1.925,,2.335
United States,USA,2011,1.889,,2.209
United States,USA,2012,1.874,,2.173
United States,USA,2013,1.851,,2.197
United States,USA,2014,1.863,,2.166
United States,USA,2015,1.845,,2.141
United States,USA,2016,1.817,,2.078
United States,USA,2017,1.765,,1.99
United States,USA,2018,1.727,,1.914
United States,USA,2019,1.702,,1.838
United States,USA,2020,1.639,,1.865
United States,USA,2021,1.659,,1.906
United States,USA,2022,1.657,,1.815
United States,USA,2023,1.622,,
West Germany,OWID_GFR,1956,2.192,,
West Germany,OWID_GFR,1957,2.28,,
West Germany,OWID_GFR,1958,2.289,,
West Germany,OWID_GFR,1959,2.368,,
West Germany,OWID_GFR,1960,2.372,,
West Germany,OWID_GFR,1961,2.448,,
West Germany,OWID_GFR,1962,2.443,,
West Germany,OWID_GFR,1963,2.52,,
West Germany,OWID_GFR,1964,2.551,,
West Germany,OWID_GFR,1965,2.509,,
West Germany,OWID_GFR,1966,2.535,,
West Germany,OWID_GFR,1967,2.488,,
West Germany,OWID_GFR,1968,2.386,,
West Germany,OWID_GFR,1969,2.213,,
West Germany,OWID_GFR,1970,1.991,,
West Germany,OWID_GFR,1971,1.919,1.902,
West Germany,OWID_GFR,1972,1.716,1.85,
West Germany,OWID_GFR,1973,1.542,1.809,
West Germany,OWID_GFR,1974,1.511,1.777,
West Germany,OWID_GFR,1975,1.45,1.774,
West Germany,OWID_GFR,1976,1.457,1.778,
West Germany,OWID_GFR,1977,1.403,1.75,
West Germany,OWID_GFR,1978,1.379,1.728,
West Germany,OWID_GFR,1979,1.378,1.714,
West Germany,OWID_GFR,1980,1.448,1.7,
West Germany,OWID_GFR,1981,1.434,1.658,
West Germany,OWID_GFR,1982,1.407,1.647,
West Germany,OWID_GFR,1983,1.33,1.63,
West Germany,OWID_GFR,1984,1.294,1.607,
West Germany,OWID_GFR,1985,1.281,1.623,
West Germany,OWID_GFR,1986,1.345,1.621,
West Germany,OWID_GFR,1987,1.362,1.605,
West Germany,OWID_GFR,1988,1.416,1.608,
West Germany,OWID_GFR,1989,1.394,1.606,
West Germany,OWID_GFR,1990,1.459,1.609,
West Germany,OWID_GFR,1991,1.429,1.587,
West Germany,OWID_GFR,1992,1.414,1.574,
West Germany,OWID_GFR,1993,1.404,1.554,
West Germany,OWID_GFR,1994,1.358,1.539,
West Germany,OWID_GFR,1995,1.351,1.53,
West Germany,OWID_GFR,1996,1.413,1.51,
West Germany,OWID_GFR,1997,1.456,1.489,
West Germany,OWID_GFR,1998,1.429,,
West Germany,OWID_GFR,1999,1.422,,
West Germany,OWID_GFR,2000,1.436,,
West Germany,OWID_GFR,2001,1.399,,
West Germany,OWID_GFR,2002,1.389,,
West Germany,OWID_GFR,2003,1.383,,
West Germany,OWID_GFR,2004,1.396,,
West Germany,OWID_GFR,2005,1.376,,
West Germany,OWID_GFR,2006,1.363,,
West Germany,OWID_GFR,2007,1.4,,
West Germany,OWID_GFR,2008,1.403,,
West Germany,OWID_GFR,2009,1.376,,
West Germany,OWID_GFR,2010,1.408,,1.671
West Germany,OWID_GFR,2011,1.381,,1.584
West Germany,OWID_GFR,2012,1.4,,1.59
West Germany,OWID_GFR,2013,1.413,,1.624
West Germany,OWID_GFR,2014,1.471,,1.585
West Germany,OWID_GFR,2015,1.503,,1.484
West Germany,OWID_GFR,2016,1.602,,1.644
West Germany,OWID_GFR,2017,1.578,,