Entity,Code,Year,Share of expenditure spent on food,Food expenditure,World region according to OWID
Algeria,DZA,2017,37.305225,651.2,Africa
Algeria,DZA,2018,37.270523,645.6,Africa
Algeria,DZA,2019,37.413,556.0795,Africa
Algeria,DZA,2020,37.54794,520.0589,Africa
Algeria,DZA,2021,37.25587,614.0008,Africa
Algeria,DZA,2022,37.13056,642.11694,Africa
Algeria,DZA,2023,37.160736,784.7101,Africa
Angola,AGO,2017,48.524673,1144.6,Africa
Angola,AGO,2018,48.61013,893.6,Africa
Angola,AGO,2019,48.61122,451.0519,Africa
Angola,AGO,2020,49.338432,513.12964,Africa
Angola,AGO,2021,49.737926,657.6129,Africa
Angola,AGO,2022,49.639904,691.91376,Africa
Angola,AGO,2023,50.01461,637.6533,Africa
Argentina,ARG,2017,28.278843,2715.9,South America
Argentina,ARG,2018,28.281788,2139.8,South America
Argentina,ARG,2019,22.505539,859.241,South America
Argentina,ARG,2020,23.08526,1090.9214,South America
Argentina,ARG,2021,23.198097,1494.6925,South America
Argentina,ARG,2022,23.12006,2070.0664,South America
Argentina,ARG,2023,23.050257,2113.4355,South America
Australia,AUS,2017,9.302785,3016,Oceania
Australia,AUS,2018,9.273232,3003.6,Oceania
Australia,AUS,2019,9.434489,2546.8447,Oceania
Australia,AUS,2020,10.805519,2722.4756,Oceania
Australia,AUS,2021,9.974969,3239.4424,Oceania
Australia,AUS,2022,10.449626,3507.6057,Oceania
Australia,AUS,2023,9.905157,3374.186,Oceania
Austria,AUT,2017,9.852731,2434.6,Europe
Austria,AUT,2018,9.822142,2618.2,Europe
Austria,AUT,2019,9.712311,2291.102,Europe
Austria,AUT,2020,9.679411,2085.374,Europe
Austria,AUT,2021,11.312785,2987.647,Europe
Austria,AUT,2022,10.805587,2766.8171,Europe
Austria,AUT,2023,10.055154,2930.4343,Europe
Azerbaijan,AZE,2017,38.94116,943.7,Asia
Azerbaijan,AZE,2018,38.630596,989.6,Asia
Azerbaijan,AZE,2019,41.4879,1093.2401,Asia
Azerbaijan,AZE,2020,43.36695,1055.4464,Asia
Azerbaijan,AZE,2021,43.555817,1223.5452,Asia
Azerbaijan,AZE,2022,42.444035,1411.4885,Asia
Azerbaijan,AZE,2023,42.70742,1622.2925,Asia
Bahrain,BHR,2017,13.316719,1576.3,Asia
Bahrain,BHR,2018,13.244777,1674.1,Asia
Bahrain,BHR,2019,13.181242,1230.5845,Asia
Bahrain,BHR,2020,13.124613,1140.0425,Asia
Bahrain,BHR,2021,13.064381,1239.1884,Asia
Bahrain,BHR,2022,13.012485,1158.1042,Asia
Bahrain,BHR,2023,13.583627,1405.4587,Asia
Bangladesh,BGD,2017,53.48792,546.7,Asia
Bangladesh,BGD,2018,53.52051,611.9,Asia
Bangladesh,BGD,2019,52.7182,649.29535,Asia
Bangladesh,BGD,2020,53.435543,723.7309,Asia
Bangladesh,BGD,2021,52.749126,791.20123,Asia
Bangladesh,BGD,2022,52.710556,923.5035,Asia
Bangladesh,BGD,2023,52.775024,909.8473,Asia
Belarus,BLR,2017,32.70292,1025.4,Europe
Belarus,BLR,2018,32.341686,1090.4,Europe
Belarus,BLR,2019,30.262358,923.08716,Europe
Belarus,BLR,2020,31.902212,1014.7107,Europe
Belarus,BLR,2021,32.121384,1179.2625,Europe
Belarus,BLR,2022,31.694954,1320.4661,Europe
Belarus,BLR,2023,29.479084,1313.9669,Europe
Belgium,BEL,2017,13.383577,2834.2,Europe
Belgium,BEL,2018,13.424372,3034.7,Europe
Belgium,BEL,2019,12.686679,2694.3694,Europe
Belgium,BEL,2020,12.659123,2454.2979,Europe
Belgium,BEL,2021,13.478635,3260.3809,Europe
Belgium,BEL,2022,13.469407,3227.8252,Europe
Belgium,BEL,2023,12.174075,3210.8323,Europe
Bolivia,BOL,2017,29.194366,667.5,South America
Bolivia,BOL,2018,29.138767,696.3,South America
Bolivia,BOL,2019,29.117083,649.1287,South America
Bolivia,BOL,2020,29.32577,602.91113,South America
Bolivia,BOL,2021,29.18861,659.9653,South America
Bolivia,BOL,2022,28.980215,714.5037,South America
Bolivia,BOL,2023,29.263062,759.2547,South America
Bosnia and Herzegovina,BIH,2017,30.727034,1282.7,Europe
Bosnia and Herzegovina,BIH,2018,30.672085,1403.8,Europe
Bosnia and Herzegovina,BIH,2019,28.77897,1227.2747,Europe
Bosnia and Herzegovina,BIH,2020,28.515612,1205.5502,Europe
Bosnia and Herzegovina,BIH,2021,30.022688,1421.5299,Europe
Bosnia and Herzegovina,BIH,2022,29.223167,1471.8893,Europe
Bosnia and Herzegovina,BIH,2023,32.1488,1873.3527,Europe
Brazil,BRA,2017,15.727302,954.6,South America
Brazil,BRA,2018,15.709493,866.3,South America
Brazil,BRA,2019,15.464675,599.6366,South America
Brazil,BRA,2020,17.289293,655.79486,South America
Brazil,BRA,2021,16.252525,722.0721,South America
Brazil,BRA,2022,16.239899,882.3187,South America
Brazil,BRA,2023,16.220968,1025.5553,South America
Bulgaria,BGR,2017,19.189651,1008.8,Europe
Bulgaria,BGR,2018,19.310356,1172.1,Europe
Bulgaria,BGR,2019,18.433598,1038.902,Europe
Bulgaria,BGR,2020,19.648802,1123.2827,Europe
Bulgaria,BGR,2021,19.334064,1338.8458,Europe
Bulgaria,BGR,2022,19.11543,1551.6959,Europe
Bulgaria,BGR,2023,20.728756,2018.3026,Europe
Cambodia,KHM,2017,42.50748,468.9,Asia
Cambodia,KHM,2018,42.33243,500.2,Asia
Cambodia,KHM,2019,41.666668,495.7677,Asia
Cambodia,KHM,2020,42.79079,457.17178,Asia
Cambodia,KHM,2021,42.712593,546.4503,Asia
Cambodia,KHM,2022,41.439476,576.717,Asia
Cambodia,KHM,2023,40.74538,897.95856,Asia
Cameroon,CMR,2017,45.401722,453.2,Africa
Cameroon,CMR,2018,45.341896,501.3,Africa
Cameroon,CMR,2019,45.28977,469.00677,Africa
Cameroon,CMR,2020,45.250137,456.21967,Africa
Cameroon,CMR,2021,45.21058,540.9608,Africa
Cameroon,CMR,2022,45.177383,513.89526,Africa
Cameroon,CMR,2023,45.825108,575.75055,Africa
Canada,CAN,2017,9.089214,2291.3,North America
Canada,CAN,2018,9.055436,2350.9,North America
Canada,CAN,2019,9.1643305,2098.342,North America
Canada,CAN,2020,10.610237,2294.0552,North America
Canada,CAN,2021,9.985679,2766.5105,North America
Canada,CAN,2022,9.522123,2781.1907,North America
Canada,CAN,2023,9.656434,2775.2175,North America
Chile,CHL,2017,16.150988,1521.1,South America
Chile,CHL,2018,16.018545,1613.5,South America
Chile,CHL,2019,17.565674,1275.6061,South America
Chile,CHL,2020,17.921295,1230.2683,South America
Chile,CHL,2021,18.504671,1806.7124,South America
Chile,CHL,2022,17.958555,1740.5986,South America
Chile,CHL,2023,19.436594,1970.4255,South America
China,CHN,2017,21.694975,737,Asia
China,CHN,2018,21.55104,814.5,Asia
China,CHN,2019,19.36572,743.21545,Asia
China,CHN,2020,21.846012,882.5526,Asia
China,CHN,2021,19.952589,933.8022,Asia
China,CHN,2022,20.098173,965.64905,Asia
China,CHN,2023,21.226562,998.8716,Asia
Colombia,COL,2017,19.20925,827.4,South America
Colombia,COL,2018,19.215633,869.2,South America
Colombia,COL,2019,17.88385,561.54987,South America
Colombia,COL,2020,18.563904,555.18396,South America
Colombia,COL,2021,18.59748,806.6916,South America
Colombia,COL,2022,18.545977,873.9669,South America
Colombia,COL,2023,20.622913,1086.9591,South America
Costa Rica,CRI,2017,25.848715,2109.1,North America
Costa Rica,CRI,2018,25.719498,2143,North America
Costa Rica,CRI,2019,30.634867,2220.0195,North America
Costa Rica,CRI,2020,32.22319,2211.117,North America
Costa Rica,CRI,2021,31.579697,2656.4326,North America
Costa Rica,CRI,2022,31.055508,2793.5496,North America
Costa Rica,CRI,2023,21.311459,2477.5427,North America
Cote d'Ivoire,CIV,2017,40.453938,424.2,Africa
Cote d'Ivoire,CIV,2018,39.64808,452.9,Africa
Cote d'Ivoire,CIV,2019,39.30706,598.85657,Africa
Cote d'Ivoire,CIV,2020,38.903526,592.9711,Africa
Cote d'Ivoire,CIV,2021,38.530193,673.4896,Africa
Cote d'Ivoire,CIV,2022,38.16065,613.992,Africa
Cote d'Ivoire,CIV,2023,37.74478,658.12756,Africa
Croatia,HRV,2017,23.093365,2290.4,Europe
Croatia,HRV,2018,23.049547,2564.7,Europe
Croatia,HRV,2019,18.258919,1699.2692,Europe
Croatia,HRV,2020,23.193146,1762.2521,Europe
Croatia,HRV,2021,19.568707,2256.284,Europe
Croatia,HRV,2022,19.273,2703.8542,Europe
Croatia,HRV,2023,18.542738,3014.8596,Europe
Czechia,CZE,2017,16.268711,1610.7,Europe
Czechia,CZE,2018,16.34714,1835.8,Europe
Czechia,CZE,2019,15.517178,1568.2462,Europe
Czechia,CZE,2020,16.64305,1630.1895,Europe
Czechia,CZE,2021,16.136227,1947.2992,Europe
Czechia,CZE,2022,16.356922,2105.4744,Europe
Czechia,CZE,2023,15.65828,2350.59,Europe
Denmark,DNK,2017,11.473244,3004.2,Europe
Denmark,DNK,2018,11.472916,3220,Europe
Denmark,DNK,2019,11.470416,2806.4456,Europe
Denmark,DNK,2020,12.635981,3019.4075,Europe
Denmark,DNK,2021,12.320651,3727.229,Europe
Denmark,DNK,2022,11.697194,3337.9702,Europe
Denmark,DNK,2023,11.850251,3726.748,Europe
Dominican Republic,DOM,2017,26.821106,1450.7,North America
Dominican Republic,DOM,2018,26.828964,1508.7,North America
Dominican Republic,DOM,2019,26.94063,1416.301,North America
Dominican Republic,DOM,2020,27.547606,1438.4884,North America
Dominican Republic,DOM,2021,26.796751,1674.0455,North America
Dominican Republic,DOM,2022,26.551985,1970.4341,North America
Dominican Republic,DOM,2023,28.072994,2122.573,North America
Ecuador,ECU,2017,26.12485,995.2,South America
Ecuador,ECU,2018,26.213768,1015.6,South America
Ecuador,ECU,2019,26.25101,889.7669,South America
Ecuador,ECU,2020,26.2748,814.7874,South America
Ecuador,ECU,2021,26.310055,984.15454,South America
Ecuador,ECU,2022,26.364538,1075.6704,South America
Ecuador,ECU,2023,25.85449,1111.0287,South America
Egypt,EGY,2017,33.50034,595.1,Africa
Egypt,EGY,2018,33.25726,684.9,Africa
Egypt,EGY,2019,36.178535,1025.6014,Africa
Egypt,EGY,2020,39.750587,1239.9948,Africa
Egypt,EGY,2021,37.588936,1369.1368,Africa
Egypt,EGY,2022,37.08976,1244.1223,Africa
Egypt,EGY,2023,36.850838,982.74207,Africa
El Salvador,SLV,2017,26.541922,890.8,North America
El Salvador,SLV,2018,26.541948,922.2,North America
El Salvador,SLV,2019,26.53978,839.15955,North America
El Salvador,SLV,2020,26.530006,742.20654,North America
El Salvador,SLV,2021,26.51741,1034.8896,North America
El Salvador,SLV,2022,26.505014,1207.5626,North America
El Salvador,SLV,2023,26.74805,1219.2373,North America
Estonia,EST,2017,20.313482,2069.7,Europe
Estonia,EST,2018,20.26883,2317.7,Europe
Estonia,EST,2019,19.250586,2075.1401,Europe
Estonia,EST,2020,21.559473,2199.5994,Europe
Estonia,EST,2021,20.17674,2621.3987,Europe
Estonia,EST,2022,18.658426,2610.4146,Europe
Estonia,EST,2023,19.937675,3176.0151,Europe
Ethiopia,ETH,2017,56.543922,254.9,Africa
Ethiopia,ETH,2018,56.621204,257.4,Africa
Ethiopia,ETH,2019,40.52007,174.16106,Africa
Ethiopia,ETH,2020,44.244267,233.75694,Africa
Ethiopia,ETH,2021,41.309013,244.73125,Africa
Ethiopia,ETH,2022,39.655365,275.3257,Africa
Ethiopia,ETH,2023,37.86606,362.02316,Africa
Finland,FIN,2017,11.628955,2736.7,Europe
Finland,FIN,2018,11.513266,2908.7,Europe
Finland,FIN,2019,11.3621,2563.4158,Europe
Finland,FIN,2020,13.044201,2809.4917,Europe
Finland,FIN,2021,11.97864,3137.7615,Europe
Finland,FIN,2022,11.935587,2993.8958,Europe
Finland,FIN,2023,12.264951,3290.5007,Europe
France,FRA,2017,13.224176,2786.4,Europe
France,FRA,2018,13.209185,2983.4,Europe
France,FRA,2019,13.063949,2658.6528,Europe
France,FRA,2020,14.968915,2846.2764,Europe
France,FRA,2021,14.06504,3234.394,Europe
France,FRA,2022,13.558727,2966.0623,Europe
France,FRA,2023,12.579948,3086.4316,Europe
Georgia,GEO,2017,32.420143,876.9,Asia
Georgia,GEO,2018,32.293636,922.5,Asia
Georgia,GEO,2019,32.40401,1001.7222,Asia
Georgia,GEO,2020,32.793797,1138.663,Asia
Georgia,GEO,2021,32.28741,1388.4469,Asia
Georgia,GEO,2022,32.13393,1834.9602,Asia
Georgia,GEO,2023,38.96251,2271.534,Asia
Germany,DEU,2017,10.644884,2379.6,Europe
Germany,DEU,2018,10.71554,2562.9,Europe
Germany,DEU,2019,10.803541,2267.84,Europe
Germany,DEU,2020,11.682985,2317.7488,Europe
Germany,DEU,2021,11.976833,2897.0408,Europe
Germany,DEU,2022,11.767037,2814.9365,Europe
Germany,DEU,2023,11.5981,3113.4524,Europe
Ghana,GHA,2017,41.475517,576.8,Africa
Ghana,GHA,2018,41.337025,627,Africa
Ghana,GHA,2019,38.42379,505.2183,Africa
Ghana,GHA,2020,41.648838,566.20483,Africa
Ghana,GHA,2021,39.247723,648.25385,Africa
Ghana,GHA,2022,38.28337,652.39056,Africa
Ghana,GHA,2023,39.102108,741.15314,Africa
Greece,GRC,2017,16.944796,2333.4,Europe
Greece,GRC,2018,17.077286,2510.6,Europe
Greece,GRC,2019,15.196123,2111.1052,Europe
Greece,GRC,2020,17.83664,2325.7402,Europe
Greece,GRC,2021,17.637985,2489.9873,Europe
Greece,GRC,2022,18.793015,2854.2793,Europe
Greece,GRC,2023,16.439177,2824.1333,Europe
Guatemala,GTM,2017,41.04489,1601.9,North America
Guatemala,GTM,2018,41.218327,1662.5,North America
Guatemala,GTM,2019,41.364403,1386.8254,North America
Guatemala,GTM,2020,41.488483,1365.0137,North America
Guatemala,GTM,2021,34.604183,1484.9662,North America
Guatemala,GTM,2022,34.419823,1636.1183,North America
Guatemala,GTM,2023,35.0941,1764.249,North America
Honduras,HND,2017,32.823936,614.3,North America
Honduras,HND,2018,32.811787,645.9,North America
Honduras,HND,2019,31.643766,507.02377,North America
Honduras,HND,2020,32.094486,477.0356,North America
Honduras,HND,2021,31.932835,712.1019,North America
Honduras,HND,2022,31.57044,839.59174,North America
Honduras,HND,2023,31.49428,855.16724,North America
Hong Kong,HKG,2017,14.667055,4635.2,Asia
Hong Kong,HKG,2018,14.696446,5002.2,Asia
Hong Kong,HKG,2019,12.94688,4318.8677,Asia
Hong Kong,HKG,2020,13.821345,4181.5166,Asia
Hong Kong,HKG,2021,12.056283,3671.5447,Asia
Hong Kong,HKG,2022,11.718517,3581.0051,Asia
Hong Kong,HKG,2023,11.487468,3925.1953,Asia
Hungary,HUN,2017,18.18283,1306.8,Europe
Hungary,HUN,2018,18.197798,1449.4,Europe
Hungary,HUN,2019,17.32775,1170.9205,Europe
Hungary,HUN,2020,18.860733,1282.0813,Europe
Hungary,HUN,2021,17.968746,1596.8452,Europe
Hungary,HUN,2022,17.56365,1614.3783,Europe
Hungary,HUN,2023,16.811634,1832.4921,Europe
India,IND,2017,29.803658,355.2,Asia
India,IND,2018,29.773619,372.2,Asia
India,IND,2019,27.222424,337.50467,Asia
India,IND,2020,27.923923,325.86438,Asia
India,IND,2021,32.083492,446.47217,Asia
India,IND,2022,31.984737,496.70456,Asia
India,IND,2023,29.86331,449.26672,Asia
Indonesia,IDN,2017,31.865202,693.1,Asia
Indonesia,IDN,2018,31.747116,696.5,Asia
Indonesia,IDN,2019,32.333138,700.92926,Asia
Indonesia,IDN,2020,32.61428,693.1733,Asia
Indonesia,IDN,2021,33.853706,799.22504,Asia
Indonesia,IDN,2022,33.689857,833.6685,Asia
Indonesia,IDN,2023,33.536575,872.85565,Asia
Iran,IRN,2017,28.157242,761.4,Asia
Iran,IRN,2018,27.913786,657.9,Asia
Iran,IRN,2019,27.335793,846.14075,Asia
Iran,IRN,2020,28.44178,1109.2701,Asia
Iran,IRN,2021,28.69944,2188.1125,Asia
Iran,IRN,2022,28.436857,435.07263,Asia
Iran,IRN,2023,27.903685,448.50772,Asia
Iraq,IRQ,2017,30.404385,765.4,Asia
Iraq,IRQ,2018,30.147987,739.5,Asia
Iraq,IRQ,2019,29.954063,806.43164,Asia
Iraq,IRQ,2020,31.863579,759.7717,Asia
Iraq,IRQ,2021,29.634119,578.2825,Asia
Iraq,IRQ,2022,28.819344,794.66296,Asia
Iraq,IRQ,2023,28.707914,715.2158,Asia
Ireland,IRL,2017,9.218642,1972.9,Europe
Ireland,IRL,2018,9.020187,2098.7,Europe
Ireland,IRL,2019,8.575014,1778.8379,Europe
Ireland,IRL,2020,10.311348,1919.0405,Europe
Ireland,IRL,2021,9.241572,2147.791,Europe
Ireland,IRL,2022,8.199206,1917.4574,Europe
Ireland,IRL,2023,8.577674,2396.7107,Europe
Israel,ISR,2017,16.154718,3501.6,Asia
Israel,ISR,2018,16.181175,3611.8,Asia
Israel,ISR,2019,15.788783,3373.9187,Asia
Israel,ISR,2020,15.892278,3008.407,Asia
Israel,ISR,2021,15.958162,3996.6045,Asia
Israel,ISR,2022,15.994986,4245.512,Asia
Israel,ISR,2023,15.759338,3823.0261,Asia
Italy,ITA,2017,14.234489,2806.6,Europe
Italy,ITA,2018,14.201625,2986.9,Europe
Italy,ITA,2019,14.235252,2710.3584,Europe
Italy,ITA,2020,16.531082,2820.4473,Europe
Italy,ITA,2021,15.501358,3168.3293,Europe
Italy,ITA,2022,14.643939,3005.1377,Europe
Italy,ITA,2023,14.704657,3388.3633,Europe
Japan,JPN,2017,15.864108,3304.7,Asia
Japan,JPN,2018,15.960676,3417.5,Asia
Japan,JPN,2019,15.264371,3116.2434,Asia
Japan,JPN,2020,15.744569,3038.4639,Asia
Japan,JPN,2021,16.690418,3458.9053,Asia
Japan,JPN,2022,16.25779,2992.0938,Asia
Japan,JPN,2023,15.753787,2865.2551,Asia
Jordan,JOR,2017,29.705717,1059.9,Asia
Jordan,JOR,2018,29.585943,1091.1,Asia
Jordan,JOR,2019,26.171747,790.9116,Asia
Jordan,JOR,2020,26.949492,783.2335,Asia
Jordan,JOR,2021,26.371399,926.48926,Asia
Jordan,JOR,2022,26.107712,893.29834,Asia
Jordan,JOR,2023,24.975618,956.7728,Asia
Kazakhstan,KAZ,2017,44.622852,2059.3,Asia
Kazakhstan,KAZ,2018,44.85608,2144.3,Asia
Kazakhstan,KAZ,2019,47.123672,2102.3142,Asia
Kazakhstan,KAZ,2020,48.675575,2217.4338,Asia
Kazakhstan,KAZ,2021,49.421284,2554.1501,Asia
Kazakhstan,KAZ,2022,49.088814,2785.167,Asia
Kazakhstan,KAZ,2023,50.437447,3401.596,Asia
Kenya,KEN,2017,52.543476,646.6,Africa
Kenya,KEN,2018,52.851242,729.4,Africa
Kenya,KEN,2019,56.79167,782.83923,Africa
Kenya,KEN,2020,58.689938,826.9117,Africa
Kenya,KEN,2021,56.078693,885.3816,Africa
Kenya,KEN,2022,56.652332,912.74036,Africa
Kenya,KEN,2023,42.140427,625.84235,Africa
Kuwait,KWT,2017,19.193203,1841.3,Asia
Kuwait,KWT,2018,19.216843,1910.5,Asia
Kuwait,KWT,2019,19.384592,1872.8813,Asia
Kuwait,KWT,2020,19.696915,1803.8622,Asia
Kuwait,KWT,2021,19.33307,1535.481,Asia
Kuwait,KWT,2022,19.235655,1934.0093,Asia
Kuwait,KWT,2023,19.171309,2014.4272,Asia
Laos,LAO,2017,49.966953,831.6,Asia
Laos,LAO,2018,50.01722,871.4,Asia
Laos,LAO,2019,50.01114,836.81616,Asia
Laos,LAO,2020,50.512123,867.3664,Asia
Laos,LAO,2021,50.623756,875.5985,Asia
Laos,LAO,2022,50.496014,555.5802,Asia
Laos,LAO,2023,50.47494,451.89725,Asia
Latvia,LVA,2017,17.833113,1648.6,Europe
Latvia,LVA,2018,17.343266,1820.8,Europe
Latvia,LVA,2019,18.161512,1764.8906,Europe
Latvia,LVA,2020,20.517282,1816.6553,Europe
Latvia,LVA,2021,19.304571,2171.1729,Europe
Latvia,LVA,2022,19.113392,2522.0854,Europe
Latvia,LVA,2023,19.578287,2756.9097,Europe
Lebanon,LBN,2017,20.670362,1655.2,Asia
Lebanon,LBN,2018,20.733875,1796.3,Asia
Lebanon,LBN,2019,20.862415,248.76927,Asia
Lebanon,LBN,2020,21.348112,364.26733,Asia
Lebanon,LBN,2021,21.0206,602.0936,Asia
Lebanon,LBN,2022,20.695776,1178.6078,Asia
Lebanon,LBN,2023,37.13138,1761.0505,Asia
Lithuania,LTU,2017,21.623167,2269.2,Europe
Lithuania,LTU,2018,21.243196,2521.1,Europe
Lithuania,LTU,2019,20.205446,2251.4084,Europe
Lithuania,LTU,2020,24.471556,2692.4365,Europe
Lithuania,LTU,2021,20.98476,2885.609,Europe
Lithuania,LTU,2022,19.75749,2856.6824,Europe
Lithuania,LTU,2023,19.405567,3094.5745,Europe
Malaysia,MYS,2017,21.50836,1224.6,Asia
Malaysia,MYS,2018,21.52656,1410.7,Asia
Malaysia,MYS,2019,22.493246,1443.2708,Asia
Malaysia,MYS,2020,25.215128,1526.1273,Asia
Malaysia,MYS,2021,27.486546,1736.9082,Asia
Malaysia,MYS,2022,24.485601,1671.1545,Asia
Malaysia,MYS,2023,26.41543,1940.1063,Asia
Mexico,MEX,2017,23.41197,1452.9,North America
Mexico,MEX,2018,23.413256,1499.9,North America
Mexico,MEX,2019,24.889166,1325.996,North America
Mexico,MEX,2020,27.860506,1361.8076,North America
Mexico,MEX,2021,26.22351,1754.4174,North America
Mexico,MEX,2022,25.742748,1985.9014,North America
Mexico,MEX,2023,25.679565,2550.1885,North America
Montenegro,MNE,2017,27.603426,1592,Europe
Montenegro,MNE,2018,27.487066,1763.9,Europe
Montenegro,MNE,2019,24.48719,1873.3401,Europe
Montenegro,MNE,2020,28.527147,1922.2367,Europe
Montenegro,MNE,2021,27.155628,2077.2175,Europe
Montenegro,MNE,2022,24.785715,2211.2683,Europe
Morocco,MAR,2017,33.94279,647.9,Africa
Morocco,MAR,2018,33.955334,693.3,Africa
Morocco,MAR,2019,34.00072,653.0614,Africa
Morocco,MAR,2020,34.50303,601.0732,Africa
Morocco,MAR,2021,33.925957,741.1223,Africa
Morocco,MAR,2022,33.878426,783.38226,Africa
Morocco,MAR,2023,34.52173,835.4794,Africa
Myanmar,MMR,2017,56.315926,437.8,Asia
Myanmar,MMR,2018,56.10724,466.7,Asia
Myanmar,MMR,2019,55.8715,490.21902,Asia
Myanmar,MMR,2020,56.34475,513.435,Asia
Myanmar,MMR,2021,56.626648,501.6014,Asia
Myanmar,MMR,2022,56.429234,334.171,Asia
Myanmar,MMR,2023,53.93647,510.77826,Asia
Netherlands,NLD,2017,11.4051485,2416.5,Europe
Netherlands,NLD,2018,11.354628,2621,Europe
Netherlands,NLD,2019,11.337822,2404.7288,Europe
Netherlands,NLD,2020,12.356788,2481.732,Europe
Netherlands,NLD,2021,12.136645,2933.0422,Europe
Netherlands,NLD,2022,11.829838,2857.4243,Europe
Netherlands,NLD,2023,11.678133,3289.0938,Europe
New Zealand,NZL,2017,13.420355,3286.9,Oceania
New Zealand,NZL,2018,13.388503,3277.8,Oceania
New Zealand,NZL,2019,13.395359,3137.819,Oceania
New Zealand,NZL,2020,14.135189,3241.865,Oceania
New Zealand,NZL,2021,12.19959,3483.367,Oceania
New Zealand,NZL,2022,12.475339,3473.0435,Oceania
New Zealand,NZL,2023,12.778356,3711.7722,Oceania
Nigeria,NGA,2017,58.99096,920.2,Africa
Nigeria,NGA,2018,59.008877,1016.9,Africa
Nigeria,NGA,2019,59.018272,850.2679,Africa
Nigeria,NGA,2020,59.137882,818.39233,Africa
Nigeria,NGA,2021,59.012196,748.6155,Africa
Nigeria,NGA,2022,58.998196,825.8997,Africa
Nigeria,NGA,2023,59.346592,566.2069,Africa
North Macedonia,MKD,2017,30.757334,1113.6,Europe
North Macedonia,MKD,2018,30.771755,1218.9,Europe
North Macedonia,MKD,2019,32.99581,1212.8369,Europe
North Macedonia,MKD,2020,34.420135,1185.8759,Europe
North Macedonia,MKD,2021,33.261982,1659.675,Europe
North Macedonia,MKD,2022,32.991573,1752.7549,Europe
North Macedonia,MKD,2023,30.620117,1822.8507,Europe
Norway,NOR,2017,11.779643,3576.5,Europe
Norway,NOR,2018,11.701553,3726.5,Europe
Norway,NOR,2019,11.359157,2814.1484,Europe
Norway,NOR,2020,11.748519,2733.5383,Europe
Norway,NOR,2021,12.482959,4093.419,Europe
Norway,NOR,2022,12.426504,3804.563,Europe
Norway,NOR,2023,11.702579,3457.0066,Europe
Oman,OMN,2017,22.663841,1336.6,Asia
Oman,OMN,2018,22.652283,1329.1,Asia
Oman,OMN,2019,20.338789,1300.3643,Asia
Oman,OMN,2020,22.62449,1348.0492,Asia
Oman,OMN,2021,22.59022,1464.6271,Asia
Oman,OMN,2022,21.770893,2030.9667,Asia
Oman,OMN,2023,18.676958,1519.1516,Asia
Pakistan,PAK,2017,39.60048,495.6,Asia
Pakistan,PAK,2018,39.538326,453.9,Asia
Pakistan,PAK,2019,38.552567,324.4971,Asia
Pakistan,PAK,2020,40.55624,364.32373,Asia
Pakistan,PAK,2021,39.57528,383.90683,Asia
Pakistan,PAK,2022,39.141567,462.3029,Asia
Pakistan,PAK,2023,37.787006,406.42215,Asia
Panama,PAN,2017,15.738151,1378.3,North America
Panama,PAN,2018,15.708667,1405.8,North America
Panama,PAN,2019,15.831516,1230.8779,North America
Panama,PAN,2020,16.696379,1037.3135,North America
Panama,PAN,2021,15.680728,1244.6166,North America
Panama,PAN,2022,15.59973,1405.9111,North America
Panama,PAN,2023,15.438046,1535.2367,North America
Paraguay,PRY,2017,32.14481,1176.5,South America
Paraguay,PRY,2018,31.672346,1208.3,South America
Paraguay,PRY,2019,31.224733,938.7923,South America
Paraguay,PRY,2020,30.746637,901.0702,South America
Paraguay,PRY,2021,30.27997,1124.078,South America
Paraguay,PRY,2022,29.81504,1218.6497,South America
Paraguay,PRY,2023,29.29504,1217.918,South America
Peru,PER,2017,26.330654,1156.1,South America
Peru,PER,2018,26.273264,1190.1,South America
Peru,PER,2019,26.57201,1112.2732,South America
Peru,PER,2020,26.578915,1020.2378,South America
Peru,PER,2021,26.604895,1121.0786,South America
Peru,PER,2022,26.618656,1268.0833,South America
Peru,PER,2023,26.907866,1386.664,South America
Philippines,PHL,2017,42.14059,916.6,Asia
Philippines,PHL,2018,41.973732,952.3,Asia
Philippines,PHL,2019,42.150677,1002.00867,Asia
Philippines,PHL,2020,42.76662,945.5435,Asia
Philippines,PHL,2021,38.564606,995.6181,Asia
Philippines,PHL,2022,37.860836,990.2932,Asia
Philippines,PHL,2023,37.32849,1069.7037,Asia
Poland,POL,2017,16.826424,1342.9,Europe
Poland,POL,2018,16.722586,1480.3,Europe
Poland,POL,2019,16.431978,1301.012,Europe
Poland,POL,2020,19.130383,1516.3815,Europe
Poland,POL,2021,17.177938,1701.5762,Europe
Poland,POL,2022,19.382238,1969.6783,Europe
Poland,POL,2023,18.63268,2207.135,Europe
Portugal,PRT,2017,16.70623,2428,Europe
Portugal,PRT,2018,16.634823,2629.4,Europe
Portugal,PRT,2019,16.148579,2449.082,Europe
Portugal,PRT,2020,18.745523,2688.4028,Europe
Portugal,PRT,2021,17.469955,2698.9797,Europe
Portugal,PRT,2022,17.592754,2761.9502,Europe
Portugal,PRT,2023,17.342588,3168.5159,Europe
Qatar,QAT,2017,12.245139,1762.1,Asia
Qatar,QAT,2018,12.265015,1755.7,Asia
Qatar,QAT,2019,12.282134,1673.8707,Asia
Qatar,QAT,2020,12.287976,1543.2792,Asia
Qatar,QAT,2021,12.284774,1779.9376,Asia
Qatar,QAT,2022,12.276665,1587.5424,Asia
Qatar,QAT,2023,14.566126,2648.681,Asia
Romania,ROU,2017,27.803267,1842.3,Europe
Romania,ROU,2018,27.282206,2040.9,Europe
Romania,ROU,2019,26.173761,1932.8785,Europe
Romania,ROU,2020,27.978045,2018.2958,Europe
Romania,ROU,2021,25.202482,2262.3289,Europe
Romania,ROU,2022,25.095758,2441.638,Europe
Romania,ROU,2023,25.136293,2789.971,Europe
Russia,RUS,2017,27.937567,1548.3,Europe
Russia,RUS,2018,27.985315,1517,Europe
Russia,RUS,2019,26.918457,1283.6136,Europe
Russia,RUS,2020,28.524088,1299.8226,Europe
Russia,RUS,2021,29.03056,1755.3386,Europe
Russia,RUS,2022,28.909212,2130.677,Europe
Russia,RUS,2023,25.34453,1718.0879,Europe
Saudi Arabia,SAU,2017,20.603857,1648.7,Asia
Saudi Arabia,SAU,2018,20.619967,1689.6,Asia
Saudi Arabia,SAU,2019,20.372166,1741.5045,Asia
Saudi Arabia,SAU,2020,20.529022,1771.844,Asia
Saudi Arabia,SAU,2021,20.549967,2054.2495,Asia
Saudi Arabia,SAU,2022,20.43935,2306.0989,Asia
Saudi Arabia,SAU,2023,20.544811,2700.5862,Asia
Serbia,SRB,2017,25.633823,1076.8,Europe
Serbia,SRB,2018,25.58222,1225.9,Europe
Serbia,SRB,2019,23.58148,1046.68,Europe
Serbia,SRB,2020,25.872414,1143.7047,Europe
Serbia,SRB,2021,24.054436,1418.8914,Europe
Serbia,SRB,2022,22.933035,1430.4341,Europe
Serbia,SRB,2023,24.088127,1807.0012,Europe
Singapore,SGP,2017,6.8700147,1443.5,Asia
Singapore,SGP,2018,6.861152,1503.1,Asia
Singapore,SGP,2019,6.416764,1385.3948,Asia
Singapore,SGP,2020,7.851112,1385.8069,Asia
Singapore,SGP,2021,8.36342,1893.4092,Asia
Singapore,SGP,2022,7.01251,1790.5901,Asia
Singapore,SGP,2023,6.9751425,1831.3215,Asia
Slovakia,SVK,2017,18.14662,1724.8,Europe
Slovakia,SVK,2018,18.350407,1925.6,Europe
Slovakia,SVK,2019,17.373247,1757.331,Europe
Slovakia,SVK,2020,18.704008,1916.9081,Europe
Slovakia,SVK,2021,19.639393,2355.9558,Europe
Slovakia,SVK,2022,19.978275,2544.7075,Europe
Slovakia,SVK,2023,19.370821,2675.2183,Europe
Slovenia,SVN,2017,14.640285,1896.4,Europe
Slovenia,SVN,2018,14.621615,2063.3,Europe
Slovenia,SVN,2019,13.809068,1811.9442,Europe
Slovenia,SVN,2020,15.5515,1828.0132,Europe
Slovenia,SVN,2021,14.870162,2331.8235,Europe
Slovenia,SVN,2022,14.111998,2314.3423,Europe
Slovenia,SVN,2023,13.93656,2445.0269,Europe
South Africa,ZAF,2017,21.411764,782.6,Africa
South Africa,ZAF,2018,21.44559,828.1,Africa
South Africa,ZAF,2019,21.068176,616.80804,Africa
South Africa,ZAF,2020,21.219994,597.0115,Africa
South Africa,ZAF,2021,21.292362,920.8667,Africa
South Africa,ZAF,2022,21.576128,917.0529,Africa
South Africa,ZAF,2023,16.08083,615.909,Africa
South Korea,KOR,2017,13.798116,1832.1,Asia
South Korea,KOR,2018,13.790131,1951.4,Asia
South Korea,KOR,2019,11.439939,1543.9899,Asia
South Korea,KOR,2020,11.581391,1500.8661,Asia
South Korea,KOR,2021,12.819726,1986.0392,Asia
South Korea,KOR,2022,12.147224,1812.467,Asia
South Korea,KOR,2023,12.33084,2071.1672,Asia
Spain,ESP,2017,12.268641,2059.5,Europe
Spain,ESP,2018,12.128487,2217.9,Europe
Spain,ESP,2019,12.522496,2057.6582,Europe
Spain,ESP,2020,15.030204,2158.3755,Europe
Spain,ESP,2021,13.111291,2275.315,Europe
Spain,ESP,2022,15.396029,2676.0183,Europe
Spain,ESP,2023,12.904854,2511.8884,Europe
Sri Lanka,LKA,2017,27.898916,829.1,Asia
Sri Lanka,LKA,2018,28.02194,822.5,Asia
Sri Lanka,LKA,2019,27.222614,714.90814,Asia
Sri Lanka,LKA,2020,29.635483,779.89905,Asia
Sri Lanka,LKA,2021,27.715063,780.4219,Asia
Sri Lanka,LKA,2022,26.753601,588.3008,Asia
Sri Lanka,LKA,2023,27.131388,714.8546,Asia
Sweden,SWE,2017,12.385907,2878.2,Europe
Sweden,SWE,2018,12.3818,2893.8,Europe
Sweden,SWE,2019,12.489638,2588.658,Europe
Sweden,SWE,2020,13.073925,2601.9092,Europe
Sweden,SWE,2021,12.654855,3268.2246,Europe
Sweden,SWE,2022,12.525443,2996.8994,Europe
Sweden,SWE,2023,13.006173,3143.4985,Europe
Switzerland,CHE,2017,9.145775,3840,Europe
Switzerland,CHE,2018,9.151012,3908.8,Europe
Switzerland,CHE,2019,8.854781,3662.3967,Europe
Switzerland,CHE,2020,10.186761,3970.205,Europe
Switzerland,CHE,2021,9.924487,4313.358,Europe
Switzerland,CHE,2022,9.315636,4109.086,Europe
Switzerland,CHE,2023,9.001141,4449.8057,Europe
Taiwan,TWN,2017,14.671123,1791.3,Asia
Taiwan,TWN,2018,14.664256,1857.8,Asia
Taiwan,TWN,2019,13.0694,1673.3723,Asia
Taiwan,TWN,2020,13.308841,1658.6211,Asia
Taiwan,TWN,2021,13.33614,1808.9745,Asia
Taiwan,TWN,2022,14.197844,2005.4708,Asia
Taiwan,TWN,2023,13.788777,2059.619,Asia
Tanzania,TZA,2017,33.15454,197.8,Africa
Tanzania,TZA,2018,33.070866,205.8,Africa
Tanzania,TZA,2019,33.222324,212.1716,Africa
Tanzania,TZA,2020,34.486073,226.04926,Africa
Tanzania,TZA,2021,27.379164,179.84703,Africa
Tanzania,TZA,2022,27.893883,197.34358,Africa
Tanzania,TZA,2023,26.168013,197.42557,Africa
Thailand,THA,2017,24.32835,914.6,Asia
Thailand,THA,2018,24.252953,1012.1,Asia
Thailand,THA,2019,22.405146,882.7665,Asia
Thailand,THA,2020,24.7667,966.9441,Asia
Thailand,THA,2021,28.338812,1027.7134,Asia
Thailand,THA,2022,26.783998,1022.5452,Asia
Thailand,THA,2023,25.9059,1107.7378,Asia
Tunisia,TUN,2017,22.019604,579.6,Africa
Tunisia,TUN,2018,21.882679,570,Africa
Tunisia,TUN,2019,21.75387,538.6479,Africa
Tunisia,TUN,2020,21.632456,505.57117,Africa
Tunisia,TUN,2021,24.192238,647.72565,Africa
Tunisia,TUN,2022,23.067316,680.52997,Africa
Tunisia,TUN,2023,22.278597,769.5439,Africa
Turkey,TUR,2017,21.762697,1389.2,Asia
Turkey,TUR,2018,21.821396,1209.8,Asia
Turkey,TUR,2019,21.214691,841.1536,Asia
Turkey,TUR,2020,21.347061,971.52704,Asia
Turkey,TUR,2021,27.256779,1478.8129,Asia
Turkey,TUR,2022,25.405075,1592.4287,Asia
Turkey,TUR,2023,22.825748,1808.0259,Asia
Turkmenistan,TKM,2017,37.742027,265.1,Asia
Turkmenistan,TKM,2018,37.511032,297.5,Asia
Turkmenistan,TKM,2019,37.281677,300.36267,Asia
Turkmenistan,TKM,2020,37.071136,309.2268,Asia
Turkmenistan,TKM,2021,36.870106,310.05212,Asia
Turkmenistan,TKM,2022,36.677605,373.97946,Asia
Turkmenistan,TKM,2023,36.49421,398.54034,Asia
Uganda,UGA,2017,44.30352,202.6,Africa
Uganda,UGA,2018,44.223866,209.4,Africa
Uganda,UGA,2019,44.199154,216.24927,Africa
Uganda,UGA,2020,44.218678,218.87224,Africa
Uganda,UGA,2021,44.24747,293.40057,Africa
Uganda,UGA,2022,44.225307,313.2339,Africa
Uganda,UGA,2023,38.565464,265.8952,Africa
Ukraine,UKR,2017,42.113937,715.6,Europe
Ukraine,UKR,2018,42.231743,857.6,Europe
Ukraine,UKR,2019,39.68322,874.2984,Europe
Ukraine,UKR,2020,41.19931,963.7307,Europe
Ukraine,UKR,2021,41.641056,1292.1539,Europe
Ukraine,UKR,2022,42.726883,1021.3403,Europe
Ukraine,UKR,2023,41.71225,1265.9171,Europe
United Arab Emirates,ARE,2017,13.728012,1889.4,Asia
United Arab Emirates,ARE,2018,13.710803,1954.9,Asia
United Arab Emirates,ARE,2019,13.725278,2003.57,Asia
United Arab Emirates,ARE,2020,13.911645,1962.9142,Asia
United Arab Emirates,ARE,2021,13.614112,1961.736,Asia
United Arab Emirates,ARE,2022,13.526852,2459.8027,Asia
United Arab Emirates,ARE,2023,12.225459,2980.7517,Asia
United Kingdom,GBR,2017,8.150551,2038.2,Europe
United Kingdom,GBR,2018,8.099275,2168.2,Europe
United Kingdom,GBR,2019,7.943234,1831.6174,Europe
United Kingdom,GBR,2020,9.360341,1951.0782,Europe
United Kingdom,GBR,2021,8.655319,2417.7542,Europe
United Kingdom,GBR,2022,8.500579,2313.528,Europe
United Kingdom,GBR,2023,8.654823,2499.02,Europe
United States,USA,2017,6.4059668,2548.3,North America
United States,USA,2018,6.357114,2626.2,North America
United States,USA,2019,6.226851,2356.8203,North America
United States,USA,2020,7.0947022,2595.5752,North America
United States,USA,2021,6.689246,3070.234,North America
United States,USA,2022,6.7260303,3382.4458,North America
United States,USA,2023,6.794796,3694.3535,North America
Uruguay,URY,2017,18.633657,2187.2,South America
Uruguay,URY,2018,18.617237,2212.1,South America
Uruguay,URY,2019,18.514044,1526.631,South America
Uruguay,URY,2020,18.872986,1587.5781,South America
Uruguay,URY,2021,18.820482,1950.6066,South America
Uruguay,URY,2022,18.599667,2371.2742,South America
Uruguay,URY,2023,18.697643,2776.4219,South America
Uzbekistan,UZB,2017,30.27809,242.8,Asia
Uzbekistan,UZB,2018,30.16796,186.8,Asia
Uzbekistan,UZB,2019,30.053236,233.7826,Asia
Uzbekistan,UZB,2020,29.953552,264.32962,Asia
Uzbekistan,UZB,2021,46.50713,483.40182,Asia
Uzbekistan,UZB,2022,46.408474,616.72015,Asia
Uzbekistan,UZB,2023,46.33913,718.6729,Asia
Venezuela,VEN,2017,19.269547,288.6,South America
Venezuela,VEN,2018,19.099098,95.4,South America
Venezuela,VEN,2019,18.938694,1.6081887,South America
Venezuela,VEN,2020,18.77476,27.33975,South America
Venezuela,VEN,2021,18.609703,46.672245,South America
Venezuela,VEN,2022,18.446112,76.88895,South America
Venezuela,VEN,2023,51.952286,693.4925,South America
Vietnam,VNM,2017,38.73744,643.7,Asia
Vietnam,VNM,2018,38.75791,692.1,Asia
Vietnam,VNM,2019,31.09939,509.3486,Asia
Vietnam,VNM,2020,31.651073,533.45355,Asia
Vietnam,VNM,2021,31.196798,563.15234,Asia
Vietnam,VNM,2022,31.120634,654.7691,Asia
Vietnam,VNM,2023,34.85494,777.58496,Asia