Entity,Code,Year,Amphenicols,Beta-lactamase resistant penicillins,Carbapenems,Combinations of penicillins,First-generation cephalosporins,Glycopeptides,Intermediate-acting sulfonamides,Long-acting sulfonamides,Nitrofuran derivatives,Other aminoglycosides,Other cephalosporins and penems,Penicillins with extended spectrum,Second-generation cephalosporins,Steroid antibiotics,Tetracyclines,Trimethoprim and derivatives,Third-generation cephalosporins,Streptogramins,Short-acting sulfonamides,Polymyxins,Other quinolones,Beta-lactamase sensitive penicillins,Combinations of antibiotics,Combinations of sulfonamides and trimethoprim,Fluoroquinolones,Imidazole derivatives,Lincosamides,Macrolides,Nitroimidazole,Other antibiotics
Armenia,ARM,2016,0.21966232,0.000358498,,1.0993156,0.045107704,,,,0.35419643,,,0.73290586,0.09239699,,1.6465114,,0.17715988,,,,0.08819061,,,0.9345967,1.0719532,,0.01117559,1.4582301,0.322496,0.057593007
Armenia,ARM,2017,0.41514167,,,1.4338335,0.092972115,,,0.048032958,0.7235253,,,2.3253107,0.10031203,,1.5551776,,0.256518,,,,0.09350672,,0.000721455,1.2124227,1.173498,,0.012200372,1.4892241,0.38760918,0.06815781
Armenia,ARM,2018,0.27706268,0.00084513,,1.2322761,0.065278344,,,,0.69711417,,,2.1860988,0.048969265,,1.746045,,0.18045384,,,,0.094350345,,0.000278169,1.4118146,1.6457696,,0.018747404,1.7357522,0.42822632,0.051423524
Armenia,ARM,2019,0.3094129,,,1.4962308,0.07338227,,,,0.6924685,,,1.5954527,0.07666682,,1.420775,,0.2514085,,,,0.041854467,,,0.63249975,1.3259193,,0.018299796,2.2153347,0.4453974,0.065104626
Armenia,ARM,2020,0.13998382,,,1.6640828,0.05620592,,,0.014452463,0.4424895,,,2.5355742,0.07541647,,1.9916139,,0.43960485,,,,,,,1.328775,2.0699468,,0.010742997,5.2385716,0.45432335,0.078001305
Armenia,ARM,2021,0.28411222,,,1.7329544,0.039053485,,,,0.8645384,,,1.7465581,0.07350014,,1.131434,,0.42828178,,,,,,0.00000589,0.9971508,1.7220187,,0.054731768,3.3997252,0.39206284,0.050438523
Armenia,ARM,2022,0.18334012,,,0.9380838,0.01401606,,,,0.9404047,,,0.31841797,0.06262861,,0.9536044,,0.43899545,,,,,,,1.1843321,1.5837787,,0.085384205,1.4585623,0.30578336,0.01615426
Austria,AUT,2016,,0.005841663,,3.1769166,0.3110761,,,,0.26154912,,,0.73105466,0.87672067,0.025172966,0.8504565,0.10994279,0.20912327,,,,,0.7317484,,0.09155039,1.1948526,,0.6671902,2.059725,0.09480363,0.039060876
Austria,AUT,2017,,0.006475068,,3.532821,0.33678138,,,,0.29828537,,,0.82017684,0.9327065,0.02435064,0.6274959,0.11032249,0.23467264,,,,,0.7453587,,0.106359266,1.2264087,,0.691483,2.106858,0.10316416,0.046828967
Austria,AUT,2018,,0.003417641,,3.2271912,0.3221201,,,,0.27162,,,0.81821126,0.8807811,0.019791823,0.36195466,0.09629276,0.19151495,,,,,0.6653662,,0.10753072,1.0384674,,0.611185,1.6380066,0.10137049,0.047323592
Austria,AUT,2019,,0.005514044,,3.3039875,0.35018608,,,,0.2967293,,,0.84395516,0.87574023,0.023023726,0.35240093,0.12915096,0.1799642,,,,,0.63460183,,0.13142598,0.8131978,,0.6269335,1.5888367,0.12292012,0.059773628
Austria,AUT,2020,,0.004566734,,2.490292,0.30205175,,,,0.24588257,,,0.71256185,0.56374085,0.020451885,0.31740743,0.118022926,0.10417385,,,,,0.3208977,,0.14365545,0.6309045,,0.55096334,0.9446439,0.11302207,0.047441278
Austria,AUT,2021,,0.004163903,,2.634473,0.30383274,,,,0.17848895,,,0.698029,0.57546806,0.019004103,0.37279692,0.1132065,0.17389086,,,,,0.29699394,,0.15540786,0.56971514,,0.54268163,0.9104686,0.11753446,0.023439456
Austria,AUT,2022,,0.002490989,,3.3357847,0.2530171,,,,0.16499276,,,0.8662888,0.73100394,0.01669649,0.37999067,0.112102926,0.1566056,,,,,0.4710488,,0.10693201,0.6298316,,0.61437297,1.387214,0.11784234,0.025711156
Bangladesh,BGD,2016,0.000311275,1.0792234,,0.034076154,0.5447325,,,,0.1242472,,,1.3084027,1.108388,,2.8022976,,2.0755234,,,,0.010026938,0.39697966,,0.3091338,2.4282932,,0.14155799,4.093117,1.5326356,0.004165766
Bangladesh,BGD,2017,0.002318711,1.1190207,,0.063677564,2.5977874,,,,0.13533795,,,1.3194326,1.1050882,,2.198821,,2.611088,,,,0.011348869,0.40703422,,0.38590166,2.19548,,0.12212262,4.5553904,1.5552533,0.008980458
Bangladesh,BGD,2018,0.001053829,1.1031588,,0.06796341,0.52830875,,,,0.14757949,,,1.2577032,1.1274724,,2.401781,,2.5801127,,,,0.010455908,0.3375322,,0.25807676,2.5295277,,0.1247289,4.8453465,1.7434231,0.014578554
Bangladesh,BGD,2019,,1.4238442,,0.29080284,0.5357425,,,,0.1871416,,,1.4276892,1.5127603,,1.9226382,,3.7505784,,,,0.008982454,0.4659024,,0.37143528,3.0928895,,0.123108536,6.2895722,2.2260516,0.053532735
Bangladesh,BGD,2020,,1.5053205,,0.28019616,0.5362346,,,,0.24746448,,,1.4316486,1.1762826,,2.3763494,,3.1576242,,,,0.007922516,0.43554574,,0.47733667,2.6757555,,0.10781695,7.1349034,2.7131526,0.057400253
Bangladesh,BGD,2021,0.000538558,1.8033818,,0.35443327,2.3863678,,,,0.21521272,,,1.2467912,3.0892558,,4.512874,,15.81472,,,,0.002065424,0.25817153,,0.35649532,6.9151654,,0.11289926,13.648511,3.4323454,0.090175204
Bangladesh,BGD,2022,0.00000219,1.441169,,0.26103288,0.11608212,,,,0.2520733,,,1.3456986,3.013738,,2.8058748,,15.653694,,,,,0.13688797,,1.3378435,7.0489006,,0.10358917,7.446098,6.4613614,0.1116906
Belarus,BLR,2016,0.06554554,,,1.416035,0.11669808,,,,1.1099787,,,3.375193,0.3580836,,2.4641712,,0.058606274,,,,0.010057966,,,0.11766183,1.5289257,,0.06235854,2.8527045,0.5215365,0.15306225
Belarus,BLR,2017,0.07247695,,,2.6159282,0.096979864,,,,1.0957695,,,4.6225095,0.72702414,,2.7285073,,0.21512938,,,,0.009846545,,,0.14499877,1.7404335,,0.0649412,2.9648304,0.56545275,0.18530357
Belarus,BLR,2018,0.06991271,,,2.5573027,0.11693516,,,,1.3039801,,,4.296169,0.5674172,,2.2889528,,0.15654086,,,,0.008867201,,0.14843944,0.17315908,1.5808998,,0.02862173,2.8111796,0.6052817,0.23888035
Belarus,BLR,2019,0.06286464,,,3.8113265,0.095111884,,,,1.5910759,,,4.6037197,0.86056656,,3.7760143,,0.19958486,,,,0.003440952,,0.11414332,0.12119657,1.5968845,,0.018320309,2.942811,0.6649214,0.18361232
Belarus,BLR,2020,0.05510361,,,3.9150922,0.08907158,,,,1.2791252,,,3.8094015,1.0502443,,2.1848202,,0.35636085,,,,,,0.057740845,0.08665037,2.3715029,,0.033138797,7.192525,0.5520427,0.16060677
Belarus,BLR,2021,0.04190085,,,3.7713592,0.037042364,,,,1.8458318,,,3.396505,1.0061316,,3.2118828,,0.115380846,,,,,,0.001098388,0.08742771,1.5023097,,0.018822536,2.8914468,0.2383009,0.105272286
Belarus,BLR,2022,0.044268765,,,4.122844,0.05859266,,,,1.9802448,,,3.059233,0.76326406,,1.2821301,,0.095992915,,,,,,0.06148828,0.09279057,0.96963984,,0.02250696,1.672646,0.44123626,0.116238646
Belgium,BEL,2016,,0.2639831,,5.135023,0.07269043,,,,2.633425,,,5.0395346,1.2860636,,2.0078924,7.26e-7,,,,,,0.026652683,,0.23570405,2.5616314,,0.39723793,3.2963939,0.1512485,0.17064176
Belgium,BEL,2017,,0.2581157,,4.935242,0.046453178,,,,2.380178,,,4.752374,1.1639582,,1.9248145,,,,,,,0.017129948,,0.21620208,2.3176982,,0.39766565,3.0814207,0.15044257,0.1762993
Belgium,BEL,2018,,0.26758277,,5.216631,0.050396223,,,,2.3480597,,,4.7894745,1.2324691,,1.87933,,,,,,,0.022447493,,0.24291828,1.2927935,,0.42078787,3.2011242,0.14917806,0.18978088
Belgium,BEL,2019,,0.27411547,,4.860666,0.029971411,,,,2.4366693,,,4.82959,1.206183,,1.8671268,,,,,,,0.01113173,,0.25173494,0.6955219,,0.43645385,3.1328719,0.15172486,0.1968876
Belgium,BEL,2020,,0.26863986,,3.7132928,0.022081766,,,,2.3404365,,,3.1397724,0.8099007,,1.63726,,,0.00000479,,,,0.00000651,,0.25684988,0.5652551,,0.39049235,2.3233619,0.13159636,0.1903856
Belgium,BEL,2021,,0.28197128,,3.86757,0.02839577,,,,2.358999,,,3.4821153,0.7994989,,1.8140666,,,,,,,,,0.27449808,0.5495631,,0.38072497,2.3242898,0.1436278,0.19845787
Belgium,BEL,2022,,0.3198047,,4.664478,0.031489637,,,,2.3875842,,,4.800947,0.95426476,,1.7313516,,,,,,,0.005442406,,0.2902902,0.5814813,,0.4031755,3.0230591,0.150375,0.2014148
Benin,BEN,2016,0.02275602,0.98117024,,0.3432378,0.03288109,,,,0.000220989,,,8.022824,0.009875592,0.000856057,2.2115028,,0.11173343,0.000312901,,,,0.27759194,0.05880034,2.6044087,2.9721794,,0.03831978,0.60144854,2.3064451,0.001752584
Benin,BEN,2017,0.017288458,1.1776776,,0.38127774,0.032453388,,,,0.000198449,,,8.662731,0.009234024,0.000916646,2.5447588,,0.16633937,0.000261764,,,,0.27287218,0.08941417,2.880439,3.0480335,,0.04311109,0.6188213,2.0425293,0.00171304
Benin,BEN,2018,0.016976573,1.0801202,,0.39653358,0.02625478,,,,0.00105143,,,8.817625,0.009141076,0.00072734,2.0852778,,0.18868083,0.000196864,,,,0.30192882,0.06549766,3.23044,3.1300054,,0.040488824,0.55026716,1.7973168,0.001936513
Benin,BEN,2019,0.036685813,0.7692784,,0.6300123,0.010962688,,,,0.002018775,,,6.920565,0.007022719,0.001275446,1.5462902,,0.32008606,0.001269279,,,,0.17497277,0.10986182,2.1634705,2.234941,,0.09865568,0.6116342,1.4840602,0.0054048
Benin,BEN,2020,0.033094607,0.6820351,,0.52629113,0.00317071,,,,0.0000379,,,5.6035314,0.004150396,0.000591583,1.0361351,,0.31549004,0.001043612,,,,0.17086554,0.10632597,0.9568703,1.8426214,,0.07957846,0.5331336,1.4080923,0.009795781
Benin,BEN,2021,0.007113747,0.47202247,,0.512549,0.014610761,,0.000295118,,0.000989383,,,6.402105,0.0955067,0.001395135,2.4249063,,0.32979837,0.003145114,,,,0.00634767,0.5760145,1.049994,1.4216465,,0.0487728,2.1259763,1.0623636,0.004144281
Benin,BEN,2022,0.025491025,0.43617234,,0.9669493,0.062079564,,,,0.003317744,,,10.749009,0.005861143,0.005107588,1.9080913,,0.43585882,0.000841234,,,,0.10807392,0.16188388,1.3591255,2.098598,,0.07698429,0.99408644,1.5497527,0.001275186
Bhutan,BTN,2019,,0.70838374,,,,,,,0.54065627,,,5.0256815,,,2.106935,,0.03391373,,,,,,,0.98338395,0.6808271,,,0.4605663,0.73597795,
Bhutan,BTN,2020,,0.6413427,,,0.030145619,,,,0.33958152,,,3.2727005,,,2.0115993,,,,,,,,,0.85719174,0.59496814,,,0.4012027,0.8288272,
Bhutan,BTN,2021,,0.7503549,,,0.03849781,,,,0.42638305,,,3.2967632,,,2.6226082,,0.00528574,,,,,0.36588335,,0.59736353,0.5602885,,,0.5010001,,
Bhutan,BTN,2022,0.70427555,0.79285926,,,0.120843746,,,,0.6222074,,,4.6776857,,,3.1628585,,0.021183765,,,,,0.08473506,,1.0575163,0.74913496,,,0.28221676,,
Burkina Faso,BFA,2017,0.007019712,0.3362579,,0.3348412,0.73118275,,0.006238414,,0.001648944,,,6.7982802,0.005357221,0.00107135,0.9815779,,0.13731726,0.000241986,,,,0.32047638,0.07601415,7.202716,0.28430375,,0.07971294,1.4910933,,0.0000971
Burkina Faso,BFA,2018,0.0648189,0.5094366,,0.805543,0.82563525,,0.001253917,,,,,6.5362234,0.011499536,0.00231997,1.2272669,,0.23727274,0.000279444,,,0.00010412,0.30999827,0.11984649,7.098851,0.86798024,,0.13731088,1.7926912,,0.000137035
Canada,CAN,2022,,0.03623968,,1.2280515,1.0027151,,,,0.8010282,,,3.0094528,0.33181763,0.0000217,3.4680626,0.036007416,0.14916816,,,,,0.19631407,,0.64437675,1.042196,,0.26203322,1.5028021,0.26077837,0.1528922
Colombia,COL,2018,,0.5661007,,0.24166809,1.8424788,,0.000415599,,1.0198609,,,4.483047,0.042270888,,1.3196476,,0.00140314,,0.005911234,,0.003176606,0.005853134,,0.9262533,3.343884,,0.07552899,1.9729606,1.3187339,0.012322522
Colombia,COL,2019,,0.7480095,,0.21629938,0.6133149,,0.000204712,,0.46800804,,,5.728722,0.042171143,,1.6559396,,0.001520001,,0.005131998,,0.008613742,,,0.9255105,1.9730024,,0.14018562,1.7581775,0.67719096,0.014763677
Colombia,COL,2020,,0.4598698,,0.23737569,1.2109694,,0.000201725,,0.6699277,,,4.4575686,0.034981754,,1.6770235,,0.00099141,,0.00406166,,0.011708102,0.00474591,,0.78162134,1.7309188,,0.10021048,3.5602174,1.2181473,0.014956407
Colombia,COL,2021,0.037886474,0.49436533,,0.3759419,1.4071509,,0.00019943,,0.7318572,,,5.6439986,0.050924014,,1.9366404,,0.001429358,,,,0.007840543,0.00797105,,0.91910416,2.2694604,,0.1173422,3.9075859,1.5655409,0.024156827
Colombia,COL,2022,0.035361398,0.34650955,,0.32039663,0.6732389,,0.000835797,,0.5512784,,,3.5905108,0.07294485,,0.8708955,,0.002626173,,0.00000396,,0.01008872,0.007271251,,0.31739676,1.1816306,,0.17055377,2.5907319,0.45610157,0.02436493
Cote d'Ivoire,CIV,2021,,0.22451054,,1.3461374,0.022440689,,,,,,,3.913161,0.013968139,,0.71090907,,0.76701844,0.000802827,,,,0.016793108,0.10840483,6.2424207,0.9146297,,0.002864549,1.2577953,0.749322,0.001005428
Cote d'Ivoire,CIV,2022,0.000451423,0.6563219,,1.7213247,0.019610217,,,,,,,3.1861029,0.014501006,,0.9497802,,1.1426915,,,,,,0.110519074,4.9917145,1.0020955,,0.002207824,0.95468396,3.267462,0.001551963
Croatia,HRV,2016,,0.00639121,,5.511593,0.6171952,,0.000324324,,0.90086657,,,2.157316,1.8402655,,1.0742344,,0.22085212,,,,,0.5620403,,0.64067495,1.6440808,,0.3522245,2.4958844,0.28536326,0.007413869
Croatia,HRV,2017,,0.009966669,,5.6776843,0.49476445,,0.0000436,,0.708672,,,2.025245,1.8366166,,1.053721,,0.34922433,,,,,0.52202445,,0.6004803,1.6781846,,0.36491776,2.5413005,0.31300917,0.055738
Croatia,HRV,2018,,0.009501657,,5.915387,0.4035882,,0.000367614,,0.79999876,,,1.8874638,1.9006577,,1.0418503,,0.4372206,,,,,0.47845083,,0.53917104,1.676083,,0.37933427,2.6414852,0.32862794,0.0859423
Croatia,HRV,2019,,0.014633881,,6.127416,0.3669939,,0.000298591,,0.8804208,,,1.8226562,1.9008057,,0.99985045,0.00000498,0.5252838,,,,,0.4744937,,0.5395017,1.5568024,,0.41037843,2.6006591,0.34343913,0.09674083
Croatia,HRV,2020,,0.013811943,,5.1181107,0.28412142,,,,0.8790515,,,1.2482407,1.5382506,,0.85602957,0.0000585,0.48136425,,,,,0.2580966,,0.48801753,1.3888471,,0.40807983,2.2767317,0.312453,0.090880744
Croatia,HRV,2021,,0.014911105,,5.351458,0.28378972,,0.000292914,,0.9318102,,,1.2283623,1.4861736,,0.9613761,0.00000843,0.6001366,,,,,0.20217977,,0.4860355,1.4951425,,0.4217616,2.6320584,0.33797172,0.092468165
Croatia,HRV,2022,,0.015807256,,5.788555,0.3503414,,0.000711495,,1.0201254,,,1.7056704,1.6420238,,0.92833817,0.0000255,0.7438941,,,,,0.24290638,,0.49865258,1.575072,,0.51054436,3.0963213,0.33980492,0.10029198
Cyprus,CYP,2016,,0.006732578,,6.40628,0.21528547,,0.003704529,,0.44512326,,,2.087183,3.6636531,,3.8294227,0.002585117,0.7762308,,,,,0.07570929,,,6.8707747,,0.080185324,2.6493456,0.54457796,0.000805332
Cyprus,CYP,2017,,0.011023704,,7.108149,0.23443532,,0.008035623,,0.46155876,,,1.9995472,4.179277,,3.4875233,0.002977438,0.8278906,,,,,0.05710614,,0.26934716,6.0477624,,0.075494416,2.7534227,0.5508748,0.001947707
Cyprus,CYP,2018,,0.010265622,,6.836149,0.1810612,,0.002242554,,0.42170575,,,1.8191358,4.2583494,,3.7988486,0.003158044,0.8787499,,,,,0.052594494,,0.24632111,5.1507497,,0.11405051,2.8643951,0.09655542,0.003023491
Cyprus,CYP,2019,,0.009328413,,7.9353223,0.13032684,,0.001011546,,0.49163446,,,1.4723163,4.6240907,,3.7379656,0.003607502,0.9871923,,,,,0.045968562,,0.17402406,5.6037564,,0.12165799,2.9586189,0.57963306,0.002591825
Cyprus,CYP,2020,,0.007202712,,6.6043744,0.09480983,,0.001332412,,0.38059837,,,1.264088,4.5574164,,3.3255298,0.001806443,0.9223253,,,,,0.20455088,,0.26810384,7.1919346,,0.08236766,2.4717166,0.58163106,0.003471451
Cyprus,CYP,2021,,0.010558989,,5.9463954,0.09317753,,0.002105171,,0.4851553,,,1.1184709,3.51158,,3.8685734,0.002454334,0.921802,,,,,0.062046483,,0.18447264,4.5825996,,0.12360668,2.59582,0.55457854,0.005076878
Cyprus,CYP,2022,,0.011037072,,8.119675,0.06952139,,,,0.677959,,,1.1780225,4.625894,,1.5651405,,1.1771357,,,,,0.051688768,,0.191741,4.1076865,,0.14746502,3.6151884,0.4484849,0.007859733
Czechia,CZE,2019,,,,3.168066,0.026977673,,,,0.9697376,,,0.8369446,2.1905794,,2.0115042,0.03651444,0.000179409,,,,,1.5680188,,0.85377866,0.63310456,,0.38165003,3.1932716,0.11896191,0.019992938
Czechia,CZE,2020,,0.000271606,,2.6746156,0.023248881,,,,0.8781354,,,0.5267744,1.5335722,,1.839821,0.023178378,0.00150112,,,,,0.89015,,0.75418574,0.5401263,,0.3549453,2.361201,0.10810922,0.01942558
Czechia,CZE,2021,,0.09713238,,0.22333819,0.07284923,0.03448014,,,1.0553539,0.0322751,,0.53340524,0.2408542,,1.5485436,,0.11571992,,,0.007760795,,0.78219515,,,0.10980694,,0.04470799,0.9076283,0.10453028,0.004156214
Czechia,CZE,2022,,0.016911441,,3.561938,0.027286068,,,,1.0450522,,,0.7487271,2.0987992,,1.7641983,0.011719428,0.003161627,,,,,1.2048992,,0.86693716,0.5907413,,0.4291051,3.4950862,0.11334968,0.028380496
Denmark,DNK,2016,,1.5679882,,1.0655096,0.004363892,,,,0.4329645,,,3.5967653,0.021484848,0.008476225,1.6506141,0.5644287,,,0.16523255,,,4.177155,,0.10231623,0.59239936,,0.0656154,1.8275411,0.31587973,0.004940943
Denmark,DNK,2017,,1.660985,,0.91213065,0.004137799,,,,0.2708657,,,3.6607099,0.021471666,0.006545824,1.4680344,0.5697783,,,0.1510072,,,3.9401238,,0.10472232,0.5526457,,0.0664543,1.6679864,0.28830063,0.005152086
Denmark,DNK,2018,,1.7111504,,0.7834236,0.003945667,,,,0.16101198,,,3.663074,0.02153465,0.005964506,1.445926,0.54107356,,,0.13972288,,,3.6706495,,0.110210255,0.52192247,,0.067223385,1.5226938,0.27368382,0.007674212
Denmark,DNK,2019,,1.7353706,,0.7542436,0.00286694,,,,0.27359638,,,3.5716166,0.018399945,0.004823614,1.5400798,0.46021998,,,0.13256012,,,3.499157,,0.11988917,0.47123283,,0.070936695,1.4882272,0.271538,0.008103541
Denmark,DNK,2020,,1.6818838,,0.6353979,0.002419629,,,,0.27518696,,,3.475975,0.018836426,0.003912165,1.7374551,0.4406899,,,0.111614645,,,2.8779225,,0.12024827,0.4190239,,0.07489446,1.2212459,0.26824147,0.006606133
Denmark,DNK,2021,,1.7101257,,0.66973865,0.002592665,,0.001520968,,0.28496546,,,3.4702823,0.016748896,0.00330401,1.6885232,0.4262273,,,0.09574306,,,2.9910417,,0.13068832,0.39828163,,0.08047242,1.1692301,0.2733163,0.007365692
Denmark,DNK,2022,,1.8228879,,0.7584371,0.002682782,,0.00593845,,0.27760974,,,3.564897,0.013013356,0.00283493,1.7475317,0.39925444,,,0.08645435,,,3.3404133,,0.13727717,0.42431214,,0.080329634,1.2225044,0.2743498,0.008279394
East Timor,TLS,2016,0.001234378,0.89562196,,0.06537148,,,,,,,,2.1687472,0.000128581,,0.5490413,,0.014462801,,,,,0.04161527,,1.5364733,0.56961423,,,0.40999368,0.4667185,
East Timor,TLS,2017,0.009262325,0.5606124,,0.07021383,,,,,,,,4.115926,0.012664984,,0.44175467,,0.012285035,,,,,0.026913092,,1.34137,0.5534598,,,0.4118558,0.41814205,
East Timor,TLS,2018,0.001197907,0.8691595,,0.06343999,,,,,,,,2.1046686,0.000124782,,0.53281903,,0.014035477,,,,,0.04038569,,1.491076,0.5527842,,,0.39787984,0.45292863,
East Timor,TLS,2019,0.008993209,0.5443238,,0.06817377,,,,,,,,3.996338,0.012297005,,0.42891952,,0.011928094,,,,,0.026131134,,1.3023967,0.5373791,,,0.39988935,0.40599298,
Egypt,EGY,2020,0.010791564,,,7.3818545,1.7788143,,,,,,,1.2986072,0.102221616,,1.3133764,0.0000414,0.37422782,,,,,0.004570772,0.055527363,1.0566622,4.1317396,,0.20457095,5.9927616,2.4668229,0.35334545
Egypt,EGY,2021,0.005702157,,,8.062727,1.3638047,,,,0.50735575,,,1.4077712,0.10489366,0.0000115,1.3578639,,0.4824434,,,,,0.010414955,0.11955785,0.8639915,4.5590916,,0.19349405,6.451538,2.720128,0.35822818
Egypt,EGY,2022,0.006044511,,,13.636006,1.9278406,,,,0.7055092,,,2.2777908,0.11834178,0.00000637,1.3958676,,1.6459613,,,,,0.006033489,0.14042546,2.1045275,5.1202083,,0.23633225,11.248335,3.1743684,0.43224826
Estonia,EST,2016,,0.0000208,,1.6355265,0.15622105,,,,0.5864093,,,1.6978533,1.1171341,0.000138798,1.6021063,0.02537408,,,,,,0.17278484,,0.41912514,0.9486252,,0.18353033,2.2004519,0.002664509,0.005678505
Estonia,EST,2017,,0.0000936,,1.8244987,0.17608142,,,,0.5654855,,,1.6368896,1.1364627,0.000242598,1.3170948,0.025327226,,,,,,0.17057513,,0.43231475,0.9470782,,0.16283037,2.2363164,0.23990904,0.009404153
Estonia,EST,2018,,,,2.0817497,0.17514777,,0.000362631,,0.5791945,,,1.6395694,1.1060468,0.000138145,1.2738497,0.022441689,0.0000104,,,,,0.16225713,,0.4562418,0.8225956,,0.16199873,2.3019626,0.19013646,0.009878197
Estonia,EST,2019,,0.000144518,,2.0930898,0.174145,,,,0.58213854,,,1.6725601,1.1161795,0.000206454,1.3820603,0.022869948,,,,,,0.13828129,,0.42390698,0.73880625,,0.16438699,2.302621,0.20062402,0.01860564
Estonia,EST,2020,,0.000247297,,1.9261984,0.13839856,,,,0.4693743,,,1.3135687,0.98279935,,1.3885903,0.041762233,,,,,,0.105399095,,0.2906818,0.8470262,,0.15555787,1.7926503,0.18789624,0.02119745
Estonia,EST,2021,,0.000123717,,2.0018072,0.13131063,,,,0.57138926,,,1.288161,0.8893391,,1.332757,0.029537551,,,,,,0.07384883,,0.32975766,0.67351085,,0.15432933,1.6917275,0.17508975,0.015357466
Estonia,EST,2022,,,,2.6794853,0.1465904,,,,0.60254717,,,1.6418949,1.1382055,,1.5527201,0.030293677,,,,,,0.1315542,,0.390759,0.691672,,0.19208619,2.2353637,0.18801355,0.015726887
Ethiopia,ETH,2020,0.017554037,0.31174356,,,0.20305505,,,,,,,2.7889369,0.02304302,,0.6489402,,0.051030297,,,,,,,0.29084957,2.6638505,,,0.6540048,1.576209,
Ethiopia,ETH,2021,,0.39728254,,,0.56235224,,,,,,,3.281003,0.013298507,,1.0069939,,0.36102733,,,,,,,0.62448657,2.5051107,,0.000359642,0.50576836,1.7003254,
Ethiopia,ETH,2022,0.002723011,0.232332,,,0.17431939,,,,,,,3.3368945,0.000467486,,1.4735779,,0.28296944,,,,,,,0.49128374,2.4662569,,,0.15153901,1.7091858,
Finland,FIN,2016,,0.05944395,,0.88341016,2.148878,,,,0.48987415,,,2.9117317,0.040294014,0.002087327,3.8977056,0.84154534,,,,,,1.2140709,,0.35210526,0.96748435,,0.2563369,0.7640235,0.37937906,0.007618079
Finland,FIN,2017,,0.061793976,,0.80296856,2.0262256,,,,0.45959938,,,2.688689,0.030468004,0.001541927,3.4418232,0.77429265,,,,,,1.1565654,,0.32839847,0.8632763,,0.24854548,0.5977787,0.33233464,0.007197318
Finland,FIN,2018,,0.07845008,,0.78350216,2.0022738,,,,0.35048547,,,2.6759877,0.026018515,0.001187199,3.2001362,0.7428899,,,,,,1.1778257,,0.3190095,0.8001251,,0.2529939,0.55121166,0.31602818,0.007576211
Finland,FIN,2019,,0.1021678,,0.7871872,1.8575919,,,,0.27002233,,,2.6409037,0.024862047,0.001113118,3.152406,0.7771931,,,,,,1.1399418,,0.3806083,0.61114806,,0.24268034,0.48945636,0.3066853,0.00792662
Finland,FIN,2020,,0.10324757,,0.53463054,1.5679595,,,,0.31261337,,,1.8190584,0.014223668,0.000130463,2.488572,0.6984272,,,,,,0.92079836,,0.3325139,0.5286161,,0.21536492,0.31409502,0.264751,0.007652647
Finland,FIN,2021,,0.12158047,,0.5220475,1.5173786,,,,0.31678438,,,1.7740036,0.012448055,,2.310035,0.67809147,,,,,,0.8116172,,0.34227508,0.47606817,,0.204148,0.26419717,0.2569855,0.007131414
Finland,FIN,2022,,0.18277037,,0.7295756,1.5020825,,,,0.3168758,,,2.2821112,0.002003074,,2.5803173,0.64718586,,,,,,0.8556581,,0.33761162,0.5106766,,0.21096249,0.34510913,0.24455222,0.00725138
France,FRA,2016,0.000128096,0.18930516,0.005026916,5.2602406,0.028057475,,0.023505734,,0.21018599,0.004126068,,8.412678,0.43784916,0.06692844,3.2909863,,1.4052017,0.90103716,0.001755533,,0.004398432,0.18904777,,0.42750418,1.7048955,,0.11256088,2.0801494,0.33312753,0.18383117
France,FRA,2017,0.000125118,0.15744658,0.007900474,4.82515,0.018461714,,0.021846125,,0.2419973,0.00366442,,8.436321,0.34846422,0.055171758,3.0599937,0.000161184,1.1519716,1.0448631,0.001411248,,0.003630274,0.17579119,,0.4368045,1.5444338,,0.111709,2.0022655,0.3266449,0.216475
France,FRA,2018,0.0000608,0.1354087,,4.8507943,0.015723588,,0.010077955,,0.17966191,0.003296424,,8.824001,0.2864764,0.048912216,3.191346,0.001094698,1.0169958,0.9891842,0.000994457,,0.002221967,0.17642713,0.63546467,0.45132113,1.4973574,,0.11769731,1.889954,0.32873544,0.22416815
France,FRA,2019,,0.11307137,,4.7458043,0.014754839,,0.018315388,,0.17659551,,,9.000333,0.26341277,0.04429538,3.2565577,0.002328679,0.9243825,1.0007794,0.001023092,,,0.1859011,0.59184,0.4530064,1.3572739,,0.16858889,1.7691879,0.34276748,0.24397656
France,FRA,2020,,0.094484456,,3.9583778,0.016787509,,0.01065057,,0.10483046,,,6.383805,0.13883437,0.034011412,2.9790664,0.003057722,0.66791135,0.7830758,,,0.0000697,0.17539284,0.54048544,0.48860565,1.2271729,,0.16157795,1.5436007,0.29841352,0.24716333
France,FRA,2021,,0.07800768,,4.2457027,0.016233286,,0.016316563,,0.15722063,,,7.0824585,0.13187705,0.0338021,3.1936872,0.004051133,0.6981163,0.73441863,,,,0.17475861,0.54004645,0.53284186,1.1290013,,0.17659675,1.5786663,0.3190601,0.25625664
France,FRA,2022,,0.08130461,,4.87001,0.01686032,,0.018362429,,0.17306645,,,8.538904,0.21350926,0.029904475,2.8367934,0.004258306,0.8120757,0.8830238,,,,0.1782942,0.44308597,0.5525745,1.3066539,,0.19430755,2.170177,0.33467475,0.29530486
Gabon,GAB,2020,,1.4300344,,5.449982,,,,,,,,4.4854364,0.05183836,,,,,,,,,0.0690636,0.035851326,,1.4708829,,,1.3558313,1.2375506,
Gabon,GAB,2021,0.050179612,0.7600632,,4.9074974,0.035949573,,,,,,,4.6264973,0.030348836,0.022429865,1.8986795,,1.2326584,0.004002198,,,,0.077048905,0.080455504,0.33290538,1.0688838,,0.05569687,1.8660122,0.91273755,0.096113615
Georgia,GEO,2016,0.81915927,,,0.046045817,,,,,0.89319146,,,0.37996006,0.56382656,,1.1815873,9.709613,0.39105088,,,,0.12818435,,,,3.0112379,,,1.8743379,0.19932652,1.3838054
Georgia,GEO,2017,0.71482885,,,4.2828174,0.00260615,,,,1.171309,,,1.1584344,0.69677615,,1.2219429,6.6431417,0.51260966,,,,0.090946496,,0.36110574,,2.201169,,0.008934852,2.1672838,0.27948925,0.36169845
Georgia,GEO,2018,0.54644185,,,3.9199045,0.001141696,,,,0.8130809,,,0.22611687,0.63075596,,1.1004891,2.0994923,0.4673634,,,,0.05753873,,0.22854261,,1.8830435,,0.010131464,1.8697491,0.13476591,0.25371078
Georgia,GEO,2019,0.22447844,,,3.155017,0.013717481,,,,0.7221331,,,0.8201833,0.65446264,,1.1874208,2.3111544,0.5217293,,,,0.019210286,,0.10978344,,2.1337266,,0.009815846,2.4048066,0.088582374,0.21347393
Georgia,GEO,2020,0.7452702,,,3.6287239,,,,,0.48468894,,,1.0062973,0.5673228,,0.7367445,,0.5318335,,,,,,0.18260416,0.5191727,1.9081692,,0.005455573,2.6396132,0.25532356,0.014334064
Georgia,GEO,2021,0.16902842,,,3.5329998,,,,,1.6000308,,,0.5771963,0.5523734,,1.5468891,,0.47939688,,,,,,0.31050637,0.9414244,2.4422498,,0.01298651,2.4300911,0.30853614,0.12009804
Georgia,GEO,2022,0.13646826,,,4.2024603,,,,,1.2768338,,,0.79841727,0.4413015,,0.48548976,,0.77276945,,,,,,0.19080624,1.0314722,2.2234294,,0.010774222,3.6861317,0.2900354,0.17599933
Germany,DEU,2016,,0.007989644,,0.37570044,0.051505443,,0.008824586,,0.40178412,,,2.286578,2.6643112,,1.8815037,0.049764838,0.3006543,,,0.000241735,,0.73730075,,0.39610395,1.2322367,,0.6462912,1.6195655,0.08276551,0.09211262
Germany,DEU,2017,,0.008526449,,0.65782136,0.046333183,,0.00824426,,0.3653028,,,2.4376774,2.5007741,,1.7405629,0.050465714,0.23885527,,,,,0.6873405,,0.39515227,1.0971209,,0.6197078,1.5096227,0.07856483,0.10188041
Germany,DEU,2018,,0.012038307,,0.70183694,0.04292098,,0.001058385,,0.34264117,,,2.3621454,2.2127473,,1.6314832,0.051134065,0.21731938,,,,,0.6534791,,0.3805981,0.9570935,,0.56844676,1.3713143,0.07473867,0.110175386
Germany,DEU,2019,,0.012901997,,0.81897974,0.04483824,,0.0000561,,0.3825066,,,2.4293768,2.1058345,,1.553122,0.057442635,0.19914964,,,,,0.6850552,,0.4495264,0.629458,,0.570138,1.2507291,0.07401537,0.11874517
Germany,DEU,2020,,0.012242544,,0.7747387,0.027193785,,0.0000834,,0.38775086,,,1.8276685,1.4554889,,1.4476953,0.06266337,0.1887692,,,,,0.43695498,,0.37612465,0.48573875,,0.5320444,0.7832935,0.07138695,0.117165186
Germany,DEU,2021,,0.01164615,,0.8171252,0.025217138,,0.0000706,,0.3586332,,,1.686964,1.1935401,,1.3034236,0.0608269,0.21064277,,,,,0.31539768,,0.42750818,0.4320033,,0.51241785,0.63931555,0.07023807,0.09721226
Germany,DEU,2022,,0.011625781,,1.1091197,0.031556964,,0.000378294,,0.34302074,,,2.373256,1.6203444,,1.3735477,0.064863145,0.23885418,,,,,0.45552546,,0.41062495,0.4832018,,0.5421403,0.98235315,0.0696022,0.11762975
Hong Kong,HKG,2021,,0.12785499,,3.706559,0.29197797,,,,0.20014286,,,1.8998326,0.6482916,0.002166559,2.078041,0.002685046,0.025168149,,,,0.002513232,0.018790754,,0.19742753,1.3855677,,0.030772017,1.4807904,0.46648008,0.01282699
Hong Kong,HKG,2022,,0.09147822,,3.8625457,0.29962564,,,,0.20314896,,,2.1240325,0.7540841,0.001652132,1.8264997,0.002293815,0.027884303,,,,0.001463359,0.015539956,,0.19535822,1.5295867,,0.026690293,1.5999957,0.44790304,0.012929324
Hungary,HUN,2016,,,,3.6325731,0.006381601,,,,,,,0.7984399,1.8277289,,1.1341096,,0.30018967,,,,0.003372451,0.13430738,,0.5158188,2.5437584,,0.6118197,2.3031144,0.20220178,0.086708665
Hungary,HUN,2017,,,,3.7843738,0.006214309,,,,,,,0.7638102,1.8751335,,1.0982993,,0.30277273,,,,,0.13130635,,0.47609988,2.56607,,0.5827303,2.322308,0.20281231,0.094207235
Hungary,HUN,2018,,,,3.95908,0.006676409,,,,0.17070536,,,0.7109223,1.8698821,,1.140992,,0.33391348,,,,,0.12160518,,0.47154155,2.4553704,,0.5853114,2.3493726,0.19709893,0.1038304
Hungary,HUN,2019,,,,4.022338,0.006050244,,,,0.19597076,,,0.633484,1.7851553,,1.2310967,,0.34959263,,,,,0.1153233,,0.4757983,2.0482397,,0.57929426,2.3179386,0.1916201,0.10924292
Hungary,HUN,2020,,,,2.8109064,0.005241429,,,,0.19036184,,,0.42035595,1.2030147,,1.2246863,,0.23823693,,,,,0.054889902,,0.41246963,1.5089577,,0.55381924,1.8564252,0.17171566,0.10425839
Hungary,HUN,2021,,,,3.005496,0.003605152,,,,0.19470541,,,0.35107058,1.0738573,,1.2874925,,0.28484002,,,,,0.040065184,,0.4052401,1.4980701,,0.5473935,2.4979305,0.1557959,0.1066455
Hungary,HUN,2022,,,,3.9975028,8.25e-7,,,,0.23713134,,,0.37880132,1.1141949,,1.129992,,0.44370747,,,,,0.039912116,,0.44563073,1.6923062,,0.54664123,3.2345178,0.16138071,0.13311571
Iceland,ISL,2016,,0.8947804,,2.8231642,0.5049641,,,,0.72850186,,,3.1495667,0.000628462,,4.617286,0.20422988,,,,,,1.988979,,0.29243788,0.9213221,,0.15374264,1.550739,0.1471178,0.001411998
Iceland,ISL,2017,,0.9168016,,2.8318565,0.62251765,,0.014484009,,0.8237711,,,3.6569967,0.00016743,,5.1378045,0.21866442,,,,,,1.9003024,,0.29281682,0.8926111,,0.19536972,1.5271219,0.15809985,0.009942142
Iceland,ISL,2018,,0.95879745,,2.5133593,0.58518165,,0.015706027,,0.52019715,,,4.124799,0.0000543,,5.1576986,0.3276398,,,,,,1.7115557,,0.2165092,0.8888686,,0.19171996,1.4907788,0.15768522,0.008538697
Iceland,ISL,2019,,0.9297363,,2.0722482,0.54979205,,,,0.49771795,,,4.0353503,0.000318949,,5.288922,0.35084727,,,,,,1.6661161,,0.2158431,0.60389686,,0.16917394,1.3187169,0.13553861,0.007168758
Iceland,ISL,2020,,0.9348341,,1.5658436,0.49622226,,,,0.47709474,,,3.350977,0.000470732,,4.8075223,0.35881826,,,,,,1.3585298,,0.17295656,0.5225309,,0.14684042,1.0834842,0.13457699,0.004393497
Iceland,ISL,2021,,0.99372125,,1.6785005,0.5571446,,,,0.54403085,,,3.719741,0.000258929,,4.4180126,0.32323492,,,,,,1.2734652,,0.2371787,0.49113807,,0.15372042,1.016604,0.13537402,0.004564546
Iceland,ISL,2022,,0.9702123,,1.7097242,0.6663231,,,,0.6138013,,,4.685263,,,4.6886063,0.28731152,,,,,,1.6274217,,0.27057073,0.5044941,,0.16145794,1.2218624,0.14610967,0.003879268
Iran,IRN,2020,,0.013800998,,2.2601607,2.17082,,0.001615092,,0.106166914,,,14.027116,0.03594121,,2.1614752,,8.079285,,,,0.023649326,0.41355488,,0.38438466,3.6600416,,0.20479001,13.06081,3.541869,0.03816549
Iran,IRN,2021,,0.08279659,,2.620203,2.4591124,,0.000270056,,0.37061563,,,13.911715,0.17854078,,4.7686954,,8.032924,,,,0.024646206,0.4522422,,0.4572872,4.2475333,,0.26226142,17.153551,3.2988865,0.025061402
Iran,IRN,2022,,0.23112093,,3.834467,2.3285582,,0.00222611,,0.458453,,,14.038206,0.24169673,,4.4434977,,9.118971,,,,0.031697422,0.29873878,,0.49142054,5.7074447,,0.31240994,19.856735,4.037329,0.030255672
Ireland,IRL,2016,0.000198401,1.5568403,,4.7348547,0.33149862,,0.00071006,,0.030587593,,,3.117663,0.8157785,0.005425678,2.5811725,0.9344531,0.03233483,,,,,1.1046233,,0.21198097,0.9478643,,0.0762695,4.537707,0.022941297,0.013507193
Ireland,IRL,2017,0.0000539,1.3600032,,4.0161552,0.37620923,,0.000656934,,0.02573636,,,3.2377312,0.6921192,0.004486745,2.836655,0.9028877,0.023805156,,,,,1.1740764,,,0.87689346,,0.082731046,4.3246255,0.02452182,0.012727588
Ireland,IRL,2018,0.0000472,1.3694408,,3.9219453,0.43342775,,0.000381995,,1.3559372,,,3.4877892,0.68359375,0.003466905,2.6514723,0.81519336,0.026891844,,,,,1.1677698,,0.26245436,0.8299838,,0.08573282,4.1605663,0.022070471,0.0109287
Ireland,IRL,2019,0.0000156,1.3684126,,3.761101,0.45237216,,0.000133087,,1.3834684,,,3.9975965,0.6941741,0.003077414,3.0342612,0.8200603,0.016519222,,,,,1.1963077,,0.23802069,0.6038895,,0.08384624,3.9832094,0.020675503,0.012554432
Ireland,IRL,2020,0.00000103,1.3755872,,2.384532,0.48364255,,0.000331656,,1.3908106,,,2.9524915,0.47025904,0.002104865,3.021954,0.7815091,0.010583175,,,,,0.8824815,,0.32679668,0.4636079,,0.0788497,3.0141695,0.018528556,0.010274407
Ireland,IRL,2021,,1.4098232,,2.2441704,0.6067114,,0.00036057,,1.350947,,,3.067331,0.3362931,0.001601512,3.0143065,0.69839007,0.009122922,,,,,0.72637045,,0.31407994,0.41346186,,0.08063811,2.564671,0.017804973,0.011531719
Ireland,IRL,2022,,1.4701016,,3.197708,0.7558065,,0.000720887,,1.3598436,,,5.2771807,0.563715,0.002950054,3.8963177,0.60883284,0.011313877,,,,,0.7469525,,0.33880872,0.4366723,,0.083888784,3.449997,0.0191122,0.012510887
Italy,ITA,2016,,0.008519917,,8.277948,0.065140545,,,,0.21637079,,,2.5114696,0.26294988,,0.5858361,,1.5990257,,,,0.025109489,,,0.41200966,3.5159526,,0.018606285,4.502829,0.09191992,0.47826642
Italy,ITA,2017,,0.006821232,,7.1567435,0.050870027,,,,0.18635106,,,2.1042328,0.20435657,,0.5030046,,1.4034673,,,,0.01837502,,,0.76449233,2.970178,,0.016200433,3.9297872,0.08176661,0.46351776
Italy,ITA,2018,,0.008082001,,7.349822,0.051007695,,,,0.19978714,,,2.042768,0.20139135,,0.5426817,,1.5180324,,,,0.016851306,,,0.83381915,2.9082136,,0.016789611,4.0463653,0.08759908,0.4843689
Italy,ITA,2019,,0.012215674,,7.656167,0.05129527,,,,0.21424133,,,2.0486453,0.21279828,,0.5873257,,1.7266966,,,,0.00341962,,,0.9998602,2.182202,,0.019104367,4.253483,0.09048869,0.53453714
Italy,ITA,2020,,0.009613735,,6.1231484,0.04803365,,,,0.23208103,,,1.5263414,0.13695173,,0.6139936,,1.2779542,,,,0.0000046,,,0.9252577,1.8118318,,0.019287974,3.8276513,0.081997186,0.5270964
Italy,ITA,2021,,0.007998294,,5.930943,0.049185857,,,,0.24811703,,,1.414525,0.12223802,,0.6720043,,1.2608656,,,,0.00000231,,,0.91647273,1.719504,,0.01896394,3.3716626,0.08915869,0.54408604
Italy,ITA,2022,,0.009006914,,7.578981,0.04702783,,,,0.24770147,,,1.662446,0.16471578,,0.6608037,,1.724633,,,,4.64e-7,,,0.9635379,1.919215,,0.017462412,4.864918,0.08795821,0.5499431
Jordan,JOR,2017,,,,4.9219656,1.8593831,,,,,,,16.213272,2.6598146,,2.2960618,,1.6789482,,,,,,0.4926147,0.30929562,4.373939,,0.8237666,4.8511896,1.8101175,0.00488117
Jordan,JOR,2018,,,,5.9689994,0.72949266,,,,,,,6.4646916,2.4078577,,1.3206382,,2.336924,,,,,,0.77758235,0.21910548,4.5939617,,1.1458017,4.2016196,4.6779313,0.006443678
Jordan,JOR,2019,,,,4.752477,1.1198865,,,,,,,8.280056,2.5882685,,1.4847704,,1.6236931,,,,,,0.4104615,0.16753426,2.665802,,0.5916307,3.1934505,1.5408431,0.002302165
Jordan,JOR,2020,,,,4.7711196,0.6636383,,,,,,,3.6882796,2.4563115,,1.5470746,,1.8845621,,,,,,0.5421398,0.36045703,2.930768,,1.3318158,4.7592773,1.4430509,0.00066433
Jordan,JOR,2021,,,,3.9429212,1.6314042,,,,,,,3.4997296,1.8110768,,1.9038907,,1.6065276,,,,,,0.68640697,0.20479974,3.8025165,,1.3863758,3.5660577,2.5626523,0.009049865
Jordan,JOR,2022,,,,5.38509,1.1400048,,,,,,,7.277081,1.8180857,,1.1852835,,1.8037024,,,,,,0.58856887,0.31252185,3.6574645,,1.4990985,7.2362814,1.2339582,0.011875924
Kenya,KEN,2018,,0.10260651,,2.431026,0.13928467,,,,,,,26.190678,1.4274673,,2.6850471,,0.5160497,,,,,0.054614704,0.12271241,,1.6431977,,0.033644352,1.446733,1.1380395,0.00324078
Kenya,KEN,2019,,0.23284508,,2.6784372,0.1658138,,,,,,,9.055886,1.5117726,,0.04568499,,0.45875058,,,,,0.002782665,0.18716581,,1.8863311,,0.057195667,1.5324523,1.0702248,0.001981042
Kenya,KEN,2020,0.003694811,0.037958615,,2.1068857,0.05945109,,,,,,0.0000046,3.7798011,0.9276539,,0.75404716,,0.44988057,,,,,0.003952609,0.0956603,,1.5460601,,0.13703431,1.4742634,0.66742796,0.004622392
Kenya,KEN,2021,,1.0161369,,2.3458314,0.12127232,,0.002153645,,,,,1.8102576,1.0914224,,1.1744944,,0.53049713,,,,,0.000180906,0.1625465,,1.9502151,,0.053404056,2.9817424,0.660665,0.003862811
Kuwait,KWT,2022,,,,,0.10376812,,,,0.005583589,,,11.747233,0.63723516,,0.9601206,,0.18304032,,,,,0.011231358,,0.025126152,0.8069538,,0.3626336,7.9835777,0.08593722,0.0194126
Laos,LAO,2019,1.4256021,0.002279289,,0.12451626,1.2345929,,,,,,,11.226244,0.08570128,,2.4733176,,0.11336692,,,,,0.19590944,,0.565883,0.78988963,,,2.6597493,0.47150445,
Laos,LAO,2020,0.16109645,0.00795821,,0.22162743,1.2140714,,,,,,,10.7555065,0.11543728,,2.1594894,,0.23170628,,,,,0.40735212,0.012165083,0.6262334,1.0036118,,,2.5646987,0.6597625,
Laos,LAO,2021,0.17720559,0.012943953,,0.09837552,1.128404,,,,,,,10.465169,0.06813286,,2.2358325,,0.26319507,,,,,0.26778042,,0.48657548,0.8647232,,,2.7402277,0.6855019,
Laos,LAO,2022,0.11695502,0.028381592,,0.07564604,2.8538594,,,,,,,9.291565,0.015719036,,2.2139096,,0.65865195,,,,,0.6358915,,1.9967293,3.7316663,,,6.5733256,1.5863109,
Latvia,LVA,2016,,0.000670536,,1.4673442,0.14041145,,0.000323931,,0.74388945,,,2.955214,0.34727475,0.0000185,2.27735,0.007632038,,,,,0.02717547,0.059660684,,0.87161416,1.1676984,,0.14095421,1.7771846,0.22046882,0.039116174
Latvia,LVA,2017,,0.000716163,,1.6517024,0.14290781,,0.000140149,,0.709965,,,3.1194465,0.44229797,,2.2757328,0.00840896,,0.0000028,,,0.026593337,0.07666966,,0.8803425,1.1349958,,0.13513573,1.9549094,0.21352112,0.03739114
Latvia,LVA,2018,,0.000104033,,1.8745426,0.11475746,,0.000330264,,0.71076757,,,2.854409,0.46353602,,2.220512,0.007600796,,,0.0000159,,0.022632537,0.06333949,,0.8167434,1.0962613,,0.13291815,2.126662,0.19065471,0.03080925
Latvia,LVA,2019,0.0000334,0.000325213,,2.0844169,0.09257907,,0.0000477,,0.7508692,,,2.711426,0.47209778,,2.341752,0.007590675,0.00002,0.0000229,,,0.0030377,0.054110322,,0.83085936,0.9844826,,0.14292578,2.1119454,0.18368763,0.030673468
Latvia,LVA,2020,,0.00365383,,1.8013473,0.0701846,,0.00021663,,0.7922097,,,1.9262207,0.3166044,,2.4410434,0.008365539,0.00000722,,,,,0.037637014,,0.5474688,0.85012,,0.14159533,1.6725692,0.17615308,0.032942966
Latvia,LVA,2021,0.00000487,0.002163805,,1.9229313,0.060909595,,0.001827538,,0.8724153,,,1.6602175,0.3254954,,2.8002133,0.006557175,,,,,0.00000731,0.016972302,,0.4460274,0.7606438,,0.14209178,1.5892433,0.16300783,0.015180337
Latvia,LVA,2022,,0.001450805,,2.7812333,0.092679024,,0.00653849,,1.1874132,,,2.5068986,0.537344,,2.837368,0.008504962,,0.0000118,,,,0.020462416,,0.67430437,0.8850012,,0.15975891,2.2758133,0.16686648,0.020146936
Lithuania,LTU,2016,,,,1.4826735,0.21595818,,,,1.4891332,,,5.0321736,0.99431854,,1.4867145,0.009131554,,,,,0.03351262,0.13610679,,0.9334355,1.0997949,,0.028307226,1.9730209,0.03198571,0.026889011
Lithuania,LTU,2017,,,,1.6598977,0.2264579,,,,1.2068397,,,5.0175195,1.0218736,,1.424682,0.009763429,,,,,0.041339494,0.14794032,,0.93911916,1.0412747,,0.025330784,2.081161,0.10219604,0.034667168
Lithuania,LTU,2018,,,,1.6245189,0.21877015,,,,1.1841643,,,4.81792,1.0860292,,1.3562374,0.011707108,,,,,0.047824,0.15205374,,0.83395684,0.9888594,,0.025594193,2.1041117,0.046205103,0.035910152
Lithuania,LTU,2019,,,,1.5390748,0.20294394,,,,1.3203094,,,4.7456436,1.1561807,,1.4430983,0.011960075,,,,,0.005760084,0.21665335,,0.5862493,0.98869354,,,2.1190314,0.047871687,0.0298889
Lithuania,LTU,2020,,,,1.2509637,0.1275829,,,,1.4454281,,,3.7742896,1.0804456,,1.521832,0.010253571,,,,,,0.10572337,,0.56852055,0.90079004,,,1.7317185,0.034032043,0.036078397
Lithuania,LTU,2021,,,,2.282206,0.102852754,,,,1.3810362,,,3.4179108,1.1594757,,1.3980399,0.009499823,,,,,,0.04379797,,0.26910204,0.7794346,,,1.5332894,0.030269062,0.019724177
Lithuania,LTU,2022,,,,3.1938405,0.16056922,,,,1.5858682,,,4.9831505,1.5054907,,1.6524073,0.010071963,,,,,,0.08776272,,0.94887394,0.87236005,,0.0303816,2.3568423,0.18686716,0.024512531
Malaysia,MYS,2022,,0.8917973,,1.7228076,0.8240854,,,,0.038670428,,,2.568955,0.9427456,0.008087486,1.428482,0.001012133,0.02555534,,,,,0.18116605,,0.22897686,0.4926074,,0.016104,1.298215,0.16001566,0.001921519
Maldives,MDV,2017,0.000108249,,,3.753652,0.53286237,,,,,,,1.097755,2.0338569,,1.1453924,,14.363458,,,,,,,0.003711407,2.131064,,0.025840674,3.5296671,0.6478702,
Maldives,MDV,2018,,,,5.1184287,0.26624835,,,,,,,1.1675954,1.7508423,,1.6228311,,2.3878329,,,,,,,,1.617293,,0.115617625,9.91776,0.8262129,
Maldives,MDV,2019,,,,2.4153495,3.6312375,,,,,,,0.66956073,0.94623584,,,,3.7544932,,,,,,,,1.6380261,,,2.2098548,0.53230464,
Maldives,MDV,2020,,,,2.492439,0.2785351,,,,,,,0.13113503,2.1689315,,3.2241595,,1.6799847,,,,,,,,2.0210218,,0.02960672,3.9633195,0.43943828,0.003062259
Maldives,MDV,2021,,,,3.8598843,0.37366456,,,,,,,0.74254537,1.807768,,,,2.1883206,,,,,,,,4.7073846,,0.09251212,2.953633,2.0264401,
Maldives,MDV,2022,,,,4.1846995,0.34594244,,,,,,,0.3486183,1.3128064,,,,2.499497,,,,,,,,3.6820014,,0.24909332,6.617952,0.8629326,
Mali,MLI,2017,0.024260502,0.041299466,,0.4644823,0.02858461,,,,0.000581708,,,2.444581,0.21047735,0.001294339,0.46843132,,1.0424834,,,,0.001345649,0.009047839,0.01005477,,0.64902186,,0.067126535,0.46186426,0.28494594,0.00034347
Mali,MLI,2018,0.012883419,0.039788894,,0.44816655,0.04602895,,,,0.002341425,,,5.2871485,0.3966767,0.00027625,0.581344,,0.27118388,,,,0.0000467,0.004535447,0.010817042,,1.2756689,,0.010535523,1.3835093,1.0330062,0.000495738
Mali,MLI,2019,0.05755362,0.058612403,,0.7758217,0.10243113,,,,0.005678617,,,3.7227626,0.4925327,0.001841366,0.8085178,,0.45776674,,,,0.000887125,,0.010658563,,3.0722435,,0.17059694,0.69512737,0.66332424,0.000569194
Mali,MLI,2020,0.03024106,0.025447525,,0.82909954,0.015338415,,,,,,,1.181542,0.0037524,0.001729752,0.56031454,,0.25042343,0.001036302,,,0.000333042,0.07247242,0.080430575,5.8735795,2.1527529,,0.08394684,1.2866936,1.3795333,0.000519829
Mali,MLI,2021,0.034342177,0.0350037,,0.88054276,0.015889533,,,,0.001409794,,,1.8821808,0.003098563,0.002061415,1.1479893,,0.23189981,0.000864006,,,0.000662263,0.082433015,0.08841649,5.5458946,1.9225135,,0.10577835,1.0420655,6.798915,0.000457017
Mali,MLI,2022,0.015449325,0.026651299,,0.9706152,0.021711063,,,,,,,1.2286392,0.05048492,0.00175566,0.46089736,,0.19202399,0.000222151,,,0.00043654,0.038266007,0.19223376,0.5527515,1.8500746,,0.708045,1.3557419,0.35194302,0.00175465
Malta,MLT,2016,,0.47500232,,5.2860246,0.035461,,0.001327789,,0.31520718,,,0.419214,2.8907924,0.003681691,1.9925524,0.005069933,0.5932905,,,,,0.11793636,0.26196116,0.2965896,2.4743223,,0.18036559,3.8426595,0.26908192,0.004123897
Malta,MLT,2017,,0.1072828,,6.562926,0.045225076,,0.121821955,,0.3926932,,,0.65113705,2.330113,0.00374822,1.692237,0.007067909,0.53241867,,,,,0.13965371,0.27854532,0.26024634,2.25641,,0.11471131,4.380476,0.3270762,0.007479307
Malta,MLT,2018,,0.09539918,,5.8207994,0.06265423,,0.004292332,,0.45605958,,,0.53077185,2.1249967,0.006107096,1.6312019,0.006925483,0.52698195,,,,,0.083852716,0.2864058,0.35968214,2.4855103,,0.19123395,4.465165,0.48372307,0.009008114
Malta,MLT,2019,,0.082026936,,6.416984,0.06861924,,0.000400835,,0.5489364,,,0.46906,2.3218455,0.004441824,1.9065862,0.007756444,0.5816488,0.001969818,,,,0.26473624,0.2556755,0.44992805,2.1052642,,0.2006831,4.335321,0.66827047,0.013611255
Malta,MLT,2020,,0.0857077,,5.139088,0.058259528,,0.003128141,,0.90556604,,,0.45752,1.5634941,0.001443757,2.3409462,0.007459413,0.5085551,0.001880242,,,,0.14230523,0.18466663,0.3544704,1.6415857,,0.21608235,2.5582876,0.49357477,0.010783364
Malta,MLT,2021,,0.05594584,,5.2623267,0.057914797,,0.001806735,,0.6800484,,,0.37543875,1.1638607,0.001733699,2.2497072,0.004525051,0.29269114,0.001489188,,,,0.14068551,0.18784574,0.49416065,1.4485803,,0.22840011,2.3571126,0.4704701,0.025488658
Malta,MLT,2022,,0.10176462,,8.506722,0.08969974,,0.002276698,,0.8503116,,,0.5133062,2.2947874,0.003390712,2.5064824,0.003039203,0.43229142,0.001016673,,,,0.15638915,0.1777555,0.48235175,1.868093,,0.2708027,4.941181,0.5021012,0.032593016
Montenegro,MNE,2016,,,,2.7572522,2.5534763,,,,1.2816832,,,6.5167828,0.03537662,,1.3408895,,1.6740406,,,,1.3563777,0.6146801,,0.84858894,1.935811,,0.11893155,5.068963,0.4528138,0.015488358
Montenegro,MNE,2017,,,,2.505737,2.4042683,,,,1.0604753,,,6.1627827,0.03086122,,1.3852026,,1.7175369,,,,1.1705301,0.6187839,,0.8027556,1.8863032,,0.1570006,4.512531,0.51764023,0.015638547
Montenegro,MNE,2018,,,,2.6931798,2.4068093,,,,0.49006194,,,6.245181,0.020539647,,1.275172,,1.8677846,,,,1.1471224,0.71400654,,0.78317493,2.0191376,,0.17253043,4.579482,0.4355976,0.015380885
Montenegro,MNE,2019,,,,3.130135,2.5343323,,,,,,,6.504135,0.002303401,,1.4805523,,2.1442316,,,,0.13642219,0.5998317,,1.0276862,1.7729843,,0.18064314,4.856352,0.40150887,0.015980387
Montenegro,MNE,2020,,,,2.0577388,2.0884483,,,,,,,5.0900183,,,1.5970513,,2.7067864,,,,,0.28976598,,1.0385861,2.3864198,,0.16957131,7.607286,0.6631373,0.046872336
Montenegro,MNE,2021,,,,2.3426375,1.9719766,,,,0.12357718,,,5.08221,,,2.2647524,,4.1488004,,,,,0.03563971,,0.96078855,3.1606345,,0.17312586,6.93719,0.77486205,0.04042
Montenegro,MNE,2022,,,,3.4976091,2.1410694,,,,0.14794552,,,6.0558496,,,1.7570182,,4.3161144,,,,,0.030596707,,0.9776856,2.817241,,0.19621868,7.05168,0.8351096,0.059099555
Nepal,NPL,2016,0.23985317,0.57619303,,1.2862709,0.43709025,,,,,,,3.893518,0.6952845,,5.0059814,,7.5742245,,,,,0.1944363,,,9.420691,,0.021853449,6.9851832,1.125308,0.005967353
Nepal,NPL,2017,0.14256513,0.77683157,,1.2893218,0.75336933,,,,,,,6.1137285,1.5832115,,5.0862966,,10.346127,,,,,0.12357039,,,8.567162,,0.03503954,9.346518,1.5454774,0.000583263
Nepal,NPL,2018,0.16986337,1.0449512,,1.0760152,0.5704998,,,,,,,3.5178115,1.2848955,,4.231457,,9.855951,,,,,0.06065863,,,8.791589,,0.04442756,13.174164,1.416787,0.00286479
Nepal,NPL,2019,0.14320219,0.83440757,,9.719077,0.57018787,,,,0.06226327,,,4.11591,0.45658338,,1.9237236,,13.364924,,,,0.013143494,0.47090298,,1.9139793,6.249374,,0.03509525,10.652007,4.961124,0.038833655
Nepal,NPL,2020,0.07584386,0.66765565,,10.089947,0.45699313,,,,0.047640696,,,6.0939817,0.31753233,,1.7435023,,7.268627,,,,0.01297383,0.41698352,,0.82891285,5.6564884,,0.015387992,10.2404175,5.0223227,0.013590517
Nepal,NPL,2021,0.13346024,0.8539561,,14.493728,0.6237001,,,,0.06548527,,,4.864566,0.48246366,,4.332609,,15.905059,,,,0.01131443,0.38081658,,0.6172719,6.2385454,,0.02522583,19.89918,8.253437,0.057347726
Nepal,NPL,2022,0.027335439,0.22708522,,4.205798,0.17459686,,,,0.063730314,,,1.5299747,0.6702107,,0.83584553,,6.1053753,,,,0.002642467,0.025901947,,0.09415253,2.7904716,,0.064758785,10.263718,3.3925226,0.11117805
Norway,NOR,2016,,0.6555851,,0.009739159,0.067937784,,0.00091558,,0.28474522,,,2.1774182,0.000351583,0.002838963,2.905126,0.32100827,0.0000262,,,,,3.1339574,,0.38661027,0.4483761,,0.22631048,0.9422519,0.20058851,0.007615179
Norway,NOR,2017,,0.6369433,,0.014590538,0.060713366,,0.001081543,,0.27454707,,,2.0624373,0.000548197,0.002541096,2.7492383,0.29958624,0.00010599,,,,,3.034246,,0.40412888,0.3865917,,0.19780947,0.83244914,0.19547676,0.008380004
Norway,NOR,2018,,0.66329473,,0.023503873,0.05544383,,0.000214927,,0.21219453,,,2.0488973,0.000383704,0.00234054,2.6464322,0.29528654,0.0000129,,,,,2.8706763,,0.4390657,0.34879136,,0.1947697,0.71904385,0.18713956,0.007484954
Norway,NOR,2019,,0.69054157,,0.03515485,0.051531434,,0.0000303,,0.21377826,,,2.1072524,0.000639304,0.002057503,2.737226,0.30119962,0.00005082,,,,,2.999053,,0.47557816,0.30361733,,0.19214092,0.7002484,0.18806475,0.008101574
Norway,NOR,2020,,0.7097884,,0.044249747,0.046387672,,0.00081633,,0.2212866,,,1.864508,0.000562221,0.000633186,2.506778,0.28133565,0.00004899,,,,,2.2938266,,0.4728552,0.2609583,,0.17724186,0.49307105,0.1871626,0.00783764
Norway,NOR,2021,,0.7343492,,0.058864076,0.04371578,,0.00223315,,0.22595477,,,1.8478774,0.000231216,0.000234755,2.5261474,0.26961273,0.0000583,,0.000103443,,,2.3598752,,0.48853236,0.23638374,,0.17146471,0.42164895,0.18991253,0.008327689
Norway,NOR,2022,,0.76331407,,0.077578984,0.04410679,,0.000988139,,0.26464126,,,1.9989647,0.00037509,0.0000887,2.6669757,0.2515358,0.00002924,,0.0000514,,,3.1208332,,0.5290239,0.23150331,,0.18224205,0.43828347,0.17745966,0.008002883
Oman,OMN,2021,,0.12857567,,0.4738808,0.18558043,,,,0.029632626,,,1.5795344,0.5205628,0.0000127,0.7900377,,,,,,,0.01906396,,0.061163466,0.13257954,,,0.25396195,,0.000906682
Oman,OMN,2022,,0.14812993,,0.60425377,0.29145098,,,,0.017505318,,,3.0977883,0.5951973,0.000249449,0.8611192,,0.00000599,,,,0.001129255,0.021148268,,0.061377574,0.17909215,,0.003445013,0.2578295,,0.001023738
Palestine,PSE,2022,,,,5.308465,0.3064318,,,,,,,,1.8075284,,0.9444101,,1.4411656,,,,,0.03791939,,0.18355398,5.233245,,0.14879698,7.286625,0.108924836,0.013551287
Papua New Guinea,PNG,2022,0.5085849,1.1482013,,0.06906612,,,,,0.007887508,,,6.0742393,0.116009854,,1.7240689,,,,,,,0.009947174,,1.3136942,0.17280261,,,2.0251672,0.4037891,
Peru,PER,2019,0.027554072,0.60877967,,0.80446136,0.53824145,,,,0.29985538,,,2.53164,0.26471835,,0.97070664,,,,,,,0.004052048,,0.7528421,1.6847351,,0.23210803,1.6235887,0.48884898,0.006576735
Peru,PER,2020,0.01847164,0.4080528,,0.49588293,0.32851756,,,,0.16985431,,,1.2624731,0.14232011,,0.5366564,,,,,,,0.002095316,,0.41529855,1.0340891,,0.15154931,1.6221194,0.27996802,0.005712115
Peru,PER,2021,0.017539347,0.406127,,0.5825175,0.4020445,,,,0.19867256,,,1.3409747,0.18734185,,0.665853,,,,,,,0.001920033,,0.50650364,1.0728182,,0.18135764,1.4294809,0.3395991,0.005324262
Peru,PER,2022,0.014165185,0.43932822,,0.7948932,0.49688053,,,,0.20397924,,,1.9019006,0.1989533,,0.7643101,,,,,,,0.000920631,,0.5479659,1.2172071,,0.19121173,1.6930722,0.359877,0.006592309
Poland,POL,2016,,0.010582882,,2.9502206,0.114002615,,0.005576207,,2.5289824,0.003578727,,3.5121787,2.5494223,,2.3081734,0.07464846,0.007606468,,,,,0.30837122,,0.49692214,1.483687,,0.8033356,3.361813,0.18746242,0.026974088
Poland,POL,2017,,0.00316656,,2.9787605,0.23286562,,0.003701382,,4.2990785,0.005552144,,3.476572,3.908906,0.0000144,2.4046736,0.075222,0.004325935,,,,0.015080903,0.30337438,,0.4193915,1.5389355,,0.78673744,3.6657653,0.22550578,0.04262478
Poland,POL,2018,,0.006753183,,3.0310986,0.109356456,,0.002083308,,2.8634465,0.005531307,,3.4100034,2.8187826,,2.2905498,0.07485321,0.027286097,,,,0.012980135,0.34610856,,0.47414833,1.5310668,0.015263174,0.7786157,5.207999,0.24114865,0.055180397
Poland,POL,2019,,0.012391598,,2.916329,0.050987557,,0.00185642,,4.302152,0.005088624,,3.1609156,3.500833,,2.164092,0.08133948,0.048381098,,,,0.003403195,0.3379048,,0.46017456,1.4051313,,0.7560779,3.1626403,0.24176127,0.060676586
Poland,POL,2020,,0.010331979,,2.1753445,0.020066366,,0.001983724,,4.257902,0.004461316,,2.0950341,2.320357,,1.7614515,0.07392887,0.05463551,,,,,0.17869113,,0.36182567,1.2000018,0.013894108,0.6802981,2.1303375,0.19234501,0.059477326
Poland,POL,2021,,0.015404883,,2.647011,0.014896562,,0.001385079,,4.40995,,,2.2338061,2.1055775,7.15e-7,1.7143086,0.054766662,0.101326555,,,,,0.34650528,,0.19938336,1.3196254,,0.74910015,2.939091,0.21967797,0.05723536
Poland,POL,2022,,0.019604258,,3.4550948,0.0394785,,,,3.9844787,0.007639641,,3.3496192,2.827623,,1.9443736,0.0808299,0.14600013,,,,,0.26402918,,0.4765333,1.3881965,0.007913544,0.84549093,3.8041425,0.22199653,0.083497226
Portugal,PRT,2016,,0.43921435,,6.423092,0.21645735,,0.012532276,,0.93518776,,,1.803224,1.1818943,0.021999793,0.81516206,5.86e-7,0.160062,,,,,,,0.4504384,1.9593799,,0.04508132,3.1014276,0.14813562,0.2083099
Portugal,PRT,2017,,0.7815259,,6.127549,0.233536,,0.014004317,,0.92730576,,,1.8081231,1.1876488,0.01856458,0.83546597,0.00000149,0.24137707,,,,,,,0.43937513,1.7840532,,0.041334994,2.4573934,0.21167637,0.1963945
Portugal,PRT,2018,,0.8393237,,6.4796767,0.18705823,,0.006847439,,1.0159507,,,1.9720759,1.2051386,0.014489162,0.8651394,7.36e-7,0.25209934,,,,,,,0.3808985,1.7508935,,0.05251902,2.687738,0.2180504,0.22431122
Portugal,PRT,2019,,0.39914972,,6.7527404,0.15495622,,0.004072625,,1.0333071,,,1.9956716,1.354416,0.011154379,0.8731234,7.53e-7,0.16253124,,,,,,,0.4093513,1.5785636,,0.04702652,3.1428127,0.1533624,0.26656505
Portugal,PRT,2020,2.33e-7,0.31626084,,5.1704373,0.10239189,,0.004528975,,1.020894,,,1.2594907,1.1447582,0.010459974,0.82386804,7.63e-7,0.13282932,,,,,,,0.38503078,1.2382072,,0.050937258,2.0317464,0.12693602,0.2616258
Portugal,PRT,2021,0.00000127,0.28297195,,5.119478,0.08138273,,0.005726077,,1.0434217,,,1.2875117,1.25988,0.009705683,0.95587844,5.18e-7,0.14125359,,,,,,,0.42397818,1.2092068,,0.05569675,1.9129671,0.15779085,0.2758536
Portugal,PRT,2022,0.00000443,0.2950281,,6.3586283,0.077406175,,0.007558705,,0.97716326,,,1.7594801,1.4935337,0.008332564,0.9231243,6.14e-7,0.16974899,,,,,,,0.3379774,1.2844986,,0.053252287,2.7377264,0.16273518,0.28608754
Qatar,QAT,2021,,0.058088414,,1.1091447,0.006858704,,,,0.08735255,,,0.46350628,0.12010641,,0.33936462,0.00000994,0.045982756,,,,,0.007426558,,0.018774478,0.10181228,,0.002554918,0.49295655,0.09127732,0.000998261
Qatar,QAT,2022,,0.055156678,,2.2662096,0.03337905,,,,0.1948947,,,0.6229883,0.4867999,,0.5890949,0.004073064,0.3295547,,,,,0.004074359,,0.104118675,0.3042206,,0.057503145,0.99656785,0.16611302,0.010789024
Romania,ROU,2016,0.006578834,0.034673113,,6.2949815,0.23810944,,,,0.10123572,,,3.1822035,0.3751624,,0.9274516,,0.55722827,,0.005138244,,0.007124591,0.6180153,,0.80510694,1.0838935,,0.013704059,2.653612,0.22864158,0.030301109
Romania,ROU,2017,0.007305434,0.43660006,,6.3544106,0.21290736,,,,0.09586957,,,3.3174913,3.3049705,,0.8414752,,0.6359645,,0.004393553,,0.006745751,0.5935745,,0.8707523,3.183937,,0.1483228,2.7059908,0.24111503,0.03122482
Romania,ROU,2018,0.008075902,0.43731818,,6.633533,0.19112846,,,,0.101881154,0.023716632,0.0000978,2.5906618,0.4464696,,0.92321557,,0.70651424,,0.000397542,,,0.5372126,,0.8282346,2.571368,0.030650934,0.14787711,2.8205087,,0.03997638
Romania,ROU,2019,0.006432464,0.39204538,,7.206846,0.15328588,,,,0.12468397,,,3.1451967,3.5354857,,0.90235347,,0.84108746,,,,0.0000663,0.55709296,,0.8493305,3.2290165,,0.19856049,2.9164493,0.23113936,0.05271495
Romania,ROU,2020,0.003920325,0.35278273,,6.806133,0.099084295,,,,0.061289236,,,2.7834363,2.9088657,,1.0436444,,0.796468,,,,5.28e-7,0.47614604,,0.7373122,3.0543048,,0.18414092,4.4810557,0.170165,0.058991224
Romania,ROU,2021,0.003424656,0.3278834,,7.1475215,0.09227037,,,,0.04222809,,,2.7085955,2.788553,,1.0383278,,0.95369285,,,,,0.31505147,,0.73838264,3.2414713,,0.19941957,4.4901915,0.1308694,0.06485808
Romania,ROU,2022,0.002761719,0.33449647,,7.0533047,0.13699265,0.000124728,,,0.01719207,,,3.4818723,2.5970643,,0.974324,,1.4248626,,,,,0.3639726,,0.96052635,3.2918677,,0.23605637,4.4619355,0.17066218,0.06491371
Russia,RUS,2016,0.13467118,0.000006323,,1.584379,0.07002874,,,0.15432608,0.6565281,,,2.5570676,0.061332967,0.000415591,1.2966359,,0.2951521,,0.003173704,,0.064847976,0.000593393,,0.4251766,2.5476034,,0.06341637,2.7639952,0.642599,0.23988305
Russia,RUS,2017,0.13568403,1.88e-7,,1.5464505,0.06797056,,,0.12873246,0.6674188,,,2.4863048,0.07169643,0.00044967,1.3419057,,0.31860182,,0.002688492,,0.057704464,0.000176114,0.13170867,0.38700512,2.706678,,0.063705005,2.6032276,1.1830035,0.2381559
Russia,RUS,2018,0.13492803,6.58e-7,,1.5865172,0.050666284,,,0.11829259,0.645388,,,2.3702781,0.07861304,0.000193104,1.2645748,,0.34724864,,0.001452489,,0.050928086,0.000027065,0.14071731,0.37094665,2.686624,,0.058312416,2.4600012,0.57028085,0.22962447
Russia,RUS,2019,0.134011,6.02e-7,,1.8835573,0.05472392,,,0.13636483,0.77039844,,,2.4333587,0.092358544,0.00000931,1.0631343,,0.398949,,0.001849888,,0.0346788,0.0000727,0.17370537,0.41297543,2.6803732,,0.060765903,2.5785668,0.57499367,0.25858402
Russia,RUS,2020,0.111191735,3.76e-7,,2.4204123,0.04696833,,,0.094599135,0.7459893,,,2.5059443,0.08598629,0.00000775,0.84960735,,0.5432225,,0.002267924,,0.006415544,0.000012,0.1659945,0.4068299,3.5827556,,0.058838055,4.9180427,0.5366024,0.25900725
Russia,RUS,2021,0.10490743,1.42e-7,,2.2978861,0.03780892,,,0.008064913,0.81631774,,,1.9238529,0.075230435,1.26e-7,0.797061,,0.46970823,,0.000296711,,0.00836167,1.79e-7,0.1883129,0.3476617,3.2285664,,0.05217948,3.1002097,0.49862182,0.20330775
Russia,RUS,2022,0.103210054,1.42e-7,,1.7849407,0.011033729,,,0.004292082,0.83441275,,,2.314684,0.08220197,0.00000287,0.86585134,,0.59971976,,0.000141427,,0.007995023,9.47e-8,0.20096585,0.23903984,2.7801707,,0.05242641,2.9544551,0.51339704,0.22068824
Rwanda,RWA,2022,0.000823805,0.5421968,,0.07642896,,,,,0.17556942,,,3.0369492,,,1.3320286,,,,,,0.00170031,0.5415892,,0.6624171,0.85369164,,,0.41671374,0.89817923,0.00000199
Saudi Arabia,SAU,2022,,0.017015468,,,0.07394704,,0.001580656,,0.082089014,,,5.56005,0.92031467,,0.01339252,,0.031615667,,,,,0.04143814,,0.25608727,0.9061089,,0.024031473,1.7310022,,0.014934472
Slovenia,SVN,2016,,0.17083804,,3.01549,0.033453833,,0.011338949,,0.36614877,,,2.153447,0.26479658,,0.49305552,,0.061669987,,,,,1.6555068,,0.7689158,1.2709578,,0.23853153,1.4277081,0.11361496,0.004743967
Slovenia,SVN,2017,,0.1455139,,3.053138,0.039247952,,0.008741201,,0.39552948,,,2.2598214,0.30419442,0.0000975,0.48161027,,0.060433,,,,,1.56616,,0.7069575,1.2303954,,0.23298366,1.5211006,0.112120554,0.006235094
Slovenia,SVN,2018,,0.16893993,,3.002686,0.053870838,,0.006929788,,0.35590827,,,2.3196652,0.22004808,,0.52169985,,0.07524501,,,,,1.5129051,,0.72195685,1.2232616,,0.24036062,1.6096534,0.11256447,0.009841773
Slovenia,SVN,2019,,0.1889437,,3.0273736,0.05671325,,0.008672532,,0.48436907,,,2.2296162,0.30148384,,0.5540808,,0.06955833,,,,,1.427521,,0.6563861,1.0997024,,0.23886316,1.572702,0.11217628,0.016052073
Slovenia,SVN,2020,,0.16212988,,2.5747375,0.038508836,,0.00493355,,0.4419508,,,1.4079913,0.3521714,,0.5386429,,0.05050722,,,,,0.7273459,,0.5632181,0.92154914,,0.20488244,1.1950655,0.10380603,0.04333654
Slovenia,SVN,2021,,0.14923403,,2.6263652,0.034441274,,0.006673478,,0.4988449,,,1.3673117,0.42543373,,0.55403566,,0.04871348,,,,,0.58149856,,0.5672101,0.92864305,,0.20344256,1.1254544,0.10937653,0.056044932
Slovenia,SVN,2022,,0.13944215,,3.0216372,0.04929713,,0.009764242,,0.5542245,,,1.9779053,0.42160332,,0.6048467,,0.06697973,,,,,1.3221705,,0.5705115,0.9651846,,0.23906079,1.3993511,0.11096108,0.07015779
South Africa,ZAF,2018,,0.7549279,,1.26344,0.016598944,,,,0.021768872,,,6.355342,,,0.5026652,,,,,,,0.34402344,,7.358257,0.6476488,,0.006644141,1.5700387,0.84962016,0.014835611
South Africa,ZAF,2019,,1.2264667,,2.0333002,0.02221577,,,,0.0685886,,,9.307319,,,0.69830495,,,,,,,0.36234277,,23.700039,0.9159733,,0.010002936,2.3961127,2.4549677,0.03359167
South Africa,ZAF,2020,,2.1606867,,2.6488068,0.01314012,,,,0.139591,,,10.206555,,,0.79740596,,,,,,,0.35460445,,13.640032,1.07816,,0.011922776,3.530612,2.5886407,0.06732782
South Africa,ZAF,2021,,1.462602,,2.9594853,0.026784085,,,,0.20911817,,,10.611069,,,0.8912574,,,,,,,0.31135073,,14.272153,1.1659576,,0.012268446,4.9879155,2.246688,0.06961805
South Africa,ZAF,2022,,1.8686097,,4.030613,0.040845696,,,,0.2785474,,,14.978064,,,1.630763,,,,,,,0.42247295,,17.010265,1.3027253,,0.01761883,5.8078613,1.8510755,0.07348331
South Korea,KOR,2021,,,,2.9305782,0.7396855,,0.000039,,0.00000449,,,1.6285349,4.3174133,0.00073919,1.7242777,,1.1823384,,,,,,0.00000523,5.29e-8,1.5598449,0.5128154,0.01818855,3.0878263,0.034489322,0.031518657
Spain,ESP,2016,,0.23952979,,8.525509,0.06860906,,0.006159572,,0.13435942,,,6.2331734,1.6999242,0.00398186,1.4896996,0.00366603,0.53021175,,,,0.015783988,0.079529844,0.2542626,0.27161905,3.0939872,,0.21410574,3.0647738,0.07053713,0.39169896
Spain,ESP,2017,,0.22964352,,8.07554,0.06515325,,0.004864764,,0.09264125,,,6.1249723,1.7302486,0.003250494,1.4823514,0.003370394,0.5316274,,,,0.014200544,0.08936377,0.22717965,0.44457847,3.0056574,,0.17871597,2.9962184,0.08524,0.40805522
Spain,ESP,2018,,0.22466725,,7.781143,0.06475777,,0.001376927,,0.09061002,,,5.98793,1.7750809,0.003179062,1.4895374,0.003086022,0.5690232,,,,0.013140625,0.087765664,0.20790096,0.45705944,2.867107,,0.21033065,2.9347863,0.09470786,0.42252705
Spain,ESP,2019,,0.21778779,,7.281251,0.06630259,,0.002864819,,0.08917354,,,5.8478665,1.7630184,0.002751998,1.5175064,0.00284314,0.58895063,,,,0.002187997,0.10518735,0.18401682,0.45384297,2.4563136,,0.17644677,2.7428973,0.103235334,0.4407742
Spain,ESP,2020,,0.17909263,,5.7253504,0.06421342,,0.003163119,,0.06413378,,,4.128074,1.4009053,0.002033189,1.477802,0.002418169,0.50350535,,,,0.0000847,0.054940436,0.16255865,0.44322702,1.9077605,,0.18128242,1.9969825,0.08101552,0.43318337
Spain,ESP,2021,,0.1669654,,5.741732,0.07339422,,0.003528969,,0.07447773,,,4.1024113,1.4197849,0.001923875,1.6759403,0.002459158,0.5178815,,,,0.0000133,0.040424295,0.15073591,0.47512475,1.8280462,,0.19363594,1.954392,0.10635829,0.46181348
Spain,ESP,2022,,0.16937058,,6.5664988,0.08143575,,0.003352747,,0.08897367,,,5.1124334,1.6429793,0.001646582,1.5294843,0.002123892,0.66657037,,,,0.00000288,0.09894064,0.13305858,0.505267,2.1004908,,0.20537254,2.7695103,0.114551455,0.4950568
Sudan,SDN,2021,,,,4.2855825,,,,,0.018243393,,,,0.5400771,,1.0885224,,0.27805167,,,,,,,,,,0.00759144,0.28437576,,
Sweden,SWE,2016,,1.6527464,,0.20264216,0.111019574,,0.0000534,,0.40996286,,,1.213756,0.00000275,0.010282706,2.555399,0.12548916,0.039114602,,,,,3.314316,,0.30174547,0.8035651,,0.3383459,0.24140613,0.17556348,0.007683969
Sweden,SWE,2017,,1.6029952,,0.22243172,0.081787914,,0.000266908,,0.42161798,,,1.2024474,,0.008423131,2.506465,0.11424598,0.002685168,0.00000191,,,,3.2598615,,0.19111364,0.7631641,,0.33284128,0.2439357,0.16349241,0.007152347
Sweden,SWE,2018,,1.6141175,,0.23901151,0.071406096,,0.00000584,,0.4244658,,,1.1901847,,0.007194648,2.3072903,0.107159376,0.000791653,0.00000411,,,,3.0511916,,0.20230566,0.7383898,,0.3178868,0.21708845,0.15381536,0.007003781
Sweden,SWE,2019,,1.5867375,,0.2488625,0.062327772,,0.00001272,,0.42718092,,,1.2036593,0.0000016,0.006081804,2.2785478,0.10284588,0.000863852,0.0000115,,,,2.862909,,0.218484,0.68521446,,0.30132452,0.25452387,0.15799308,0.007660932
Sweden,SWE,2020,,1.486807,,0.21892536,0.05321476,,0.00000616,,0.4219164,,,1.086867,0.00000462,0.004175173,2.0418353,0.09707738,0.001454083,0.0000103,,,,2.101809,,0.20811391,0.6154964,,0.2670138,0.27207226,0.1484697,0.007776528
Sweden,SWE,2021,,1.4598863,,0.21869689,0.0542132,,0.00000937,,0.42151624,,,1.0567634,0.00000209,0.002913936,1.9370886,0.09694567,0.001408225,0.00000916,,,,2.0099177,,0.2073993,0.60758704,,0.25232643,0.242761,0.1477811,0.009586874
Switzerland,CHE,2016,,0.007857053,,2.8053844,,,,,0.39145216,,,0.97383195,0.6655737,0.00602073,1.4194714,,0.13331965,,,,,0.115911715,,0.5006257,1.6020052,,0.19634812,1.3604307,0.20876445,0.11239481
Switzerland,CHE,2017,0.0000327,0.006909863,,2.6737046,,,,,0.38522422,,,0.97868633,0.62518847,0.005942452,1.3402994,,0.10374766,,,,,0.09925132,,0.52278894,1.4506453,,0.19038074,1.263934,0.21003625,0.12278965
Switzerland,CHE,2018,0.0000106,0.007221903,,2.7017503,,,,,0.43921065,,,1.0504768,0.6112614,0.005106558,1.4235842,,0.0947754,,,,,0.111372076,,0.53526473,1.3723403,,0.19877994,1.2279766,0.20820986,0.12512884
Switzerland,CHE,2019,,0.007055389,,2.73364,,,,,0.48408836,,,1.0915282,0.6094787,0.004564725,1.3409277,,0.09210375,,,,,0.099422395,,0.5679246,1.2166278,,0.20506059,1.2083067,0.1882125,0.12976497
Switzerland,CHE,2020,,0.007455535,,2.1638887,,,,,0.48923537,,,0.8178361,0.44163704,0.003846381,1.3701559,,0.060129516,,,,,0.04684986,,0.5618022,0.9912652,,0.17861474,0.92694676,0.17965908,0.12182131
Switzerland,CHE,2021,,0.003635144,,2.142935,,,,,0.50695175,,,0.8480885,0.39819226,0.003666036,1.29952,,0.05153855,,,,,0.038552903,,0.54405516,0.9299507,,0.17710109,0.77527,0.17356998,0.1262926
Switzerland,CHE,2022,,,,2.8347738,,,,,0.538777,,,1.175435,0.5215122,0.003672101,1.242408,,0.05212895,,,,,0.05542657,,0.5999524,0.9816158,,0.19740452,0.9901769,0.16817513,0.12840992
Tajikistan,TJK,2016,0.11030159,0.000879192,,0.10275372,0.006468344,,,,1.1588798,,,7.2205696,0.003767967,,0.7717186,,0.1255898,,,,0.03217938,,0.063223355,0.7861248,4.163927,,0.000353247,0.7711035,0.29827982,0.1772995
Tajikistan,TJK,2017,0.15029606,0.000191846,,0.06742215,0.008600852,,,,0.028209077,,,3.3746529,,,0.5814305,,0.1045817,,,,0.00306954,,0.12867206,0.9295483,4.0196824,,,1.1925431,0.26732382,0.001979854
Tajikistan,TJK,2018,0.1015803,,,0.051936388,0.00802817,,,,0.95202994,,,1.8415756,,,0.7249067,,0.07265061,,,,,0.002251057,0.09693502,2.497357,5.9052124,,0.008302498,1.3743714,0.40064943,0.24037866
Tajikistan,TJK,2019,0.15486562,0.0000734,,0.16069484,0.012761127,,,,0.95203966,,,6.937136,,,0.45328265,,0.20415369,,,,,,0.05712666,0.8208339,6.1320634,,,1.3870436,0.37944916,0.08248107
Tajikistan,TJK,2020,0.24613678,,,0.1320351,0.012585873,,,,0.8880074,,,5.285229,,,0.7031708,,0.1654781,,,,,,0.047001805,1.0167023,3.880467,,0.002153149,5.1375346,0.33554327,0.23825797
Tajikistan,TJK,2021,0.115702786,0.00031612,,0.14985217,0.000325815,,,,0.55816144,,,5.0367727,0.013602299,,1.4384403,,0.09912348,,,,0.011696446,,0.024476131,0.43168724,3.155751,,,3.3526003,0.4141687,0.3190452
Tajikistan,TJK,2022,0.05856874,0.00068818,,0.1271724,0.001582815,,,,0.82660514,,,3.5639958,0.032289427,,0.16874762,,0.4617498,,,,0.003889045,0.002133359,0.7953191,0.8135174,2.7964258,,0.0000551,2.3314323,0.06763343,0.22132364
Tanzania,TZA,2017,0.23161523,0.00095131,,1.0817404,0.14834236,,,,0.008642741,,,37.665695,0.024511665,,46.30928,,0.03457342,,,,0.000350579,1.6196345,2.368111,17.902636,2.2328825,,0.000448043,3.7743506,3.725162,
Tanzania,TZA,2018,0.17405275,0.001180518,,1.0205042,0.46338442,,,,0.009342777,,,10.395764,0.08064727,,1.0211592,,0.096788466,,,,0.000761095,0.35199228,1.8615643,11.964382,1.4053316,,0.000552201,11.602245,6.381265,
Tanzania,TZA,2019,0.14052258,0.000858558,,0.85885257,0.2595041,,,,0.018931758,,,0.7229034,0.049211815,,11.761652,,0.14357583,,,,4.58e-7,0.2636392,2.2393444,4.655394,6.830786,,0.000622692,10.275963,7.275688,
Tanzania,TZA,2020,0.13883904,0.047242995,,4.298131,0.38090423,,,,0.062383033,,,4.634252,0.007090243,,3.0729318,,0.079148516,,,,,0.99811137,0.24043776,3.2489347,2.5844526,,0.000872696,3.3710938,2.515894,
Tanzania,TZA,2021,0.17392324,0.08279912,,7.760221,0.36033076,,,,0.079707906,,,4.1433825,0.03453367,,2.9656675,,0.11888343,,,,,1.0092723,0.20915829,4.0443263,2.6751385,,0.000276608,7.887173,2.6956394,
Tanzania,TZA,2022,0.14931414,0.07066606,,4.1965103,0.6524374,,,,0.14040354,,,4.4276066,0.022381846,,4.8270984,,0.052033197,,,,,0.49995336,0.8183989,1.7045726,4.3316135,,0.003593473,8.240056,2.1199884,
Tunisia,TUN,2016,0.008123756,0.61215913,,6.92755,0.051268283,,,,,,,12.660373,0.4656865,0.19319901,2.5496294,,0.93538976,0.29852846,,,0.001575516,0.100862406,,,2.4738648,,,2.5734806,0.46009243,0.000855749
Tunisia,TUN,2017,0.006568199,0.71516275,,6.9832506,1.9978213,,,,0.09534978,,,10.696201,0.53172386,0.15721385,3.7489219,,1.1422755,0.31905627,,,0.001039159,0.11037318,,,2.6453485,,,3.0894847,0.41087037,0.000603084
Tunisia,TUN,2018,0.009183664,0.7240112,,8.355626,0.06793145,,,,,,,14.474836,0.49308848,0.18395017,2.2248647,,1.0945268,0.042538732,,,0.000803571,0.06931572,0.8551365,0.40554774,2.910416,,,3.386949,0.51255125,0.000410969
Tunisia,TUN,2019,0.002421555,0.34665284,,7.815611,0.041417126,,,,,,,10.174718,0.4466783,0.1106716,2.3160777,,0.68292445,0.20711325,,,,0.11445653,0.82524145,0.26303095,2.210426,,,2.431867,0.6225711,0.00088563
Tunisia,TUN,2020,0.007434058,0.48856497,,7.42107,0.051511604,,,,,,,9.617428,0.3885626,0.13076253,1.6802256,,0.7115392,0.24355868,,,,0.23209214,1.0360382,0.17860438,1.6263286,,,3.749883,0.5712499,0.000824505
Tunisia,TUN,2021,,0.36355093,,6.040915,0.00586766,,,,,,,5.428507,0.17915536,0.092847325,1.8219632,,0.84626365,0.17975971,,,,0.024706906,0.8903132,0.18198603,1.8392949,,,3.9409964,0.42489845,0.000798709
Tunisia,TUN,2022,,0.29265004,,8.8990555,0.009982187,,,,,,,6.2395062,0.5420056,0.11084777,2.475254,,1.0173078,0.18148181,,,,0.032679163,0.5863916,0.15082204,2.3454006,,,4.0542116,0.49271777,0.000447895
Uganda,UGA,2021,0.0741714,0.14761035,,0.20479849,0.19775748,,,,0.124828,,,3.250119,0.093184836,,1.3185033,,0.676704,,,,,0.4342347,0.08937911,4.2075434,3.185965,,0.002257145,1.4835495,2.0035539,0.005077486
Uganda,UGA,2022,0.041663524,0.035261594,,2.8834856,0.37245455,,,,0.13387084,,,3.1578486,0.124236576,,1.1954325,,0.71035933,,,,0.010780698,0.42198652,0.04508996,1.0873876,3.1571996,,0.003696865,1.4804007,2.1644375,0.009032235
Ukraine,UKR,2016,0.24033356,,,0.71783584,0.040492177,,,0.25962162,0.73355466,,,0.82157433,0.25113925,,0.72648925,,0.22365542,,0.002936632,,0.032758888,,0.202053,0.30953202,0.5815425,,0.097322725,1.8482602,0.057732,0.06600549
Ukraine,UKR,2017,0.2256658,,,1.122717,0.03353098,,,0.2145113,0.6920203,,,0.98625755,0.31849277,,0.76018727,,0.32917324,,0.00298833,,0.03670775,,0.22570279,0.28465962,1.5974048,,0.10598903,2.1751823,0.24824397,0.23262237
Ukraine,UKR,2018,0.23209806,,,1.0689478,0.035213448,,,0.1912538,0.7134954,,,1.0732841,0.37214935,,0.80430293,,0.45572707,,0.002435832,,0.03754144,,0.17255108,0.3337092,1.6164558,,0.11405925,2.6490831,0.081728235,0.26171574
Ukraine,UKR,2019,0.12767975,,,1.5454625,0.017431647,,,0.19117974,0.48075408,,,1.5602905,0.2955676,,1.1439681,,0.71681863,,0.000229426,,0.056748647,,,0.16015485,3.702492,,0.1258122,3.351623,0.18676642,0.16065088
Ukraine,UKR,2020,0.001405624,,,0.607895,0.026049294,,,0.20501502,0.19636518,,,0.84339404,0.7389038,,0.9282661,,1.1848195,,0.000516154,,0.047300614,,0.10031877,0.116587475,2.7247667,,0.025518546,4.0002522,0.040877543,0.14225267
Ukraine,UKR,2021,0.22608526,,,1.1643003,0.004016546,,,0.017182201,0.72786033,,,0.71991456,0.31052268,,0.8065448,,0.78438675,,0.002580998,,,,0.16190475,0.25565976,2.105023,,0.10316952,2.6832857,0.07315291,0.38404894
Ukraine,UKR,2022,0.21241902,,,1.2042233,0.00187576,,,0.001889885,0.9612619,,,0.60400695,0.22409914,,0.7795786,,0.65714604,,,,,,0.17020428,0.24330533,1.6929456,,0.11391088,2.2771716,0.17934912,0.39320165
United Kingdom,GBR,2017,0.000263446,1.6310723,,0.92849904,0.21326818,,0.002090907,0.00000569,1.1005476,0.001467068,,3.4410546,0.011372988,0.005160113,4.9484615,0.95814586,0.001194667,0.0001631,0.000327249,,,0.87236446,,0.16008657,0.5390667,,0.08396409,2.8165793,0.3279015,0.00942739
United Kingdom,GBR,2018,0.000253434,1.6339148,,0.92931217,0.19935516,,0.001869302,0.00000761,1.2160604,0.001295742,,3.2031834,0.010222228,0.004179699,4.8629575,0.7479935,0.001041384,0.00023274,0.000311597,,3.06e-7,0.89818627,,0.17767684,0.56158817,,0.08947768,2.6310816,0.31365466,0.010411429
United Kingdom,GBR,2019,0.000221517,1.5877818,,0.909595,0.19477096,,0.00179647,,1.2500482,0.001399651,,3.126611,0.00906342,0.003779349,4.9997277,0.6551561,0.00087983,0.000171819,0.000289835,,,0.8486216,,0.1998086,0.5056544,,0.08825071,2.5168557,0.30534595,0.010521738
United Kingdom,GBR,2020,0.000152659,1.5047028,,0.82655543,0.20140295,,0.001430829,,1.2378519,0.001488969,,2.4320254,0.007268072,0.002852218,4.575582,0.6118443,0.00079365,0.000317982,0.000163006,,,0.6925024,,0.2140142,0.45122635,,0.078952506,2.147941,0.31256205,0.009344689
United Kingdom,GBR,2021,0.0001121,1.5023118,,0.82895297,0.20979266,,0.00097476,,1.2064791,,,2.5166612,0.005780498,0.002436415,4.5255413,0.58061105,0.000718703,0.00023695,0.000192845,,,0.7055901,,0.22645225,0.43534753,,0.07458941,2.0081758,0.29436025,0.009574264
United Kingdom,GBR,2022,0.0000972,1.6955613,,0.98772866,0.2529746,,0.000956283,,1.3807207,,,3.474376,0.005982299,0.002593163,5.3014493,0.6558003,0.000835163,0.00039123,0.000290193,,,1.1330876,,0.28440288,0.5001205,,0.08572915,2.503461,0.32559738,0.011894366