Entity,Code,Year,Employment discrimination prohibited,Pay equity mandated,Substantial paid leave for mothers,Domestic violence sanctioned,Equal property rights,Equal right to start a business
Africa,OWID_AFR,1970,1,0,12,0,22,37
Africa,OWID_AFR,1971,1,0,12,0,22,37
Africa,OWID_AFR,1972,1,0,12,0,22,37
Africa,OWID_AFR,1973,2,1,13,0,23,38
Africa,OWID_AFR,1974,2,1,13,0,23,38
Africa,OWID_AFR,1975,2,1,13,0,23,38
Africa,OWID_AFR,1976,2,1,13,0,23,38
Africa,OWID_AFR,1977,2,1,13,0,23,38
Africa,OWID_AFR,1978,2,1,13,0,24,39
Africa,OWID_AFR,1979,2,1,13,0,24,39
Africa,OWID_AFR,1980,2,1,13,0,25,40
Africa,OWID_AFR,1981,3,1,14,0,26,40
Africa,OWID_AFR,1982,3,1,14,0,27,41
Africa,OWID_AFR,1983,3,1,14,0,27,42
Africa,OWID_AFR,1984,4,1,16,0,27,42
Africa,OWID_AFR,1985,4,1,16,0,27,42
Africa,OWID_AFR,1986,5,1,16,0,27,42
Africa,OWID_AFR,1987,5,1,16,0,27,42
Africa,OWID_AFR,1988,5,2,17,0,28,43
Africa,OWID_AFR,1989,5,2,17,0,28,43
Africa,OWID_AFR,1990,6,3,17,0,29,43
Africa,OWID_AFR,1991,6,3,17,0,29,43
Africa,OWID_AFR,1992,6,3,17,0,31,43
Africa,OWID_AFR,1993,12,4,19,0,31,43
Africa,OWID_AFR,1994,13,4,19,0,32,44
Africa,OWID_AFR,1995,16,5,20,0,32,44
Africa,OWID_AFR,1996,16,5,20,0,33,45
Africa,OWID_AFR,1997,18,7,20,1,33,45
Africa,OWID_AFR,1998,19,8,21,1,34,45
Africa,OWID_AFR,1999,20,8,21,3,34,45
Africa,OWID_AFR,2000,22,10,21,4,35,45
Africa,OWID_AFR,2001,22,10,21,4,36,45
Africa,OWID_AFR,2002,23,10,21,4,36,45
Africa,OWID_AFR,2003,25,10,22,4,36,45
Africa,OWID_AFR,2004,27,11,23,6,36,45
Africa,OWID_AFR,2005,29,12,23,7,39,47
Africa,OWID_AFR,2006,31,14,24,7,40,48
Africa,OWID_AFR,2007,32,15,24,12,40,48
Africa,OWID_AFR,2008,36,16,24,14,41,48
Africa,OWID_AFR,2009,38,16,24,17,42,49
Africa,OWID_AFR,2010,39,17,25,19,42,49
Africa,OWID_AFR,2011,40,17,26,19,42,49
Africa,OWID_AFR,2012,40,17,26,22,42,49
Africa,OWID_AFR,2013,40,19,26,22,43,49
Africa,OWID_AFR,2014,41,21,26,24,43,49
Africa,OWID_AFR,2015,41,21,26,25,43,49
Africa,OWID_AFR,2016,43,23,28,27,43,49
Africa,OWID_AFR,2017,44,23,28,28,43,50
Africa,OWID_AFR,2018,46,25,28,33,43,50
Africa,OWID_AFR,2019,46,26,30,34,44,50
Africa,OWID_AFR,2020,47,26,31,35,44,50
Africa,OWID_AFR,2021,47,27,31,37,45,50
Africa,OWID_AFR,2022,47,28,31,39,45,50
Africa,OWID_AFR,2023,48,29,33,41,45,50
Asia,OWID_ASI,1970,1,0,8,0,40,43
Asia,OWID_ASI,1971,1,0,8,0,40,43
Asia,OWID_ASI,1972,3,0,8,0,40,43
Asia,OWID_ASI,1973,5,0,8,0,40,43
Asia,OWID_ASI,1974,5,0,8,0,41,44
Asia,OWID_ASI,1975,5,0,8,0,41,44
Asia,OWID_ASI,1976,5,0,8,0,41,44
Asia,OWID_ASI,1977,5,0,8,0,41,44
Asia,OWID_ASI,1978,5,0,8,0,41,44
Asia,OWID_ASI,1979,5,0,8,0,41,44
Asia,OWID_ASI,1980,5,0,8,0,41,44
Asia,OWID_ASI,1981,5,0,8,0,41,44
Asia,OWID_ASI,1982,5,0,8,0,41,44
Asia,OWID_ASI,1983,5,0,8,0,41,44
Asia,OWID_ASI,1984,5,0,8,0,41,44
Asia,OWID_ASI,1985,5,0,8,0,41,43
Asia,OWID_ASI,1986,5,0,9,0,41,43
Asia,OWID_ASI,1987,6,0,9,2,41,43
Asia,OWID_ASI,1988,8,0,9,2,41,44
Asia,OWID_ASI,1989,8,1,9,2,41,44
Asia,OWID_ASI,1990,9,1,9,2,42,44
Asia,OWID_ASI,1991,9,1,9,3,43,44
Asia,OWID_ASI,1992,9,1,9,3,43,44
Asia,OWID_ASI,1993,9,1,9,3,43,44
Asia,OWID_ASI,1994,10,1,9,3,43,44
Asia,OWID_ASI,1995,13,1,10,4,43,44
Asia,OWID_ASI,1996,15,2,10,4,43,44
Asia,OWID_ASI,1997,18,3,10,4,43,44
Asia,OWID_ASI,1998,19,3,10,5,43,44
Asia,OWID_ASI,1999,19,3,10,5,43,44
Asia,OWID_ASI,2000,22,3,10,6,43,44
Asia,OWID_ASI,2001,22,3,10,7,43,44
Asia,OWID_ASI,2002,23,3,11,7,44,44
Asia,OWID_ASI,2003,24,4,11,8,44,44
Asia,OWID_ASI,2004,25,4,14,9,44,45
Asia,OWID_ASI,2005,26,4,14,12,44,45
Asia,OWID_ASI,2006,26,4,15,17,44,45
Asia,OWID_ASI,2007,27,5,17,17,44,45
Asia,OWID_ASI,2008,28,5,17,20,44,45
Asia,OWID_ASI,2009,28,5,18,21,44,45
Asia,OWID_ASI,2010,29,5,18,22,44,45
Asia,OWID_ASI,2011,29,6,18,25,44,45
Asia,OWID_ASI,2012,29,7,18,26,45,45
Asia,OWID_ASI,2013,30,8,19,29,45,45
Asia,OWID_ASI,2014,30,8,20,30,45,45
Asia,OWID_ASI,2015,30,8,20,31,45,45
Asia,OWID_ASI,2016,30,9,21,32,45,45
Asia,OWID_ASI,2017,31,9,22,33,45,45
Asia,OWID_ASI,2018,32,10,23,34,45,45
Asia,OWID_ASI,2019,34,12,25,35,45,45
Asia,OWID_ASI,2020,34,13,25,36,45,46
Asia,OWID_ASI,2021,35,14,26,36,45,45
Asia,OWID_ASI,2022,35,15,26,36,45,46
Asia,OWID_ASI,2023,36,16,28,37,45,46
Europe,OWID_EUR,1970,0,2,24,0,33,37
Europe,OWID_EUR,1971,0,2,25,0,33,37
Europe,OWID_EUR,1972,2,2,26,0,33,37
Europe,OWID_EUR,1973,4,3,27,0,34,38
Europe,OWID_EUR,1974,4,3,28,0,34,39
Europe,OWID_EUR,1975,4,6,29,0,34,40
Europe,OWID_EUR,1976,5,6,31,0,34,40
Europe,OWID_EUR,1977,6,7,31,0,35,41
Europe,OWID_EUR,1978,8,8,32,0,36,42
Europe,OWID_EUR,1979,10,10,32,0,37,42
Europe,OWID_EUR,1980,13,11,32,0,37,42
Europe,OWID_EUR,1981,14,11,33,0,37,42
Europe,OWID_EUR,1982,15,11,33,1,38,42
Europe,OWID_EUR,1983,16,11,33,1,39,42
Europe,OWID_EUR,1984,17,11,34,1,39,42
Europe,OWID_EUR,1985,17,11,34,1,40,42
Europe,OWID_EUR,1986,18,11,34,1,41,42
Europe,OWID_EUR,1987,19,12,35,1,41,42
Europe,OWID_EUR,1988,19,12,37,1,41,42
Europe,OWID_EUR,1989,19,13,37,2,41,42
Europe,OWID_EUR,1990,19,13,38,2,41,42
Europe,OWID_EUR,1991,20,14,38,2,41,42
Europe,OWID_EUR,1992,20,14,38,2,41,42
Europe,OWID_EUR,1993,20,14,38,2,41,42
Europe,OWID_EUR,1994,20,16,39,2,42,42
Europe,OWID_EUR,1995,23,18,39,4,42,42
Europe,OWID_EUR,1996,24,18,40,5,42,42
Europe,OWID_EUR,1997,24,18,40,7,42,42
Europe,OWID_EUR,1998,25,18,40,8,42,42
Europe,OWID_EUR,1999,26,19,40,9,42,42
Europe,OWID_EUR,2000,27,19,40,9,42,42
Europe,OWID_EUR,2001,27,20,41,9,42,42
Europe,OWID_EUR,2002,32,23,40,10,42,42
Europe,OWID_EUR,2003,35,27,40,13,42,42
Europe,OWID_EUR,2004,39,29,40,15,42,42
Europe,OWID_EUR,2005,40,29,40,17,42,42
Europe,OWID_EUR,2006,40,29,41,22,42,42
Europe,OWID_EUR,2007,41,29,41,26,42,42
Europe,OWID_EUR,2008,41,29,41,28,42,42
Europe,OWID_EUR,2009,41,32,41,30,42,42
Europe,OWID_EUR,2010,41,33,41,31,42,42
Europe,OWID_EUR,2011,42,34,42,32,42,42
Europe,OWID_EUR,2012,42,34,42,35,42,42
Europe,OWID_EUR,2013,42,34,42,35,42,42
Europe,OWID_EUR,2014,42,34,42,38,42,42
Europe,OWID_EUR,2015,42,34,42,40,42,42
Europe,OWID_EUR,2016,42,35,42,40,42,42
Europe,OWID_EUR,2017,42,35,42,40,42,42
Europe,OWID_EUR,2018,42,36,42,40,42,42
Europe,OWID_EUR,2019,42,36,42,40,42,42
Europe,OWID_EUR,2020,42,36,42,40,42,42
Europe,OWID_EUR,2021,42,36,42,40,42,42
Europe,OWID_EUR,2022,42,36,42,40,42,42
Europe,OWID_EUR,2023,42,36,42,40,42,42
North America,OWID_NAM,1970,4,0,1,0,18,20
North America,OWID_NAM,1971,4,0,1,0,18,20
North America,OWID_NAM,1972,4,0,2,0,18,20
North America,OWID_NAM,1973,4,0,2,0,18,20
North America,OWID_NAM,1974,4,0,2,0,18,20
North America,OWID_NAM,1975,4,0,2,0,18,20
North America,OWID_NAM,1976,5,0,2,0,18,20
North America,OWID_NAM,1977,5,0,2,0,19,20
North America,OWID_NAM,1978,5,0,2,0,19,20
North America,OWID_NAM,1979,5,0,2,0,19,21
North America,OWID_NAM,1980,5,0,2,0,19,21
North America,OWID_NAM,1981,5,0,2,0,19,21
North America,OWID_NAM,1982,5,0,2,0,19,21
North America,OWID_NAM,1983,5,0,2,0,19,22
North America,OWID_NAM,1984,6,1,2,0,19,22
North America,OWID_NAM,1985,6,1,2,0,19,22
North America,OWID_NAM,1986,6,1,3,0,19,22
North America,OWID_NAM,1987,6,2,3,0,19,22
North America,OWID_NAM,1988,6,2,3,0,19,22
North America,OWID_NAM,1989,6,2,3,0,19,22
North America,OWID_NAM,1990,6,2,3,2,20,22
North America,OWID_NAM,1991,6,2,3,2,20,22
North America,OWID_NAM,1992,7,2,3,5,20,22
North America,OWID_NAM,1993,7,2,3,6,20,22
North America,OWID_NAM,1994,8,2,3,6,20,22
North America,OWID_NAM,1995,8,2,3,8,20,23
North America,OWID_NAM,1996,8,2,3,11,20,23
North America,OWID_NAM,1997,9,2,3,15,20,23
North America,OWID_NAM,1998,9,2,3,15,20,23
North America,OWID_NAM,1999,9,2,3,16,21,23
North America,OWID_NAM,2000,12,3,3,17,21,23
North America,OWID_NAM,2001,13,3,4,17,21,23
North America,OWID_NAM,2002,14,3,4,20,22,23
North America,OWID_NAM,2003,14,3,4,20,22,23
North America,OWID_NAM,2004,14,3,4,20,22,23
North America,OWID_NAM,2005,15,3,4,20,22,23
North America,OWID_NAM,2006,15,3,4,20,22,23
North America,OWID_NAM,2007,15,4,4,21,22,23
North America,OWID_NAM,2008,15,4,4,22,22,23
North America,OWID_NAM,2009,15,4,4,22,22,23
North America,OWID_NAM,2010,15,4,4,22,22,23
North America,OWID_NAM,2011,15,4,4,22,22,23
North America,OWID_NAM,2012,15,4,4,22,22,23
North America,OWID_NAM,2013,16,4,5,22,22,23
North America,OWID_NAM,2014,16,4,5,22,22,23
North America,OWID_NAM,2015,16,4,5,22,22,23
North America,OWID_NAM,2016,16,4,6,22,22,23
North America,OWID_NAM,2017,16,4,7,22,22,23
North America,OWID_NAM,2018,16,4,7,22,22,23
North America,OWID_NAM,2019,16,5,7,22,22,23
North America,OWID_NAM,2020,17,5,7,22,22,23
North America,OWID_NAM,2021,17,5,7,22,22,23
North America,OWID_NAM,2022,17,5,8,22,22,23
North America,OWID_NAM,2023,17,5,8,22,22,23
Oceania,OWID_OCE,1970,0,0,0,0,5,12
Oceania,OWID_OCE,1971,0,0,0,0,5,12
Oceania,OWID_OCE,1972,0,0,0,0,5,12
Oceania,OWID_OCE,1973,0,0,0,0,5,12
Oceania,OWID_OCE,1974,0,0,0,0,5,12
Oceania,OWID_OCE,1975,0,0,0,0,5,12
Oceania,OWID_OCE,1976,0,0,0,0,5,12
Oceania,OWID_OCE,1977,0,0,0,0,5,12
Oceania,OWID_OCE,1978,1,0,0,0,5,12
Oceania,OWID_OCE,1979,2,0,0,0,5,12
Oceania,OWID_OCE,1980,2,0,0,0,5,12
Oceania,OWID_OCE,1981,2,0,0,0,5,12
Oceania,OWID_OCE,1982,2,0,0,0,5,12
Oceania,OWID_OCE,1983,2,0,0,0,5,12
Oceania,OWID_OCE,1984,3,0,0,0,5,12
Oceania,OWID_OCE,1985,3,0,0,0,5,12
Oceania,OWID_OCE,1986,3,0,0,0,5,12
Oceania,OWID_OCE,1987,3,0,0,0,5,12
Oceania,OWID_OCE,1988,3,0,0,0,5,12
Oceania,OWID_OCE,1989,3,0,0,0,5,12
Oceania,OWID_OCE,1990,3,0,0,0,5,12
Oceania,OWID_OCE,1991,3,0,0,0,5,12
Oceania,OWID_OCE,1992,3,0,0,0,5,12
Oceania,OWID_OCE,1993,3,0,0,0,5,12
Oceania,OWID_OCE,1994,3,0,0,0,5,12
Oceania,OWID_OCE,1995,3,0,0,0,5,12
Oceania,OWID_OCE,1996,3,0,0,1,5,12
Oceania,OWID_OCE,1997,3,1,0,1,5,12
Oceania,OWID_OCE,1998,3,1,0,1,5,12
Oceania,OWID_OCE,1999,3,1,0,1,5,12
Oceania,OWID_OCE,2000,3,1,0,1,5,12
Oceania,OWID_OCE,2001,3,1,0,1,5,12
Oceania,OWID_OCE,2002,3,1,0,1,5,12
Oceania,OWID_OCE,2003,3,1,0,1,5,12
Oceania,OWID_OCE,2004,3,1,0,1,5,12
Oceania,OWID_OCE,2005,3,1,0,1,5,12
Oceania,OWID_OCE,2006,3,1,1,1,5,12
Oceania,OWID_OCE,2007,3,1,1,1,5,12
Oceania,OWID_OCE,2008,5,1,1,2,5,12
Oceania,OWID_OCE,2009,5,2,1,3,5,12
Oceania,OWID_OCE,2010,5,2,1,4,5,12
Oceania,OWID_OCE,2011,5,2,2,4,5,12
Oceania,OWID_OCE,2012,5,2,2,5,5,12
Oceania,OWID_OCE,2013,6,2,2,7,5,12
Oceania,OWID_OCE,2014,6,2,2,9,5,12
Oceania,OWID_OCE,2015,6,2,2,11,5,12
Oceania,OWID_OCE,2016,6,2,2,11,5,12
Oceania,OWID_OCE,2017,6,2,2,11,5,12
Oceania,OWID_OCE,2018,6,2,2,12,5,12
Oceania,OWID_OCE,2019,6,2,3,12,5,12
Oceania,OWID_OCE,2020,7,4,3,12,5,12
Oceania,OWID_OCE,2021,7,4,3,12,5,12
Oceania,OWID_OCE,2022,7,4,3,12,5,12
Oceania,OWID_OCE,2023,7,4,3,12,5,12
South America,OWID_SAM,1970,0,0,0,0,3,5
South America,OWID_SAM,1971,0,0,0,0,4,6
South America,OWID_SAM,1972,0,0,0,0,4,6
South America,OWID_SAM,1973,0,0,1,0,5,7
South America,OWID_SAM,1974,0,0,1,0,5,7
South America,OWID_SAM,1975,0,0,1,0,5,7
South America,OWID_SAM,1976,1,1,1,0,5,7
South America,OWID_SAM,1977,1,1,1,0,5,7
South America,OWID_SAM,1978,1,1,1,0,5,7
South America,OWID_SAM,1979,1,1,1,0,5,7
South America,OWID_SAM,1980,1,1,1,0,5,7
South America,OWID_SAM,1981,1,1,1,0,6,7
South America,OWID_SAM,1982,1,1,1,0,6,7
South America,OWID_SAM,1983,1,1,1,0,7,7
South America,OWID_SAM,1984,1,1,1,0,7,7
South America,OWID_SAM,1985,1,1,1,0,8,7
South America,OWID_SAM,1986,1,1,1,0,8,7
South America,OWID_SAM,1987,1,1,1,0,8,7
South America,OWID_SAM,1988,1,1,1,0,8,8
South America,OWID_SAM,1989,1,1,2,0,8,8
South America,OWID_SAM,1990,2,1,2,0,8,9
South America,OWID_SAM,1991,3,1,2,0,8,9
South America,OWID_SAM,1992,3,1,2,0,8,9
South America,OWID_SAM,1993,3,1,2,0,9,10
South America,OWID_SAM,1994,4,2,2,1,9,10
South America,OWID_SAM,1995,4,2,2,2,9,10
South America,OWID_SAM,1996,4,2,2,5,9,10
South America,OWID_SAM,1997,5,2,2,7,9,10
South America,OWID_SAM,1998,6,3,3,7,9,10
South America,OWID_SAM,1999,7,4,3,8,9,10
South America,OWID_SAM,2000,7,4,3,8,9,10
South America,OWID_SAM,2001,7,4,3,9,9,10
South America,OWID_SAM,2002,8,4,3,9,10,11
South America,OWID_SAM,2003,8,4,3,9,10,11
South America,OWID_SAM,2004,8,4,3,9,11,11
South America,OWID_SAM,2005,8,4,3,9,11,11
South America,OWID_SAM,2006,8,4,3,10,11,11
South America,OWID_SAM,2007,8,5,3,11,11,11
South America,OWID_SAM,2008,8,5,3,11,11,11
South America,OWID_SAM,2009,9,6,3,12,11,11
South America,OWID_SAM,2010,9,6,3,12,11,11
South America,OWID_SAM,2011,9,6,3,12,11,11
South America,OWID_SAM,2012,10,6,4,12,11,11
South America,OWID_SAM,2013,10,6,4,12,11,11
South America,OWID_SAM,2014,10,6,5,12,11,11
South America,OWID_SAM,2015,10,6,5,12,11,11
South America,OWID_SAM,2016,10,6,7,12,11,11
South America,OWID_SAM,2017,10,6,7,12,11,11
South America,OWID_SAM,2018,10,7,7,12,11,11
South America,OWID_SAM,2019,11,7,7,12,11,11
South America,OWID_SAM,2020,11,7,8,12,11,11
South America,OWID_SAM,2021,11,7,8,12,11,11
South America,OWID_SAM,2022,11,7,8,12,11,11
South America,OWID_SAM,2023,11,7,8,12,11,11
World,OWID_WRL,1970,6,2,45,0,121,154
World,OWID_WRL,1971,6,2,46,0,122,155
World,OWID_WRL,1972,10,2,48,0,122,155
World,OWID_WRL,1973,15,4,51,0,125,158
World,OWID_WRL,1974,15,4,52,0,126,160
World,OWID_WRL,1975,15,7,53,0,126,161
World,OWID_WRL,1976,18,8,55,0,126,161
World,OWID_WRL,1977,19,9,55,0,128,162
World,OWID_WRL,1978,22,10,56,0,130,164
World,OWID_WRL,1979,25,12,56,0,131,165
World,OWID_WRL,1980,28,13,56,0,132,166
World,OWID_WRL,1981,30,13,58,0,134,166
World,OWID_WRL,1982,31,13,58,1,136,167
World,OWID_WRL,1983,32,13,58,1,138,169
World,OWID_WRL,1984,36,14,61,1,138,169
World,OWID_WRL,1985,36,14,61,1,140,168
World,OWID_WRL,1986,38,14,63,1,141,168
World,OWID_WRL,1987,40,16,64,3,141,168
World,OWID_WRL,1988,42,17,67,3,142,171
World,OWID_WRL,1989,42,19,68,4,142,171
World,OWID_WRL,1990,45,20,69,6,145,172
World,OWID_WRL,1991,47,21,69,7,146,172
World,OWID_WRL,1992,48,21,69,10,148,172
World,OWID_WRL,1993,54,22,71,11,149,173
World,OWID_WRL,1994,58,25,72,12,151,174
World,OWID_WRL,1995,67,28,74,18,151,175
World,OWID_WRL,1996,70,29,75,26,152,176
World,OWID_WRL,1997,77,33,75,35,152,176
World,OWID_WRL,1998,81,35,77,37,153,176
World,OWID_WRL,1999,84,37,77,42,154,176
World,OWID_WRL,2000,93,40,77,45,155,176
World,OWID_WRL,2001,94,41,79,47,156,176
World,OWID_WRL,2002,103,44,79,51,159,177
World,OWID_WRL,2003,109,49,80,55,159,177
World,OWID_WRL,2004,116,52,84,60,160,178
World,OWID_WRL,2005,121,53,84,66,163,180
World,OWID_WRL,2006,123,55,88,77,164,181
World,OWID_WRL,2007,126,59,90,88,164,181
World,OWID_WRL,2008,133,60,90,97,165,181
World,OWID_WRL,2009,136,65,91,105,166,182
World,OWID_WRL,2010,138,67,92,110,166,182
World,OWID_WRL,2011,140,69,95,114,166,182
World,OWID_WRL,2012,141,70,96,122,167,182
World,OWID_WRL,2013,144,73,98,127,168,182
World,OWID_WRL,2014,145,75,100,135,168,182
World,OWID_WRL,2015,145,75,100,141,168,182
World,OWID_WRL,2016,147,79,106,144,168,182
World,OWID_WRL,2017,149,79,108,146,168,183
World,OWID_WRL,2018,152,84,109,153,168,183
World,OWID_WRL,2019,155,88,114,155,169,183
World,OWID_WRL,2020,158,91,116,157,169,184
World,OWID_WRL,2021,159,93,117,159,170,183
World,OWID_WRL,2022,159,95,118,161,170,184
World,OWID_WRL,2023,161,97,122,164,170,184