Entity,Code,Year,Share of adults in 2000,Share of adults in 2022,World region according to OWID,Share of adults in 2022 (Original Year)
Afghanistan,AFG,2000,39.2,22.7,Asia,2022
Afghanistan,AFG,2005,34.2,22.7,Asia,2022
Afghanistan,AFG,2007,32.5,22.7,Asia,2022
Afghanistan,AFG,2010,30.2,22.7,Asia,2022
Afghanistan,AFG,2015,26.6,22.7,Asia,2022
Afghanistan,AFG,2020,23.7,22.7,Asia,2022
Afghanistan,AFG,2021,23.2,22.7,Asia,2022
Afghanistan,AFG,2022,22.7,22.7,Asia,
Afghanistan,AFG,2023,,22.7,Asia,2022
Africa,OWID_AFR,2000,18.860353,11.475446,,2022
Africa,OWID_AFR,2005,16.490337,11.475446,,2022
Africa,OWID_AFR,2007,15.696065,11.475446,,2022
Africa,OWID_AFR,2010,14.603046,11.475446,,2022
Africa,OWID_AFR,2015,13.102387,11.475446,,2022
Africa,OWID_AFR,2020,11.885643,11.475446,,2022
Africa,OWID_AFR,2021,11.676225,11.475446,,2022
Africa,OWID_AFR,2022,11.475446,11.475446,,
Albania,ALB,2000,35.4,21.9,Europe,2022
Albania,ALB,2005,31.6,21.9,Europe,2022
Albania,ALB,2007,30.2,21.9,Europe,2022
Albania,ALB,2010,28.3,21.9,Europe,2022
Albania,ALB,2015,25.4,21.9,Europe,2022
Albania,ALB,2020,22.9,21.9,Europe,2022
Albania,ALB,2021,22.4,21.9,Europe,2022
Albania,ALB,2022,21.9,21.9,Europe,
Albania,ALB,2023,,21.9,Europe,2022
Algeria,DZA,2000,22.9,21.2,Africa,2022
Algeria,DZA,2005,22.3,21.2,Africa,2022
Algeria,DZA,2007,22.2,21.2,Africa,2022
Algeria,DZA,2010,21.7,21.2,Africa,2022
Algeria,DZA,2015,21.3,21.2,Africa,2022
Algeria,DZA,2020,21.2,21.2,Africa,2022
Algeria,DZA,2021,21.2,21.2,Africa,2022
Algeria,DZA,2022,21.2,21.2,Africa,
Algeria,DZA,2023,,21.2,Africa,2022
Andorra,AND,2000,36,36.3,Europe,2022
Andorra,AND,2005,35.8,36.3,Europe,2022
Andorra,AND,2007,35.7,36.3,Europe,2022
Andorra,AND,2010,35.7,36.3,Europe,2022
Andorra,AND,2015,35.8,36.3,Europe,2022
Andorra,AND,2020,36,36.3,Europe,2022
Andorra,AND,2021,36.1,36.3,Europe,2022
Andorra,AND,2022,36.3,36.3,Europe,
Andorra,AND,2023,,36.3,Europe,2022
Argentina,ARG,2000,34.3,23.8,South America,2022
Argentina,ARG,2005,31.5,23.8,South America,2022
Argentina,ARG,2007,30.5,23.8,South America,2022
Argentina,ARG,2010,29,23.8,South America,2022
Argentina,ARG,2015,26.6,23.8,South America,2022
Argentina,ARG,2020,24.6,23.8,South America,2022
Argentina,ARG,2021,24.2,23.8,South America,2022
Argentina,ARG,2022,23.8,23.8,South America,
Argentina,ARG,2023,,23.8,South America,2022
Armenia,ARM,2000,32.6,24.9,Asia,2022
Armenia,ARM,2005,30.8,24.9,Asia,2022
Armenia,ARM,2007,30,24.9,Asia,2022
Armenia,ARM,2010,28.8,24.9,Asia,2022
Armenia,ARM,2015,27.2,24.9,Asia,2022
Armenia,ARM,2020,25.8,24.9,Asia,2022
Armenia,ARM,2021,25.3,24.9,Asia,2022
Armenia,ARM,2022,24.9,24.9,Asia,
Armenia,ARM,2023,,24.9,Asia,2022
Asia,OWID_ASI,2000,38.108116,24.236012,,2022
Asia,OWID_ASI,2005,34.12527,24.236012,,2022
Asia,OWID_ASI,2007,32.621563,24.236012,,2022
Asia,OWID_ASI,2010,30.589636,24.236012,,2022
Asia,OWID_ASI,2015,27.618008,24.236012,,2022
Asia,OWID_ASI,2020,25.130436,24.236012,,2022
Asia,OWID_ASI,2021,24.630396,24.236012,,2022
Asia,OWID_ASI,2022,24.236012,24.236012,,
Australia,AUS,2000,24.5,13.1,Oceania,2022
Australia,AUS,2005,21.2,13.1,Oceania,2022
Australia,AUS,2007,20,13.1,Oceania,2022
Australia,AUS,2010,18.4,13.1,Oceania,2022
Australia,AUS,2015,15.9,13.1,Oceania,2022
Australia,AUS,2020,13.7,13.1,Oceania,2022
Australia,AUS,2021,13.4,13.1,Oceania,2022
Australia,AUS,2022,13.1,13.1,Oceania,
Australia,AUS,2023,,13.1,Oceania,2022
Austria,AUT,2000,52.5,24.9,Europe,2022
Austria,AUT,2005,44.4,24.9,Europe,2022
Austria,AUT,2007,41.3,24.9,Europe,2022
Austria,AUT,2010,37.2,24.9,Europe,2022
Austria,AUT,2015,31.5,24.9,Europe,2022
Austria,AUT,2020,26.6,24.9,Europe,2022
Austria,AUT,2021,25.7,24.9,Europe,2022
Austria,AUT,2022,24.9,24.9,Europe,
Austria,AUT,2023,,24.9,Europe,2022
Azerbaijan,AZE,2000,28.8,19.6,Asia,2022
Azerbaijan,AZE,2005,26.1,19.6,Asia,2022
Azerbaijan,AZE,2007,25.2,19.6,Asia,2022
Azerbaijan,AZE,2010,24,19.6,Asia,2022
Azerbaijan,AZE,2015,22,19.6,Asia,2022
Azerbaijan,AZE,2020,20.2,19.6,Asia,2022
Azerbaijan,AZE,2021,19.9,19.6,Asia,2022
Azerbaijan,AZE,2022,19.6,19.6,Asia,
Azerbaijan,AZE,2023,,19.6,Asia,2022
Bahamas,BHS,2000,12.1,11.3,North America,2022
Bahamas,BHS,2005,11.7,11.3,North America,2022
Bahamas,BHS,2007,11.6,11.3,North America,2022
Bahamas,BHS,2010,11.5,11.3,North America,2022
Bahamas,BHS,2015,11.4,11.3,North America,2022
Bahamas,BHS,2020,11.3,11.3,North America,2022
Bahamas,BHS,2021,11.3,11.3,North America,2022
Bahamas,BHS,2022,11.3,11.3,North America,
Bahamas,BHS,2023,,11.3,North America,2022
Bahrain,BHR,2000,22,15,Asia,2022
Bahrain,BHR,2005,20,15,Asia,2022
Bahrain,BHR,2007,19.4,15,Asia,2022
Bahrain,BHR,2010,18.3,15,Asia,2022
Bahrain,BHR,2015,16.8,15,Asia,2022
Bahrain,BHR,2020,15.4,15,Asia,2022
Bahrain,BHR,2021,15.2,15,Asia,2022
Bahrain,BHR,2022,15,15,Asia,
Bahrain,BHR,2023,,15,Asia,2022
Bangladesh,BGD,2000,58.1,32.9,Asia,2022
Bangladesh,BGD,2005,50.7,32.9,Asia,2022
Bangladesh,BGD,2007,48,32.9,Asia,2022
Bangladesh,BGD,2010,44.2,32.9,Asia,2022
Bangladesh,BGD,2015,38.9,32.9,Asia,2022
Bangladesh,BGD,2020,34.4,32.9,Asia,2022
Bangladesh,BGD,2021,33.8,32.9,Asia,2022
Bangladesh,BGD,2022,32.9,32.9,Asia,
Bangladesh,BGD,2023,,32.9,Asia,2022
Barbados,BRB,2000,9.5,7,North America,2022
Barbados,BRB,2005,8.8,7,North America,2022
Barbados,BRB,2007,8.5,7,North America,2022
Barbados,BRB,2010,8.1,7,North America,2022
Barbados,BRB,2015,7.6,7,North America,2022
Barbados,BRB,2020,7.1,7,North America,2022
Barbados,BRB,2021,7,7,North America,2022
Barbados,BRB,2022,7,7,North America,
Barbados,BRB,2023,,7,North America,2022
Belarus,BLR,2000,42.8,30.1,Europe,2022
Belarus,BLR,2005,39.5,30.1,Europe,2022
Belarus,BLR,2007,38.2,30.1,Europe,2022
Belarus,BLR,2010,36.4,30.1,Europe,2022
Belarus,BLR,2015,33.4,30.1,Europe,2022
Belarus,BLR,2020,31.1,30.1,Europe,2022
Belarus,BLR,2021,30.6,30.1,Europe,2022
Belarus,BLR,2022,30.1,30.1,Europe,
Belarus,BLR,2023,,30.1,Europe,2022
Belgium,BEL,2000,30.9,26.7,Europe,2022
Belgium,BEL,2005,29.9,26.7,Europe,2022
Belgium,BEL,2007,29.4,26.7,Europe,2022
Belgium,BEL,2010,29,26.7,Europe,2022
Belgium,BEL,2015,28,26.7,Europe,2022
Belgium,BEL,2020,27.2,26.7,Europe,2022
Belgium,BEL,2021,27,26.7,Europe,2022
Belgium,BEL,2022,26.7,26.7,Europe,
Belgium,BEL,2023,,26.7,Europe,2022
Belize,BLZ,2000,13.7,8.8,North America,2022
Belize,BLZ,2005,12.3,8.8,North America,2022
Belize,BLZ,2007,11.8,8.8,North America,2022
Belize,BLZ,2010,11,8.8,North America,2022
Belize,BLZ,2015,10,8.8,North America,2022
Belize,BLZ,2020,9.1,8.8,North America,2022
Belize,BLZ,2021,8.9,8.8,North America,2022
Belize,BLZ,2022,8.8,8.8,North America,
Belize,BLZ,2023,,8.8,North America,2022
Benin,BEN,2000,17.6,6.3,Africa,2022
Benin,BEN,2005,13.8,6.3,Africa,2022
Benin,BEN,2007,12.6,6.3,Africa,2022
Benin,BEN,2010,10.9,6.3,Africa,2022
Benin,BEN,2015,8.6,6.3,Africa,2022
Benin,BEN,2020,6.9,6.3,Africa,2022
Benin,BEN,2021,6.6,6.3,Africa,2022
Benin,BEN,2022,6.3,6.3,Africa,
Benin,BEN,2023,,6.3,Africa,2022
Bhutan,BTN,2000,32.9,18.7,Asia,2022
Bhutan,BTN,2005,28.4,18.7,Asia,2022
Bhutan,BTN,2007,26.9,18.7,Asia,2022
Bhutan,BTN,2010,24.9,18.7,Asia,2022
Bhutan,BTN,2015,21.9,18.7,Asia,2022
Bhutan,BTN,2020,19.6,18.7,Asia,2022
Bhutan,BTN,2021,19.1,18.7,Asia,2022
Bhutan,BTN,2022,18.7,18.7,Asia,
Bhutan,BTN,2023,,18.7,Asia,2022
Bolivia,BOL,2000,35.1,12.4,South America,2022
Bolivia,BOL,2005,26.6,12.4,South America,2022
Bolivia,BOL,2007,23.9,12.4,South America,2022
Bolivia,BOL,2010,20.7,12.4,South America,2022
Bolivia,BOL,2015,16.4,12.4,South America,2022
Bolivia,BOL,2020,13.4,12.4,South America,2022
Bolivia,BOL,2021,12.8,12.4,South America,2022
Bolivia,BOL,2022,12.4,12.4,South America,
Bolivia,BOL,2023,,12.4,South America,2022
Bosnia and Herzegovina,BIH,2000,47,36.2,Europe,2022
Bosnia and Herzegovina,BIH,2005,43.7,36.2,Europe,2022
Bosnia and Herzegovina,BIH,2007,42.7,36.2,Europe,2022
Bosnia and Herzegovina,BIH,2010,41.1,36.2,Europe,2022
Bosnia and Herzegovina,BIH,2015,38.8,36.2,Europe,2022
Bosnia and Herzegovina,BIH,2020,36.8,36.2,Europe,2022
Bosnia and Herzegovina,BIH,2021,36.4,36.2,Europe,2022
Bosnia and Herzegovina,BIH,2022,36.2,36.2,Europe,
Bosnia and Herzegovina,BIH,2023,,36.2,Europe,2022
Botswana,BWA,2000,35.1,18.7,Africa,2022
Botswana,BWA,2005,29.4,18.7,Africa,2022
Botswana,BWA,2007,27.7,18.7,Africa,2022
Botswana,BWA,2010,25.4,18.7,Africa,2022
Botswana,BWA,2015,22.1,18.7,Africa,2022
Botswana,BWA,2020,19.6,18.7,Africa,2022
Botswana,BWA,2021,19.1,18.7,Africa,2022
Botswana,BWA,2022,18.7,18.7,Africa,
Botswana,BWA,2023,,18.7,Africa,2022
Brazil,BRA,2000,23.8,12.2,South America,2022
Brazil,BRA,2005,20.3,12.2,South America,2022
Brazil,BRA,2007,19,12.2,South America,2022
Brazil,BRA,2010,17.4,12.2,South America,2022
Brazil,BRA,2015,14.9,12.2,South America,2022
Brazil,BRA,2020,12.9,12.2,South America,2022
Brazil,BRA,2021,12.5,12.2,South America,2022
Brazil,BRA,2022,12.2,12.2,South America,
Brazil,BRA,2023,,12.2,South America,2022
Brunei,BRN,2000,17.2,16.4,Asia,2022
Brunei,BRN,2005,16.8,16.4,Asia,2022
Brunei,BRN,2007,16.7,16.4,Asia,2022
Brunei,BRN,2010,16.5,16.4,Asia,2022
Brunei,BRN,2015,16.4,16.4,Asia,2022
Brunei,BRN,2020,16.4,16.4,Asia,2022
Brunei,BRN,2021,16.4,16.4,Asia,2022
Brunei,BRN,2022,16.4,16.4,Asia,
Brunei,BRN,2023,,16.4,Asia,2022
Bulgaria,BGR,2000,47.4,39.5,Europe,2022
Bulgaria,BGR,2005,44.9,39.5,Europe,2022
Bulgaria,BGR,2007,44.2,39.5,Europe,2022
Bulgaria,BGR,2010,43,39.5,Europe,2022
Bulgaria,BGR,2015,41.4,39.5,Europe,2022
Bulgaria,BGR,2020,40,39.5,Europe,2022
Bulgaria,BGR,2021,39.8,39.5,Europe,2022
Bulgaria,BGR,2022,39.5,39.5,Europe,
Bulgaria,BGR,2023,,39.5,Europe,2022
Burkina Faso,BFA,2000,30.7,14.3,Africa,2022
Burkina Faso,BFA,2005,25.2,14.3,Africa,2022
Burkina Faso,BFA,2007,23.4,14.3,Africa,2022
Burkina Faso,BFA,2010,20.9,14.3,Africa,2022
Burkina Faso,BFA,2015,17.6,14.3,Africa,2022
Burkina Faso,BFA,2020,15.1,14.3,Africa,2022
Burkina Faso,BFA,2021,14.7,14.3,Africa,2022
Burkina Faso,BFA,2022,14.3,14.3,Africa,
Burkina Faso,BFA,2023,,14.3,Africa,2022
Burundi,BDI,2000,26.3,11.2,Africa,2022
Burundi,BDI,2005,21.1,11.2,Africa,2022
Burundi,BDI,2007,19.5,11.2,Africa,2022
Burundi,BDI,2010,17.3,11.2,Africa,2022
Burundi,BDI,2015,14.3,11.2,Africa,2022
Burundi,BDI,2020,12,11.2,Africa,2022
Burundi,BDI,2021,11.6,11.2,Africa,2022
Burundi,BDI,2022,11.2,11.2,Africa,
Burundi,BDI,2023,,11.2,Africa,2022
Cambodia,KHM,2000,42,17.2,Asia,2022
Cambodia,KHM,2005,34.4,17.2,Asia,2022
Cambodia,KHM,2007,31.5,17.2,Asia,2022
Cambodia,KHM,2010,28,17.2,Asia,2022
Cambodia,KHM,2015,22.7,17.2,Asia,2022
Cambodia,KHM,2020,18.6,17.2,Asia,2022
Cambodia,KHM,2021,18,17.2,Asia,2022
Cambodia,KHM,2022,17.2,17.2,Asia,
Cambodia,KHM,2023,,17.2,Asia,2022
Cameroon,CMR,2000,15.9,6.5,Africa,2022
Cameroon,CMR,2005,12.8,6.5,Africa,2022
Cameroon,CMR,2007,11.7,6.5,Africa,2022
Cameroon,CMR,2010,10.4,6.5,Africa,2022
Cameroon,CMR,2015,8.5,6.5,Africa,2022
Cameroon,CMR,2020,7,6.5,Africa,2022
Cameroon,CMR,2021,6.7,6.5,Africa,2022
Cameroon,CMR,2022,6.5,6.5,Africa,
Cameroon,CMR,2023,,6.5,Africa,2022
Canada,CAN,2000,28.7,12,North America,2022
Canada,CAN,2005,23.5,12,North America,2022
Canada,CAN,2007,21.6,12,North America,2022
Canada,CAN,2010,19.3,12,North America,2022
Canada,CAN,2015,15.8,12,North America,2022
Canada,CAN,2020,13,12,North America,2022
Canada,CAN,2021,12.5,12,North America,2022
Canada,CAN,2022,12,12,North America,
Canada,CAN,2023,,12,North America,2022
Cape Verde,CPV,2000,20.1,11,Africa,2022
Cape Verde,CPV,2005,17.4,11,Africa,2022
Cape Verde,CPV,2007,16.3,11,Africa,2022
Cape Verde,CPV,2010,15.1,11,Africa,2022
Cape Verde,CPV,2015,13.2,11,Africa,2022
Cape Verde,CPV,2020,11.6,11,Africa,2022
Cape Verde,CPV,2021,11.2,11,Africa,2022
Cape Verde,CPV,2022,11,11,Africa,
Cape Verde,CPV,2023,,11,Africa,2022
Chad,TCD,2000,10.9,7.4,Africa,2022
Chad,TCD,2005,9.9,7.4,Africa,2022
Chad,TCD,2007,9.5,7.4,Africa,2022
Chad,TCD,2010,9,7.4,Africa,2022
Chad,TCD,2015,8.3,7.4,Africa,2022
Chad,TCD,2020,7.7,7.4,Africa,2022
Chad,TCD,2021,7.5,7.4,Africa,2022
Chad,TCD,2022,7.4,7.4,Africa,
Chad,TCD,2023,,7.4,Africa,2022
Chile,CHL,2000,46.9,28.7,South America,2022
Chile,CHL,2005,41.9,28.7,South America,2022
Chile,CHL,2007,40.1,28.7,South America,2022
Chile,CHL,2010,37.5,28.7,South America,2022
Chile,CHL,2015,33.6,28.7,South America,2022
Chile,CHL,2020,30.1,28.7,South America,2022
Chile,CHL,2021,29.5,28.7,South America,2022
Chile,CHL,2022,28.7,28.7,South America,
Chile,CHL,2023,,28.7,South America,2022
China,CHN,2000,27,23.4,Asia,2022
China,CHN,2005,26,23.4,Asia,2022
China,CHN,2007,25.6,23.4,Asia,2022
China,CHN,2010,25.2,23.4,Asia,2022
China,CHN,2015,24.4,23.4,Asia,2022
China,CHN,2020,23.7,23.4,Asia,2022
China,CHN,2021,23.4,23.4,Asia,2022
China,CHN,2022,23.4,23.4,Asia,
China,CHN,2023,,23.4,Asia,2022
Colombia,COL,2000,15.7,8.2,South America,2022
Colombia,COL,2005,13.4,8.2,South America,2022
Colombia,COL,2007,12.6,8.2,South America,2022
Colombia,COL,2010,11.5,8.2,South America,2022
Colombia,COL,2015,9.9,8.2,South America,2022
Colombia,COL,2020,8.6,8.2,South America,2022
Colombia,COL,2021,8.4,8.2,South America,2022
Colombia,COL,2022,8.2,8.2,South America,
Colombia,COL,2023,,8.2,South America,2022
Comoros,COM,2000,50.2,17.2,Africa,2022
Comoros,COM,2005,37,17.2,Africa,2022
Comoros,COM,2007,33.2,17.2,Africa,2022
Comoros,COM,2010,28.3,17.2,Africa,2022
Comoros,COM,2015,22.5,17.2,Africa,2022
Comoros,COM,2020,18.5,17.2,Africa,2022
Comoros,COM,2021,17.8,17.2,Africa,2022
Comoros,COM,2022,17.2,17.2,Africa,
Comoros,COM,2023,,17.2,Africa,2022
Congo,COG,2000,12.3,15.4,Africa,2022
Congo,COG,2005,12.6,15.4,Africa,2022
Congo,COG,2007,12.7,15.4,Africa,2022
Congo,COG,2010,13,15.4,Africa,2022
Congo,COG,2015,13.8,15.4,Africa,2022
Congo,COG,2020,14.9,15.4,Africa,2022
Congo,COG,2021,15.2,15.4,Africa,2022
Congo,COG,2022,15.4,15.4,Africa,
Congo,COG,2023,,15.4,Africa,2022
Cook Islands,COK,2000,38.9,27,Oceania,2022
Cook Islands,COK,2005,35.8,27,Oceania,2022
Cook Islands,COK,2007,34.6,27,Oceania,2022
Cook Islands,COK,2010,32.9,27,Oceania,2022
Cook Islands,COK,2015,30.5,27,Oceania,2022
Cook Islands,COK,2020,27.9,27,Oceania,2022
Cook Islands,COK,2021,27.4,27,Oceania,2022
Cook Islands,COK,2022,27,27,Oceania,
Cook Islands,COK,2023,,27,Oceania,2022
Costa Rica,CRI,2000,17.3,8.9,North America,2022
Costa Rica,CRI,2005,14.9,8.9,North America,2022
Costa Rica,CRI,2007,14,8.9,North America,2022
Costa Rica,CRI,2010,12.7,8.9,North America,2022
Costa Rica,CRI,2015,10.9,8.9,North America,2022
Costa Rica,CRI,2020,9.4,8.9,North America,2022
Costa Rica,CRI,2021,9.1,8.9,North America,2022
Costa Rica,CRI,2022,8.9,8.9,North America,
Costa Rica,CRI,2023,,8.9,North America,2022
Cote d'Ivoire,CIV,2000,20.7,8.8,Africa,2022
Cote d'Ivoire,CIV,2005,16.7,8.8,Africa,2022
Cote d'Ivoire,CIV,2007,15.4,8.8,Africa,2022
Cote d'Ivoire,CIV,2010,13.7,8.8,Africa,2022
Cote d'Ivoire,CIV,2015,11.4,8.8,Africa,2022
Cote d'Ivoire,CIV,2020,9.4,8.8,Africa,2022
Cote d'Ivoire,CIV,2021,9.1,8.8,Africa,2022
Cote d'Ivoire,CIV,2022,8.8,8.8,Africa,
Cote d'Ivoire,CIV,2023,,8.8,Africa,2022
Croatia,HRV,2000,34.8,37,Europe,2022
Croatia,HRV,2005,35.1,37,Europe,2022
Croatia,HRV,2007,35.3,37,Europe,2022
Croatia,HRV,2010,35.5,37,Europe,2022
Croatia,HRV,2015,36.1,37,Europe,2022
Croatia,HRV,2020,36.7,37,Europe,2022
Croatia,HRV,2021,36.8,37,Europe,2022
Croatia,HRV,2022,37,37,Europe,
Croatia,HRV,2023,,37,Europe,2022
Cuba,CUB,2000,39.6,17.4,North America,2022
Cuba,CUB,2005,32.6,17.4,North America,2022
Cuba,CUB,2007,30.3,17.4,North America,2022
Cuba,CUB,2010,27.1,17.4,North America,2022
Cuba,CUB,2015,22.5,17.4,North America,2022
Cuba,CUB,2020,18.7,17.4,North America,2022
Cuba,CUB,2021,18.1,17.4,North America,2022
Cuba,CUB,2022,17.4,17.4,North America,
Cuba,CUB,2023,,17.4,North America,2022
Cyprus,CYP,2000,42.4,35.6,Europe,2022
Cyprus,CYP,2005,40.3,35.6,Europe,2022
Cyprus,CYP,2007,39.7,35.6,Europe,2022
Cyprus,CYP,2010,38.6,35.6,Europe,2022
Cyprus,CYP,2015,37.1,35.6,Europe,2022
Cyprus,CYP,2020,35.9,35.6,Europe,2022
Cyprus,CYP,2021,35.8,35.6,Europe,2022
Cyprus,CYP,2022,35.6,35.6,Europe,
Cyprus,CYP,2023,,35.6,Europe,2022
Czechia,CZE,2000,34.9,29.9,Europe,2022
Czechia,CZE,2005,33.7,29.9,Europe,2022
Czechia,CZE,2007,33.3,29.9,Europe,2022
Czechia,CZE,2010,32.5,29.9,Europe,2022
Czechia,CZE,2015,31.4,29.9,Europe,2022
Czechia,CZE,2020,30.4,29.9,Europe,2022
Czechia,CZE,2021,30.3,29.9,Europe,2022
Czechia,CZE,2022,29.9,29.9,Europe,
Czechia,CZE,2023,,29.9,Europe,2022
Democratic Republic of Congo,COD,2000,22.2,12.2,Africa,2022
Democratic Republic of Congo,COD,2005,19,12.2,Africa,2022
Democratic Republic of Congo,COD,2007,17.8,12.2,Africa,2022
Democratic Republic of Congo,COD,2010,16.4,12.2,Africa,2022
Democratic Republic of Congo,COD,2015,14.3,12.2,Africa,2022
Democratic Republic of Congo,COD,2020,12.7,12.2,Africa,2022
Democratic Republic of Congo,COD,2021,12.4,12.2,Africa,2022
Democratic Republic of Congo,COD,2022,12.2,12.2,Africa,
Democratic Republic of Congo,COD,2023,,12.2,Africa,2022
Denmark,DNK,2000,37.8,16.2,Europe,2022
Denmark,DNK,2005,31.2,16.2,Europe,2022
Denmark,DNK,2007,28.9,16.2,Europe,2022
Denmark,DNK,2010,25.7,16.2,Europe,2022
Denmark,DNK,2015,21.2,16.2,Europe,2022
Denmark,DNK,2020,17.5,16.2,Europe,2022
Denmark,DNK,2021,16.8,16.2,Europe,2022
Denmark,DNK,2022,16.2,16.2,Europe,
Denmark,DNK,2023,,16.2,Europe,2022
Dominican Republic,DOM,2000,18.8,10.5,North America,2022
Dominican Republic,DOM,2005,16.4,10.5,North America,2022
Dominican Republic,DOM,2007,15.5,10.5,North America,2022
Dominican Republic,DOM,2010,14.3,10.5,North America,2022
Dominican Republic,DOM,2015,12.5,10.5,North America,2022
Dominican Republic,DOM,2020,11,10.5,North America,2022
Dominican Republic,DOM,2021,10.7,10.5,North America,2022
Dominican Republic,DOM,2022,10.5,10.5,North America,
Dominican Republic,DOM,2023,,10.5,North America,2022
East Timor,TLS,2000,52.8,38.7,Asia,2022
East Timor,TLS,2005,49.6,38.7,Asia,2022
East Timor,TLS,2007,48.2,38.7,Asia,2022
East Timor,TLS,2010,46.2,38.7,Asia,2022
East Timor,TLS,2015,43,38.7,Asia,2022
East Timor,TLS,2020,39.9,38.7,Asia,2022
East Timor,TLS,2021,39.3,38.7,Asia,2022
East Timor,TLS,2022,38.7,38.7,Asia,
East Timor,TLS,2023,,38.7,Asia,2022
Ecuador,ECU,2000,14.5,10.2,South America,2022
Ecuador,ECU,2005,13.3,10.2,South America,2022
Ecuador,ECU,2007,12.8,10.2,South America,2022
Ecuador,ECU,2010,12.2,10.2,South America,2022
Ecuador,ECU,2015,11.3,10.2,South America,2022
Ecuador,ECU,2020,10.5,10.2,South America,2022
Ecuador,ECU,2021,10.3,10.2,South America,2022
Ecuador,ECU,2022,10.2,10.2,South America,
Ecuador,ECU,2023,,10.2,South America,2022
Egypt,EGY,2000,19.4,24.7,Africa,2022
Egypt,EGY,2005,20.5,24.7,Africa,2022
Egypt,EGY,2007,21,24.7,Africa,2022
Egypt,EGY,2010,21.6,24.7,Africa,2022
Egypt,EGY,2015,22.8,24.7,Africa,2022
Egypt,EGY,2020,24.2,24.7,Africa,2022
Egypt,EGY,2021,24.5,24.7,Africa,2022
Egypt,EGY,2022,24.7,24.7,Africa,
Egypt,EGY,2023,,24.7,Africa,2022
El Salvador,SLV,2000,15.5,8.9,North America,2022
El Salvador,SLV,2005,13.6,8.9,North America,2022
El Salvador,SLV,2007,12.9,8.9,North America,2022
El Salvador,SLV,2010,11.9,8.9,North America,2022
El Salvador,SLV,2015,10.5,8.9,North America,2022
El Salvador,SLV,2020,9.3,8.9,North America,2022
El Salvador,SLV,2021,9.1,8.9,North America,2022
El Salvador,SLV,2022,8.9,8.9,North America,
El Salvador,SLV,2023,,8.9,North America,2022
Estonia,EST,2000,47.6,28.3,Europe,2022
Estonia,EST,2005,42.1,28.3,Europe,2022
Estonia,EST,2007,40.3,28.3,Europe,2022
Estonia,EST,2010,37.3,28.3,Europe,2022
Estonia,EST,2015,33.3,28.3,Europe,2022
Estonia,EST,2020,29.6,28.3,Europe,2022
Estonia,EST,2021,28.9,28.3,Europe,2022
Estonia,EST,2022,28.3,28.3,Europe,
Estonia,EST,2023,,28.3,Europe,2022
Eswatini,SWZ,2000,12.6,9.5,Africa,2022
Eswatini,SWZ,2005,11.5,9.5,Africa,2022
Eswatini,SWZ,2007,11.2,9.5,Africa,2022
Eswatini,SWZ,2010,10.8,9.5,Africa,2022
Eswatini,SWZ,2015,10.2,9.5,Africa,2022
Eswatini,SWZ,2020,9.7,9.5,Africa,2022
Eswatini,SWZ,2021,9.6,9.5,Africa,2022
Eswatini,SWZ,2022,9.5,9.5,Africa,
Eswatini,SWZ,2023,,9.5,Africa,2022
Ethiopia,ETH,2000,6.3,5.2,Africa,2022
Ethiopia,ETH,2005,6,5.2,Africa,2022
Ethiopia,ETH,2007,5.9,5.2,Africa,2022
Ethiopia,ETH,2010,5.8,5.2,Africa,2022
Ethiopia,ETH,2015,5.5,5.2,Africa,2022
Ethiopia,ETH,2020,5.3,5.2,Africa,2022
Ethiopia,ETH,2021,5.3,5.2,Africa,2022
Ethiopia,ETH,2022,5.2,5.2,Africa,
Ethiopia,ETH,2023,,5.2,Africa,2022
Europe,OWID_EUR,2000,35.55578,25.85773,,2022
Europe,OWID_EUR,2005,32.797085,25.85773,,2022
Europe,OWID_EUR,2007,31.843992,25.85773,,2022
Europe,OWID_EUR,2010,30.419937,25.85773,,2022
Europe,OWID_EUR,2015,28.306425,25.85773,,2022
Europe,OWID_EUR,2020,26.523903,25.85773,,2022
Europe,OWID_EUR,2021,26.175999,25.85773,,2022
Europe,OWID_EUR,2022,25.85773,25.85773,,
Fiji,FJI,2000,33.2,27.6,Oceania,2022
Fiji,FJI,2005,31.8,27.6,Oceania,2022
Fiji,FJI,2007,31.2,27.6,Oceania,2022
Fiji,FJI,2010,30.4,27.6,Oceania,2022
Fiji,FJI,2015,29.2,27.6,Oceania,2022
Fiji,FJI,2020,28,27.6,Oceania,2022
Fiji,FJI,2021,27.9,27.6,Oceania,2022
Fiji,FJI,2022,27.6,27.6,Oceania,
Fiji,FJI,2023,,27.6,Oceania,2022
Finland,FIN,2000,38.7,22.3,Europe,2022
Finland,FIN,2005,34.1,22.3,Europe,2022
Finland,FIN,2007,32.5,22.3,Europe,2022
Finland,FIN,2010,30.2,22.3,Europe,2022
Finland,FIN,2015,26.5,22.3,Europe,2022
Finland,FIN,2020,23.4,22.3,Europe,2022
Finland,FIN,2021,22.8,22.3,Europe,2022
Finland,FIN,2022,22.3,22.3,Europe,
Finland,FIN,2023,,22.3,Europe,2022
France,FRA,2000,34.7,34.6,Europe,2022
France,FRA,2005,34.5,34.6,Europe,2022
France,FRA,2007,34.5,34.6,Europe,2022
France,FRA,2010,34.4,34.6,Europe,2022
France,FRA,2015,34.5,34.6,Europe,2022
France,FRA,2020,34.5,34.6,Europe,2022
France,FRA,2021,34.5,34.6,Europe,2022
France,FRA,2022,34.6,34.6,Europe,
France,FRA,2023,,34.6,Europe,2022
Gambia,GMB,2000,23.6,10.5,Africa,2022
Gambia,GMB,2005,19.5,10.5,Africa,2022
Gambia,GMB,2007,18,10.5,Africa,2022
Gambia,GMB,2010,16,10.5,Africa,2022
Gambia,GMB,2015,13.4,10.5,Africa,2022
Gambia,GMB,2020,11.2,10.5,Africa,2022
Gambia,GMB,2021,10.8,10.5,Africa,2022
Gambia,GMB,2022,10.5,10.5,Africa,
Gambia,GMB,2023,,10.5,Africa,2022
Georgia,GEO,2000,33.3,31.8,Asia,2022
Georgia,GEO,2005,32.8,31.8,Asia,2022
Georgia,GEO,2007,32.7,31.8,Asia,2022
Georgia,GEO,2010,32.4,31.8,Asia,2022
Georgia,GEO,2015,32,31.8,Asia,2022
Georgia,GEO,2020,31.9,31.8,Asia,2022
Georgia,GEO,2021,31.8,31.8,Asia,2022
Georgia,GEO,2022,31.8,31.8,Asia,
Georgia,GEO,2023,,31.8,Asia,2022
Germany,DEU,2000,36.2,21.3,Europe,2022
Germany,DEU,2005,32.1,21.3,Europe,2022
Germany,DEU,2007,30.6,21.3,Europe,2022
Germany,DEU,2010,28.5,21.3,Europe,2022
Germany,DEU,2015,25.1,21.3,Europe,2022
Germany,DEU,2020,22.4,21.3,Europe,2022
Germany,DEU,2021,21.7,21.3,Europe,2022
Germany,DEU,2022,21.3,21.3,Europe,
Germany,DEU,2023,,21.3,Europe,2022
Ghana,GHA,2000,7.1,3.4,Africa,2022
Ghana,GHA,2005,6,3.4,Africa,2022
Ghana,GHA,2007,5.6,3.4,Africa,2022
Ghana,GHA,2010,5.1,3.4,Africa,2022
Ghana,GHA,2015,4.3,3.4,Africa,2022
Ghana,GHA,2020,3.6,3.4,Africa,2022
Ghana,GHA,2021,3.5,3.4,Africa,2022
Ghana,GHA,2022,3.4,3.4,Africa,
Ghana,GHA,2023,,3.4,Africa,2022
Greece,GRC,2000,55.8,32.8,Europe,2022
Greece,GRC,2005,49.1,32.8,Europe,2022
Greece,GRC,2007,46.7,32.8,Europe,2022
Greece,GRC,2010,43.2,32.8,Europe,2022
Greece,GRC,2015,38.4,32.8,Europe,2022
Greece,GRC,2020,34.2,32.8,Europe,2022
Greece,GRC,2021,33.3,32.8,Europe,2022
Greece,GRC,2022,32.8,32.8,Europe,
Greece,GRC,2023,,32.8,Europe,2022
Guatemala,GTM,2000,14.1,11.9,North America,2022
Guatemala,GTM,2005,13.4,11.9,North America,2022
Guatemala,GTM,2007,13.2,11.9,North America,2022
Guatemala,GTM,2010,13,11.9,North America,2022
Guatemala,GTM,2015,12.5,11.9,North America,2022
Guatemala,GTM,2020,12.1,11.9,North America,2022
Guatemala,GTM,2021,12,11.9,North America,2022
Guatemala,GTM,2022,11.9,11.9,North America,
Guatemala,GTM,2023,,11.9,North America,2022
Guinea-Bissau,GNB,2000,21,8.2,Africa,2022
Guinea-Bissau,GNB,2005,16.8,8.2,Africa,2022
Guinea-Bissau,GNB,2007,15.3,8.2,Africa,2022
Guinea-Bissau,GNB,2010,13.4,8.2,Africa,2022
Guinea-Bissau,GNB,2015,10.9,8.2,Africa,2022
Guinea-Bissau,GNB,2020,8.9,8.2,Africa,2022
Guinea-Bissau,GNB,2021,8.6,8.2,Africa,2022
Guinea-Bissau,GNB,2022,8.2,8.2,Africa,
Guinea-Bissau,GNB,2023,,8.2,Africa,2022
Guyana,GUY,2000,31.3,11.1,South America,2022
Guyana,GUY,2005,24.6,11.1,South America,2022
Guyana,GUY,2007,22.4,11.1,South America,2022
Guyana,GUY,2010,19.4,11.1,South America,2022
Guyana,GUY,2015,15.3,11.1,South America,2022
Guyana,GUY,2020,12.2,11.1,South America,2022
Guyana,GUY,2021,11.7,11.1,South America,2022
Guyana,GUY,2022,11.1,11.1,South America,
Guyana,GUY,2023,,11.1,South America,2022
Haiti,HTI,2000,11.4,8.1,North America,2022
Haiti,HTI,2005,10.4,8.1,North America,2022
Haiti,HTI,2007,10.1,8.1,North America,2022
Haiti,HTI,2010,9.6,8.1,North America,2022
Haiti,HTI,2015,8.9,8.1,North America,2022
Haiti,HTI,2020,8.3,8.1,North America,2022
Haiti,HTI,2021,8.2,8.1,North America,2022
Haiti,HTI,2022,8.1,8.1,North America,
Haiti,HTI,2023,,8.1,North America,2022
High-income countries,OWID_HIC,2000,33.418545,23.174751,,2022
High-income countries,OWID_HIC,2005,30.486822,23.174751,,2022
High-income countries,OWID_HIC,2007,29.46983,23.174751,,2022
High-income countries,OWID_HIC,2010,27.947836,23.174751,,2022
High-income countries,OWID_HIC,2015,25.699074,23.174751,,2022
High-income countries,OWID_HIC,2020,23.877121,23.174751,,2022
High-income countries,OWID_HIC,2021,23.532843,23.174751,,2022
High-income countries,OWID_HIC,2022,23.174751,23.174751,,
Honduras,HND,2000,17.2,12.3,North America,2022
Honduras,HND,2005,15.8,12.3,North America,2022
Honduras,HND,2007,15.3,12.3,North America,2022
Honduras,HND,2010,14.6,12.3,North America,2022
Honduras,HND,2015,13.5,12.3,North America,2022
Honduras,HND,2020,12.7,12.3,North America,2022
Honduras,HND,2021,12.5,12.3,North America,2022
Honduras,HND,2022,12.3,12.3,North America,
Honduras,HND,2023,,12.3,North America,2022
Hungary,HUN,2000,37.5,32.2,Europe,2022
Hungary,HUN,2005,36.1,32.2,Europe,2022
Hungary,HUN,2007,35.6,32.2,Europe,2022
Hungary,HUN,2010,34.9,32.2,Europe,2022
Hungary,HUN,2015,33.8,32.2,Europe,2022
Hungary,HUN,2020,32.6,32.2,Europe,2022
Hungary,HUN,2021,32.4,32.2,Europe,2022
Hungary,HUN,2022,32.2,32.2,Europe,
Hungary,HUN,2023,,32.2,Europe,2022
Iceland,ISL,2000,32.2,9.4,Europe,2022
Iceland,ISL,2005,24.2,9.4,Europe,2022
Iceland,ISL,2007,21.7,9.4,Europe,2022
Iceland,ISL,2010,18.3,9.4,Europe,2022
Iceland,ISL,2015,13.8,9.4,Europe,2022
Iceland,ISL,2020,10.5,9.4,Europe,2022
Iceland,ISL,2021,9.9,9.4,Europe,2022
Iceland,ISL,2022,9.4,9.4,Europe,
Iceland,ISL,2023,,9.4,Europe,2022
India,IND,2000,55.8,24.3,Asia,2022
India,IND,2005,46.6,24.3,Asia,2022
India,IND,2007,43.1,24.3,Asia,2022
India,IND,2010,38.3,24.3,Asia,2022
India,IND,2015,31.5,24.3,Asia,2022
India,IND,2020,26.1,24.3,Asia,2022
India,IND,2021,25.2,24.3,Asia,2022
India,IND,2022,24.3,24.3,Asia,
India,IND,2023,,24.3,Asia,2022
Indonesia,IDN,2000,35.2,38.2,Asia,2022
Indonesia,IDN,2005,35.5,38.2,Asia,2022
Indonesia,IDN,2007,35.8,38.2,Asia,2022
Indonesia,IDN,2010,36.2,38.2,Asia,2022
Indonesia,IDN,2015,37.1,38.2,Asia,2022
Indonesia,IDN,2020,37.8,38.2,Asia,2022
Indonesia,IDN,2021,37.9,38.2,Asia,2022
Indonesia,IDN,2022,38.2,38.2,Asia,
Indonesia,IDN,2023,,38.2,Asia,2022
Iran,IRN,2000,22,13.3,Asia,2022
Iran,IRN,2005,19.5,13.3,Asia,2022
Iran,IRN,2007,18.6,13.3,Asia,2022
Iran,IRN,2010,17.3,13.3,Asia,2022
Iran,IRN,2015,15.5,13.3,Asia,2022
Iran,IRN,2020,13.9,13.3,Asia,2022
Iran,IRN,2021,13.6,13.3,Asia,2022
Iran,IRN,2022,13.3,13.3,Asia,
Iran,IRN,2023,,13.3,Asia,2022
Iraq,IRQ,2000,22.3,19.2,Asia,2022
Iraq,IRQ,2005,20.9,19.2,Asia,2022
Iraq,IRQ,2007,20.6,19.2,Asia,2022
Iraq,IRQ,2010,20.1,19.2,Asia,2022
Iraq,IRQ,2015,19.5,19.2,Asia,2022
Iraq,IRQ,2020,19.2,19.2,Asia,2022
Iraq,IRQ,2021,19.3,19.2,Asia,2022
Iraq,IRQ,2022,19.2,19.2,Asia,
Iraq,IRQ,2023,,19.2,Asia,2022
Ireland,IRL,2000,35.7,19.3,Europe,2022
Ireland,IRL,2005,30.9,19.3,Europe,2022
Ireland,IRL,2007,29.2,19.3,Europe,2022
Ireland,IRL,2010,26.8,19.3,Europe,2022
Ireland,IRL,2015,23.4,19.3,Europe,2022
Ireland,IRL,2020,20.4,19.3,Europe,2022
Ireland,IRL,2021,19.8,19.3,Europe,2022
Ireland,IRL,2022,19.3,19.3,Europe,
Ireland,IRL,2023,,19.3,Europe,2022
Israel,ISR,2000,31.2,20.4,Asia,2022
Israel,ISR,2005,28.2,20.4,Asia,2022
Israel,ISR,2007,27.1,20.4,Asia,2022
Israel,ISR,2010,25.7,20.4,Asia,2022
Israel,ISR,2015,23.2,20.4,Asia,2022
Israel,ISR,2020,21.2,20.4,Asia,2022
Israel,ISR,2021,20.7,20.4,Asia,2022
Israel,ISR,2022,20.4,20.4,Asia,
Israel,ISR,2023,,20.4,Asia,2022
Italy,ITA,2000,26.1,22.4,Europe,2022
Italy,ITA,2005,25.2,22.4,Europe,2022
Italy,ITA,2007,24.8,22.4,Europe,2022
Italy,ITA,2010,24.4,22.4,Europe,2022
Italy,ITA,2015,23.5,22.4,Europe,2022
Italy,ITA,2020,22.7,22.4,Europe,2022
Italy,ITA,2021,22.6,22.4,Europe,2022
Italy,ITA,2022,22.4,22.4,Europe,
Italy,ITA,2023,,22.4,Europe,2022
Jamaica,JAM,2000,17.1,9.7,North America,2022
Jamaica,JAM,2005,14.9,9.7,North America,2022
Jamaica,JAM,2007,14.1,9.7,North America,2022
Jamaica,JAM,2010,13,9.7,North America,2022
Jamaica,JAM,2015,11.5,9.7,North America,2022
Jamaica,JAM,2020,10.1,9.7,North America,2022
Jamaica,JAM,2021,9.9,9.7,North America,2022
Jamaica,JAM,2022,9.7,9.7,North America,
Jamaica,JAM,2023,,9.7,North America,2022
Japan,JPN,2000,33.6,19.2,Asia,2022
Japan,JPN,2005,29.4,19.2,Asia,2022
Japan,JPN,2007,27.9,19.2,Asia,2022
Japan,JPN,2010,25.9,19.2,Asia,2022
Japan,JPN,2015,22.8,19.2,Asia,2022
Japan,JPN,2020,20.2,19.2,Asia,2022
Japan,JPN,2021,19.6,19.2,Asia,2022
Japan,JPN,2022,19.2,19.2,Asia,
Japan,JPN,2023,,19.2,Asia,2022
Jordan,JOR,2000,31.5,35.6,Asia,2022
Jordan,JOR,2005,32.3,35.6,Asia,2022
Jordan,JOR,2007,32.6,35.6,Asia,2022
Jordan,JOR,2010,33.1,35.6,Asia,2022
Jordan,JOR,2015,34.1,35.6,Asia,2022
Jordan,JOR,2020,35.1,35.6,Asia,2022
Jordan,JOR,2021,35.3,35.6,Asia,2022
Jordan,JOR,2022,35.6,35.6,Asia,
Jordan,JOR,2023,,35.6,Asia,2022
Kazakhstan,KAZ,2000,35.1,22.2,Asia,2022
Kazakhstan,KAZ,2005,31.6,22.2,Asia,2022
Kazakhstan,KAZ,2007,30.2,22.2,Asia,2022
Kazakhstan,KAZ,2010,28.4,22.2,Asia,2022
Kazakhstan,KAZ,2015,25.7,22.2,Asia,2022
Kazakhstan,KAZ,2020,23.1,22.2,Asia,2022
Kazakhstan,KAZ,2021,22.7,22.2,Asia,2022
Kazakhstan,KAZ,2022,22.2,22.2,Asia,
Kazakhstan,KAZ,2023,,22.2,Asia,2022
Kenya,KEN,2000,19.5,10.7,Africa,2022
Kenya,KEN,2005,16.9,10.7,Africa,2022
Kenya,KEN,2007,15.9,10.7,Africa,2022
Kenya,KEN,2010,14.7,10.7,Africa,2022
Kenya,KEN,2015,12.8,10.7,Africa,2022
Kenya,KEN,2020,11.3,10.7,Africa,2022
Kenya,KEN,2021,11,10.7,Africa,2022
Kenya,KEN,2022,10.7,10.7,Africa,
Kenya,KEN,2023,,10.7,Africa,2022
Kiribati,KIR,2000,68,39.7,Oceania,2022
Kiribati,KIR,2005,60.5,39.7,Oceania,2022
Kiribati,KIR,2007,57.4,39.7,Oceania,2022
Kiribati,KIR,2010,53.4,39.7,Oceania,2022
Kiribati,KIR,2015,47.1,39.7,Oceania,2022
Kiribati,KIR,2020,41.6,39.7,Oceania,2022
Kiribati,KIR,2021,40.7,39.7,Oceania,2022
Kiribati,KIR,2022,39.7,39.7,Oceania,
Kiribati,KIR,2023,,39.7,Oceania,2022
Kuwait,KWT,2000,21.1,19.9,Asia,2022
Kuwait,KWT,2005,20.5,19.9,Asia,2022
Kuwait,KWT,2007,20.3,19.9,Asia,2022
Kuwait,KWT,2010,20.1,19.9,Asia,2022
Kuwait,KWT,2015,19.9,19.9,Asia,2022
Kuwait,KWT,2020,19.9,19.9,Asia,2022
Kuwait,KWT,2021,19.9,19.9,Asia,2022
Kuwait,KWT,2022,19.9,19.9,Asia,
Kuwait,KWT,2023,,19.9,Asia,2022
Kyrgyzstan,KGZ,2000,30.9,27.3,Asia,2022
Kyrgyzstan,KGZ,2005,29.6,27.3,Asia,2022
Kyrgyzstan,KGZ,2007,29.3,27.3,Asia,2022
Kyrgyzstan,KGZ,2010,28.7,27.3,Asia,2022
Kyrgyzstan,KGZ,2015,28,27.3,Asia,2022
Kyrgyzstan,KGZ,2020,27.5,27.3,Asia,2022
Kyrgyzstan,KGZ,2021,27.4,27.3,Asia,2022
Kyrgyzstan,KGZ,2022,27.3,27.3,Asia,
Kyrgyzstan,KGZ,2023,,27.3,Asia,2022
Laos,LAO,2000,51.8,27.2,Asia,2022
Laos,LAO,2005,44.2,27.2,Asia,2022
Laos,LAO,2007,41.5,27.2,Asia,2022
Laos,LAO,2010,38,27.2,Asia,2022
Laos,LAO,2015,32.8,27.2,Asia,2022
Laos,LAO,2020,28.7,27.2,Asia,2022
Laos,LAO,2021,27.8,27.2,Asia,2022
Laos,LAO,2022,27.2,27.2,Asia,
Laos,LAO,2023,,27.2,Asia,2022
Latvia,LVA,2000,45.4,33.9,Europe,2022
Latvia,LVA,2005,42.4,33.9,Europe,2022
Latvia,LVA,2007,41.3,33.9,Europe,2022
Latvia,LVA,2010,39.6,33.9,Europe,2022
Latvia,LVA,2015,37.1,33.9,Europe,2022
Latvia,LVA,2020,34.7,33.9,Europe,2022
Latvia,LVA,2021,34.3,33.9,Europe,2022
Latvia,LVA,2022,33.9,33.9,Europe,
Latvia,LVA,2023,,33.9,Europe,2022
Lebanon,LBN,2000,36.4,34.3,Asia,2022
Lebanon,LBN,2005,35.6,34.3,Asia,2022
Lebanon,LBN,2007,35.6,34.3,Asia,2022
Lebanon,LBN,2010,35.1,34.3,Asia,2022
Lebanon,LBN,2015,34.7,34.3,Asia,2022
Lebanon,LBN,2020,34.4,34.3,Asia,2022
Lebanon,LBN,2021,34.3,34.3,Asia,2022
Lebanon,LBN,2022,34.3,34.3,Asia,
Lebanon,LBN,2023,,34.3,Asia,2022
Lesotho,LSO,2000,32,24.3,Africa,2022
Lesotho,LSO,2005,29.4,24.3,Africa,2022
Lesotho,LSO,2007,28.5,24.3,Africa,2022
Lesotho,LSO,2010,27.5,24.3,Africa,2022
Lesotho,LSO,2015,26,24.3,Africa,2022
Lesotho,LSO,2020,25,24.3,Africa,2022
Lesotho,LSO,2021,24.7,24.3,Africa,2022
Lesotho,LSO,2022,24.3,24.3,Africa,
Lesotho,LSO,2023,,24.3,Africa,2022
Liberia,LBR,2000,17.5,8.2,Africa,2022
Liberia,LBR,2005,14.6,8.2,Africa,2022
Liberia,LBR,2007,13.6,8.2,Africa,2022
Liberia,LBR,2010,12.3,8.2,Africa,2022
Liberia,LBR,2015,10.3,8.2,Africa,2022
Liberia,LBR,2020,8.8,8.2,Africa,2022
Liberia,LBR,2021,8.5,8.2,Africa,2022
Liberia,LBR,2022,8.2,8.2,Africa,
Liberia,LBR,2023,,8.2,Africa,2022
Lithuania,LTU,2000,42.9,31.4,Europe,2022
Lithuania,LTU,2005,39.9,31.4,Europe,2022
Lithuania,LTU,2007,38.7,31.4,Europe,2022
Lithuania,LTU,2010,37.1,31.4,Europe,2022
Lithuania,LTU,2015,34.6,31.4,Europe,2022
Lithuania,LTU,2020,32.3,31.4,Europe,2022
Lithuania,LTU,2021,31.8,31.4,Europe,2022
Lithuania,LTU,2022,31.4,31.4,Europe,
Lithuania,LTU,2023,,31.4,Europe,2022
Low-income countries,OWID_LIC,2000,22.65603,12.073063,,2022
Low-income countries,OWID_LIC,2005,19.301107,12.073063,,2022
Low-income countries,OWID_LIC,2007,18.14448,12.073063,,2022
Low-income countries,OWID_LIC,2010,16.622078,12.073063,,2022
Low-income countries,OWID_LIC,2015,14.446787,12.073063,,2022
Low-income countries,OWID_LIC,2020,12.688957,12.073063,,2022
Low-income countries,OWID_LIC,2021,12.388014,12.073063,,2022
Low-income countries,OWID_LIC,2022,12.073063,12.073063,,
Lower-middle-income countries,OWID_LMC,2000,45.227005,21.677168,,2022
Lower-middle-income countries,OWID_LMC,2005,38.308712,21.677168,,2022
Lower-middle-income countries,OWID_LMC,2007,35.723312,21.677168,,2022
Lower-middle-income countries,OWID_LMC,2010,32.135616,21.677168,,2022
Lower-middle-income countries,OWID_LMC,2015,27.136803,21.677168,,2022
Lower-middle-income countries,OWID_LMC,2020,23.071095,21.677168,,2022
Lower-middle-income countries,OWID_LMC,2021,22.37487,21.677168,,2022
Lower-middle-income countries,OWID_LMC,2022,21.677168,21.677168,,
Luxembourg,LUX,2000,29.8,23,Europe,2022
Luxembourg,LUX,2005,28.2,23,Europe,2022
Luxembourg,LUX,2007,27.5,23,Europe,2022
Luxembourg,LUX,2010,26.4,23,Europe,2022
Luxembourg,LUX,2015,24.9,23,Europe,2022
Luxembourg,LUX,2020,23.5,23,Europe,2022
Luxembourg,LUX,2021,23.3,23,Europe,2022
Luxembourg,LUX,2022,23,23,Europe,
Luxembourg,LUX,2023,,23,Europe,2022
Madagascar,MDG,2000,53.1,26.8,Africa,2022
Madagascar,MDG,2005,43.9,26.8,Africa,2022
Madagascar,MDG,2007,41,26.8,Africa,2022
Madagascar,MDG,2010,37,26.8,Africa,2022
Madagascar,MDG,2015,32.1,26.8,Africa,2022
Madagascar,MDG,2020,28.2,26.8,Africa,2022
Madagascar,MDG,2021,27.5,26.8,Africa,2022
Madagascar,MDG,2022,26.8,26.8,Africa,
Madagascar,MDG,2023,,26.8,Africa,2022
Malawi,MWI,2000,24.1,9.7,Africa,2022
Malawi,MWI,2005,19.4,9.7,Africa,2022
Malawi,MWI,2007,17.9,9.7,Africa,2022
Malawi,MWI,2010,15.8,9.7,Africa,2022
Malawi,MWI,2015,12.9,9.7,Africa,2022
Malawi,MWI,2020,10.5,9.7,Africa,2022
Malawi,MWI,2021,10.1,9.7,Africa,2022
Malawi,MWI,2022,9.7,9.7,Africa,
Malawi,MWI,2023,,9.7,Africa,2022
Malaysia,MYS,2000,30.8,22,Asia,2022
Malaysia,MYS,2005,28.2,22,Asia,2022
Malaysia,MYS,2007,27.2,22,Asia,2022
Malaysia,MYS,2010,26,22,Asia,2022
Malaysia,MYS,2015,24,22,Asia,2022
Malaysia,MYS,2020,22.6,22,Asia,2022
Malaysia,MYS,2021,22.2,22,Asia,2022
Malaysia,MYS,2022,22,22,Asia,
Malaysia,MYS,2023,,22,Asia,2022
Maldives,MDV,2000,42.4,26.3,Asia,2022
Maldives,MDV,2005,37.6,26.3,Asia,2022
Maldives,MDV,2007,36.1,26.3,Asia,2022
Maldives,MDV,2010,33.7,26.3,Asia,2022
Maldives,MDV,2015,30.3,26.3,Asia,2022
Maldives,MDV,2020,27.5,26.3,Asia,2022
Maldives,MDV,2021,26.9,26.3,Asia,2022
Maldives,MDV,2022,26.3,26.3,Asia,
Maldives,MDV,2023,,26.3,Asia,2022
Mali,MLI,2000,16.7,8,Africa,2022
Mali,MLI,2005,14,8,Africa,2022
Mali,MLI,2007,13.1,8,Africa,2022
Mali,MLI,2010,11.8,8,Africa,2022
Mali,MLI,2015,10,8,Africa,2022
Mali,MLI,2020,8.5,8,Africa,2022
Mali,MLI,2021,8.3,8,Africa,2022
Mali,MLI,2022,8,8,Africa,
Mali,MLI,2023,,8,Africa,2022
Malta,MLT,2000,33,24.7,Europe,2022
Malta,MLT,2005,30.7,24.7,Europe,2022
Malta,MLT,2007,30,24.7,Europe,2022
Malta,MLT,2010,28.8,24.7,Europe,2022
Malta,MLT,2015,26.8,24.7,Europe,2022
Malta,MLT,2020,25.4,24.7,Europe,2022
Malta,MLT,2021,25.1,24.7,Europe,2022
Malta,MLT,2022,24.7,24.7,Europe,
Malta,MLT,2023,,24.7,Europe,2022
Marshall Islands,MHL,2000,27.5,29.8,Oceania,2022
Marshall Islands,MHL,2005,27.8,29.8,Oceania,2022
Marshall Islands,MHL,2007,28.2,29.8,Oceania,2022
Marshall Islands,MHL,2010,28.5,29.8,Oceania,2022
Marshall Islands,MHL,2015,29.1,29.8,Oceania,2022
Marshall Islands,MHL,2020,29.6,29.8,Oceania,2022
Marshall Islands,MHL,2021,29.7,29.8,Oceania,2022
Marshall Islands,MHL,2022,29.8,29.8,Oceania,
Marshall Islands,MHL,2023,,29.8,Oceania,2022
Mauritania,MRT,2000,22,9.5,Africa,2022
Mauritania,MRT,2005,18.1,9.5,Africa,2022
Mauritania,MRT,2007,16.7,9.5,Africa,2022
Mauritania,MRT,2010,14.8,9.5,Africa,2022
Mauritania,MRT,2015,12.3,9.5,Africa,2022
Mauritania,MRT,2020,10.2,9.5,Africa,2022
Mauritania,MRT,2021,9.8,9.5,Africa,2022
Mauritania,MRT,2022,9.5,9.5,Africa,
Mauritania,MRT,2023,,9.5,Africa,2022
Mauritius,MUS,2000,25.4,20.9,Africa,2022
Mauritius,MUS,2005,24.1,20.9,Africa,2022
Mauritius,MUS,2007,23.7,20.9,Africa,2022
Mauritius,MUS,2010,23,20.9,Africa,2022
Mauritius,MUS,2015,22.1,20.9,Africa,2022
Mauritius,MUS,2020,21.3,20.9,Africa,2022
Mauritius,MUS,2021,21.1,20.9,Africa,2022
Mauritius,MUS,2022,20.9,20.9,Africa,
Mauritius,MUS,2023,,20.9,Africa,2022
Mexico,MEX,2000,22.7,14.9,North America,2022
Mexico,MEX,2005,20.6,14.9,North America,2022
Mexico,MEX,2007,19.9,14.9,North America,2022
Mexico,MEX,2010,18.7,14.9,North America,2022
Mexico,MEX,2015,17,14.9,North America,2022
Mexico,MEX,2020,15.5,14.9,North America,2022
Mexico,MEX,2021,15.2,14.9,North America,2022
Mexico,MEX,2022,14.9,14.9,North America,
Mexico,MEX,2023,,14.9,North America,2022
Moldova,MDA,2000,25.2,29.7,Europe,2022
Moldova,MDA,2005,26.1,29.7,Europe,2022
Moldova,MDA,2007,26.5,29.7,Europe,2022
Moldova,MDA,2010,27,29.7,Europe,2022
Moldova,MDA,2015,28.1,29.7,Europe,2022
Moldova,MDA,2020,29.2,29.7,Europe,2022
Moldova,MDA,2021,29.5,29.7,Europe,2022
Moldova,MDA,2022,29.7,29.7,Europe,
Moldova,MDA,2023,,29.7,Europe,2022
Mongolia,MNG,2000,33.2,29.5,Asia,2022
Mongolia,MNG,2005,32.2,29.5,Asia,2022
Mongolia,MNG,2007,31.8,29.5,Asia,2022
Mongolia,MNG,2010,31.3,29.5,Asia,2022
Mongolia,MNG,2015,30.5,29.5,Asia,2022
Mongolia,MNG,2020,30,29.5,Asia,2022
Mongolia,MNG,2021,29.6,29.5,Asia,2022
Mongolia,MNG,2022,29.5,29.5,Asia,
Mongolia,MNG,2023,,29.5,Asia,2022
Montenegro,MNE,2000,38.6,32,Europe,2022
Montenegro,MNE,2005,36.7,32,Europe,2022
Montenegro,MNE,2007,36.1,32,Europe,2022
Montenegro,MNE,2010,35.2,32,Europe,2022
Montenegro,MNE,2015,33.7,32,Europe,2022
Montenegro,MNE,2020,32.4,32,Europe,2022
Montenegro,MNE,2021,32.3,32,Europe,2022
Montenegro,MNE,2022,32,32,Europe,
Montenegro,MNE,2023,,32,Europe,2022
Morocco,MAR,2000,20.4,13,Africa,2022
Morocco,MAR,2005,18.3,13,Africa,2022
Morocco,MAR,2007,17.5,13,Africa,2022
Morocco,MAR,2010,16.5,13,Africa,2022
Morocco,MAR,2015,14.9,13,Africa,2022
Morocco,MAR,2020,13.5,13,Africa,2022
Morocco,MAR,2021,13.3,13,Africa,2022
Morocco,MAR,2022,13,13,Africa,
Morocco,MAR,2023,,13,Africa,2022
Myanmar,MMR,2000,65.4,44.4,Asia,2022
Myanmar,MMR,2005,60.5,44.4,Asia,2022
Myanmar,MMR,2007,58.2,44.4,Asia,2022
Myanmar,MMR,2010,54.8,44.4,Asia,2022
Myanmar,MMR,2015,50.2,44.4,Asia,2022
Myanmar,MMR,2020,45.9,44.4,Asia,2022
Myanmar,MMR,2021,45.1,44.4,Asia,2022
Myanmar,MMR,2022,44.4,44.4,Asia,
Myanmar,MMR,2023,,44.4,Asia,2022
Namibia,NAM,2000,26.5,14.1,Africa,2022
Namibia,NAM,2005,22.6,14.1,Africa,2022
Namibia,NAM,2007,21.2,14.1,Africa,2022
Namibia,NAM,2010,19.4,14.1,Africa,2022
Namibia,NAM,2015,16.9,14.1,Africa,2022
Namibia,NAM,2020,14.9,14.1,Africa,2022
Namibia,NAM,2021,14.5,14.1,Africa,2022
Namibia,NAM,2022,14.1,14.1,Africa,
Namibia,NAM,2023,,14.1,Africa,2022
Nauru,NRU,2000,63.6,48.3,Oceania,2022
Nauru,NRU,2005,59.6,48.3,Oceania,2022
Nauru,NRU,2007,57.8,48.3,Oceania,2022
Nauru,NRU,2010,55.6,48.3,Oceania,2022
Nauru,NRU,2015,52.6,48.3,Oceania,2022
Nauru,NRU,2020,49.4,48.3,Oceania,2022
Nauru,NRU,2021,48.9,48.3,Oceania,2022
Nauru,NRU,2022,48.3,48.3,Oceania,
Nauru,NRU,2023,,48.3,Oceania,2022
Nepal,NPL,2000,64.7,28.3,Asia,2022
Nepal,NPL,2005,54.5,28.3,Asia,2022
Nepal,NPL,2007,49.9,28.3,Asia,2022
Nepal,NPL,2010,44,28.3,Asia,2022
Nepal,NPL,2015,36.3,28.3,Asia,2022
Nepal,NPL,2020,30.3,28.3,Asia,2022
Nepal,NPL,2021,29.4,28.3,Asia,2022
Nepal,NPL,2022,28.3,28.3,Asia,
Nepal,NPL,2023,,28.3,Asia,2022
Netherlands,NLD,2000,34.5,21.3,Europe,2022
Netherlands,NLD,2005,30.7,21.3,Europe,2022
Netherlands,NLD,2007,29.5,21.3,Europe,2022
Netherlands,NLD,2010,27.7,21.3,Europe,2022
Netherlands,NLD,2015,24.7,21.3,Europe,2022
Netherlands,NLD,2020,22.2,21.3,Europe,2022
Netherlands,NLD,2021,21.7,21.3,Europe,2022
Netherlands,NLD,2022,21.3,21.3,Europe,
Netherlands,NLD,2023,,21.3,Europe,2022
New Zealand,NZL,2000,30.4,12.2,Oceania,2022
New Zealand,NZL,2005,24.8,12.2,Oceania,2022
New Zealand,NZL,2007,22.7,12.2,Oceania,2022
New Zealand,NZL,2010,20.1,12.2,Oceania,2022
New Zealand,NZL,2015,16.4,12.2,Oceania,2022
New Zealand,NZL,2020,13.3,12.2,Oceania,2022
New Zealand,NZL,2021,12.8,12.2,Oceania,2022
New Zealand,NZL,2022,12.2,12.2,Oceania,
New Zealand,NZL,2023,,12.2,Oceania,2022
Niger,NER,2000,9.7,7.7,Africa,2022
Niger,NER,2005,9.1,7.7,Africa,2022
Niger,NER,2007,8.9,7.7,Africa,2022
Niger,NER,2010,8.6,7.7,Africa,2022
Niger,NER,2015,8.1,7.7,Africa,2022
Niger,NER,2020,7.8,7.7,Africa,2022
Niger,NER,2021,7.7,7.7,Africa,2022
Niger,NER,2022,7.7,7.7,Africa,
Niger,NER,2023,,7.7,Africa,2022
Nigeria,NGA,2000,10.7,3.3,Africa,2022
Nigeria,NGA,2005,8.1,3.3,Africa,2022
Nigeria,NGA,2007,7.2,3.3,Africa,2022
Nigeria,NGA,2010,6.1,3.3,Africa,2022
Nigeria,NGA,2015,4.7,3.3,Africa,2022
Nigeria,NGA,2020,3.6,3.3,Africa,2022
Nigeria,NGA,2021,3.4,3.3,Africa,2022
Nigeria,NGA,2022,3.3,3.3,Africa,
Nigeria,NGA,2023,,3.3,Africa,2022
North America,OWID_NAM,2000,28.437105,19.844383,,2022
North America,OWID_NAM,2005,26.047499,19.844383,,2022
North America,OWID_NAM,2007,25.25419,19.844383,,2022
North America,OWID_NAM,2010,23.960756,19.844383,,2022
North America,OWID_NAM,2015,22.089859,19.844383,,2022
North America,OWID_NAM,2020,20.494015,19.844383,,2022
North America,OWID_NAM,2021,20.227201,19.844383,,2022
North America,OWID_NAM,2022,19.844383,19.844383,,
North Korea,PRK,2000,29.5,16.5,Asia,2022
North Korea,PRK,2005,25.8,16.5,Asia,2022
North Korea,PRK,2007,24.5,16.5,Asia,2022
North Korea,PRK,2010,22.7,16.5,Asia,2022
North Korea,PRK,2015,19.8,16.5,Asia,2022
North Korea,PRK,2020,17.4,16.5,Asia,2022
North Korea,PRK,2021,17,16.5,Asia,2022
North Korea,PRK,2022,16.5,16.5,Asia,
North Korea,PRK,2023,,16.5,Asia,2022
Norway,NOR,2000,44.9,14.2,Europe,2022
Norway,NOR,2005,34.6,14.2,Europe,2022
Norway,NOR,2007,31.2,14.2,Europe,2022
Norway,NOR,2010,26.6,14.2,Europe,2022
Norway,NOR,2015,20.5,14.2,Europe,2022
Norway,NOR,2020,15.8,14.2,Europe,2022
Norway,NOR,2021,15,14.2,Europe,2022
Norway,NOR,2022,14.2,14.2,Europe,
Norway,NOR,2023,,14.2,Europe,2022
Oceania,OWID_OCE,2000,30.258694,19.054968,,2022
Oceania,OWID_OCE,2005,27.08569,19.054968,,2022
Oceania,OWID_OCE,2007,25.870064,19.054968,,2022
Oceania,OWID_OCE,2010,24.260105,19.054968,,2022
Oceania,OWID_OCE,2015,21.850975,19.054968,,2022
Oceania,OWID_OCE,2020,19.696194,19.054968,,2022
Oceania,OWID_OCE,2021,19.398232,19.054968,,2022
Oceania,OWID_OCE,2022,19.054968,19.054968,,
Oman,OMN,2000,7.5,8.4,Asia,2022
Oman,OMN,2005,7.7,8.4,Asia,2022
Oman,OMN,2007,7.7,8.4,Asia,2022
Oman,OMN,2010,7.9,8.4,Asia,2022
Oman,OMN,2015,8.1,8.4,Asia,2022
Oman,OMN,2020,8.3,8.4,Asia,2022
Oman,OMN,2021,8.4,8.4,Asia,2022
Oman,OMN,2022,8.4,8.4,Asia,
Oman,OMN,2023,,8.4,Asia,2022
Pakistan,PAK,2000,39.3,18.9,Asia,2022
Pakistan,PAK,2005,33.1,18.9,Asia,2022
Pakistan,PAK,2007,31.1,18.9,Asia,2022
Pakistan,PAK,2010,28,18.9,Asia,2022
Pakistan,PAK,2015,23.7,18.9,Asia,2022
Pakistan,PAK,2020,20.2,18.9,Asia,2022
Pakistan,PAK,2021,19.5,18.9,Asia,2022
Pakistan,PAK,2022,18.9,18.9,Asia,
Pakistan,PAK,2023,,18.9,Asia,2022
Palau,PLW,2000,26.2,17.3,Oceania,2022
Palau,PLW,2005,23.6,17.3,Oceania,2022
Palau,PLW,2007,22.7,17.3,Oceania,2022
Palau,PLW,2010,21.5,17.3,Oceania,2022
Palau,PLW,2015,19.6,17.3,Oceania,2022
Palau,PLW,2020,18,17.3,Oceania,2022
Palau,PLW,2021,17.7,17.3,Oceania,2022
Palau,PLW,2022,17.3,17.3,Oceania,
Palau,PLW,2023,,17.3,Oceania,2022
Panama,PAN,2000,14.1,5.2,North America,2022
Panama,PAN,2005,11.1,5.2,North America,2022
Panama,PAN,2007,10.1,5.2,North America,2022
Panama,PAN,2010,8.8,5.2,North America,2022
Panama,PAN,2015,7.1,5.2,North America,2022
Panama,PAN,2020,5.6,5.2,North America,2022
Panama,PAN,2021,5.4,5.2,North America,2022
Panama,PAN,2022,5.2,5.2,North America,
Panama,PAN,2023,,5.2,North America,2022
Papua New Guinea,PNG,2000,53.8,39.6,Oceania,2022
Papua New Guinea,PNG,2005,50.2,39.6,Oceania,2022
Papua New Guinea,PNG,2007,48.7,39.6,Oceania,2022
Papua New Guinea,PNG,2010,46.6,39.6,Oceania,2022
Papua New Guinea,PNG,2015,43.5,39.6,Oceania,2022
Papua New Guinea,PNG,2020,40.7,39.6,Oceania,2022
Papua New Guinea,PNG,2021,40.2,39.6,Oceania,2022
Papua New Guinea,PNG,2022,39.6,39.6,Oceania,
Papua New Guinea,PNG,2023,,39.6,Oceania,2022
Paraguay,PRY,2000,29.4,10.7,South America,2022
Paraguay,PRY,2005,23.2,10.7,South America,2022
Paraguay,PRY,2007,21.1,10.7,South America,2022
Paraguay,PRY,2010,18.4,10.7,South America,2022
Paraguay,PRY,2015,14.6,10.7,South America,2022
Paraguay,PRY,2020,11.7,10.7,South America,2022
Paraguay,PRY,2021,11.2,10.7,South America,2022
Paraguay,PRY,2022,10.7,10.7,South America,
Paraguay,PRY,2023,,10.7,South America,2022
Peru,PER,2000,34.7,7.1,South America,2022
Peru,PER,2005,24,7.1,South America,2022
Peru,PER,2007,20.7,7.1,South America,2022
Peru,PER,2010,16.7,7.1,South America,2022
Peru,PER,2015,11.7,7.1,South America,2022
Peru,PER,2020,8.2,7.1,South America,2022
Peru,PER,2021,7.6,7.1,South America,2022
Peru,PER,2022,7.1,7.1,South America,
Peru,PER,2023,,7.1,South America,2022
Philippines,PHL,2000,36.5,20.4,Asia,2022
Philippines,PHL,2005,31.7,20.4,Asia,2022
Philippines,PHL,2007,30.1,20.4,Asia,2022
Philippines,PHL,2010,27.7,20.4,Asia,2022
Philippines,PHL,2015,24.4,20.4,Asia,2022
Philippines,PHL,2020,21.6,20.4,Asia,2022
Philippines,PHL,2021,20.9,20.4,Asia,2022
Philippines,PHL,2022,20.4,20.4,Asia,
Philippines,PHL,2023,,20.4,Asia,2022
Poland,POL,2000,38.9,23.6,Europe,2022
Poland,POL,2005,34.6,23.6,Europe,2022
Poland,POL,2007,33,23.6,Europe,2022
Poland,POL,2010,30.9,23.6,Europe,2022
Poland,POL,2015,27.6,23.6,Europe,2022
Poland,POL,2020,24.5,23.6,Europe,2022
Poland,POL,2021,24,23.6,Europe,2022
Poland,POL,2022,23.6,23.6,Europe,
Poland,POL,2023,,23.6,Europe,2022
Portugal,PRT,2000,26,25.6,Europe,2022
Portugal,PRT,2005,25.7,25.6,Europe,2022
Portugal,PRT,2007,25.7,25.6,Europe,2022
Portugal,PRT,2010,25.5,25.6,Europe,2022
Portugal,PRT,2015,25.5,25.6,Europe,2022
Portugal,PRT,2020,25.6,25.6,Europe,2022
Portugal,PRT,2021,25.6,25.6,Europe,2022
Portugal,PRT,2022,25.6,25.6,Europe,
Portugal,PRT,2023,,25.6,Europe,2022
Qatar,QAT,2000,12.9,12.5,Asia,2022
Qatar,QAT,2005,12.7,12.5,Asia,2022
Qatar,QAT,2007,12.6,12.5,Asia,2022
Qatar,QAT,2010,12.5,12.5,Asia,2022
Qatar,QAT,2015,12.5,12.5,Asia,2022
Qatar,QAT,2020,12.5,12.5,Asia,2022
Qatar,QAT,2021,12.5,12.5,Asia,2022
Qatar,QAT,2022,12.5,12.5,Asia,
Qatar,QAT,2023,,12.5,Asia,2022
Romania,ROU,2000,36.9,30,Europe,2022
Romania,ROU,2005,35.3,30,Europe,2022
Romania,ROU,2007,34.6,30,Europe,2022
Romania,ROU,2010,33.6,30,Europe,2022
Romania,ROU,2015,32,30,Europe,2022
Romania,ROU,2020,30.7,30,Europe,2022
Romania,ROU,2021,30.3,30,Europe,2022
Romania,ROU,2022,30,30,Europe,
Romania,ROU,2023,,30,Europe,2022
Russia,RUS,2000,32.7,29.2,Europe,2022
Russia,RUS,2005,31.6,29.2,Europe,2022
Russia,RUS,2007,31.4,29.2,Europe,2022
Russia,RUS,2010,30.8,29.2,Europe,2022
Russia,RUS,2015,30,29.2,Europe,2022
Russia,RUS,2020,29.4,29.2,Europe,2022
Russia,RUS,2021,29.3,29.2,Europe,2022
Russia,RUS,2022,29.2,29.2,Europe,
Russia,RUS,2023,,29.2,Europe,2022
Rwanda,RWA,2000,24.4,14.3,Africa,2022
Rwanda,RWA,2005,21.2,14.3,Africa,2022
Rwanda,RWA,2007,20.1,14.3,Africa,2022
Rwanda,RWA,2010,18.6,14.3,Africa,2022
Rwanda,RWA,2015,16.6,14.3,Africa,2022
Rwanda,RWA,2020,14.9,14.3,Africa,2022
Rwanda,RWA,2021,14.6,14.3,Africa,2022
Rwanda,RWA,2022,14.3,14.3,Africa,
Rwanda,RWA,2023,,14.3,Africa,2022
Saint Lucia,LCA,2000,20.2,13.8,North America,2022
Saint Lucia,LCA,2005,18.3,13.8,North America,2022
Saint Lucia,LCA,2007,17.6,13.8,North America,2022
Saint Lucia,LCA,2010,16.8,13.8,North America,2022
Saint Lucia,LCA,2015,15.4,13.8,North America,2022
Saint Lucia,LCA,2020,14.3,13.8,North America,2022
Saint Lucia,LCA,2021,14.1,13.8,North America,2022
Saint Lucia,LCA,2022,13.8,13.8,North America,
Saint Lucia,LCA,2023,,13.8,North America,2022
Samoa,WSM,2000,41.6,22.5,Oceania,2022
Samoa,WSM,2005,36.1,22.5,Oceania,2022
Samoa,WSM,2007,34,22.5,Oceania,2022
Samoa,WSM,2010,31.2,22.5,Oceania,2022
Samoa,WSM,2015,27.1,22.5,Oceania,2022
Samoa,WSM,2020,23.8,22.5,Oceania,2022
Samoa,WSM,2021,23.1,22.5,Oceania,2022
Samoa,WSM,2022,22.5,22.5,Oceania,
Samoa,WSM,2023,,22.5,Oceania,2022
Sao Tome and Principe,STP,2000,7.2,7.8,Africa,2022
Sao Tome and Principe,STP,2005,7.2,7.8,Africa,2022
Sao Tome and Principe,STP,2007,7.2,7.8,Africa,2022
Sao Tome and Principe,STP,2010,7.3,7.8,Africa,2022
Sao Tome and Principe,STP,2015,7.4,7.8,Africa,2022
Sao Tome and Principe,STP,2020,7.7,7.8,Africa,2022
Sao Tome and Principe,STP,2021,7.8,7.8,Africa,2022
Sao Tome and Principe,STP,2022,7.8,7.8,Africa,
Sao Tome and Principe,STP,2023,,7.8,Africa,2022
Saudi Arabia,SAU,2000,14.2,14.9,Asia,2022
Saudi Arabia,SAU,2005,14.3,14.9,Asia,2022
Saudi Arabia,SAU,2007,14.3,14.9,Asia,2022
Saudi Arabia,SAU,2010,14.3,14.9,Asia,2022
Saudi Arabia,SAU,2015,14.4,14.9,Asia,2022
Saudi Arabia,SAU,2020,14.8,14.9,Asia,2022
Saudi Arabia,SAU,2021,14.8,14.9,Asia,2022
Saudi Arabia,SAU,2022,14.9,14.9,Asia,
Saudi Arabia,SAU,2023,,14.9,Asia,2022
Senegal,SEN,2000,14.9,6.5,Africa,2022
Senegal,SEN,2005,12.3,6.5,Africa,2022
Senegal,SEN,2007,11.4,6.5,Africa,2022
Senegal,SEN,2010,10.2,6.5,Africa,2022
Senegal,SEN,2015,8.4,6.5,Africa,2022
Senegal,SEN,2020,7,6.5,Africa,2022
Senegal,SEN,2021,6.7,6.5,Africa,2022
Senegal,SEN,2022,6.5,6.5,Africa,
Senegal,SEN,2023,,6.5,Africa,2022
Serbia,SRB,2000,44.9,39.5,Europe,2022
Serbia,SRB,2005,43.7,39.5,Europe,2022
Serbia,SRB,2007,43.2,39.5,Europe,2022
Serbia,SRB,2010,42.4,39.5,Europe,2022
Serbia,SRB,2015,41.1,39.5,Europe,2022
Serbia,SRB,2020,40.1,39.5,Europe,2022
Serbia,SRB,2021,39.9,39.5,Europe,2022
Serbia,SRB,2022,39.5,39.5,Europe,
Serbia,SRB,2023,,39.5,Europe,2022
Seychelles,SYC,2000,30.9,20.2,Africa,2022
Seychelles,SYC,2005,27.6,20.2,Africa,2022
Seychelles,SYC,2007,26.5,20.2,Africa,2022
Seychelles,SYC,2010,24.9,20.2,Africa,2022
Seychelles,SYC,2015,22.7,20.2,Africa,2022
Seychelles,SYC,2020,20.8,20.2,Africa,2022
Seychelles,SYC,2021,20.6,20.2,Africa,2022
Seychelles,SYC,2022,20.2,20.2,Africa,
Seychelles,SYC,2023,,20.2,Africa,2022
Sierra Leone,SLE,2000,40,12.9,Africa,2022
Sierra Leone,SLE,2005,31,12.9,Africa,2022
Sierra Leone,SLE,2007,28,12.9,Africa,2022
Sierra Leone,SLE,2010,23.9,12.9,Africa,2022
Sierra Leone,SLE,2015,18.4,12.9,Africa,2022
Sierra Leone,SLE,2020,14.3,12.9,Africa,2022
Sierra Leone,SLE,2021,13.5,12.9,Africa,2022
Sierra Leone,SLE,2022,12.9,12.9,Africa,
Sierra Leone,SLE,2023,,12.9,Africa,2022
Singapore,SGP,2000,16.9,16.4,Asia,2022
Singapore,SGP,2005,16.8,16.4,Asia,2022
Singapore,SGP,2007,16.7,16.4,Asia,2022
Singapore,SGP,2010,16.6,16.4,Asia,2022
Singapore,SGP,2015,16.6,16.4,Asia,2022
Singapore,SGP,2020,16.3,16.4,Asia,2022
Singapore,SGP,2021,16.3,16.4,Asia,2022
Singapore,SGP,2022,16.4,16.4,Asia,
Singapore,SGP,2023,,16.4,Asia,2022
Slovakia,SVK,2000,32.2,32.4,Europe,2022
Slovakia,SVK,2005,31.9,32.4,Europe,2022
Slovakia,SVK,2007,32,32.4,Europe,2022
Slovakia,SVK,2010,31.8,32.4,Europe,2022
Slovakia,SVK,2015,31.9,32.4,Europe,2022
Slovakia,SVK,2020,32.3,32.4,Europe,2022
Slovakia,SVK,2021,32.3,32.4,Europe,2022
Slovakia,SVK,2022,32.4,32.4,Europe,
Slovakia,SVK,2023,,32.4,Europe,2022
Slovenia,SVN,2000,25.7,20.1,Europe,2022
Slovenia,SVN,2005,24.3,20.1,Europe,2022
Slovenia,SVN,2007,23.7,20.1,Europe,2022
Slovenia,SVN,2010,23,20.1,Europe,2022
Slovenia,SVN,2015,21.8,20.1,Europe,2022
Slovenia,SVN,2020,20.6,20.1,Europe,2022
Slovenia,SVN,2021,20.4,20.1,Europe,2022
Slovenia,SVN,2022,20.1,20.1,Europe,
Slovenia,SVN,2023,,20.1,Europe,2022
Solomon Islands,SLB,2000,43.5,36.9,Oceania,2022
Solomon Islands,SLB,2005,41.6,36.9,Oceania,2022
Solomon Islands,SLB,2007,40.8,36.9,Oceania,2022
Solomon Islands,SLB,2010,40,36.9,Oceania,2022
Solomon Islands,SLB,2015,38.3,36.9,Oceania,2022
Solomon Islands,SLB,2020,37.3,36.9,Oceania,2022
Solomon Islands,SLB,2021,37.1,36.9,Oceania,2022
Solomon Islands,SLB,2022,36.9,36.9,Oceania,
Solomon Islands,SLB,2023,,36.9,Oceania,2022
South Africa,ZAF,2000,23.7,20.7,Africa,2022
South Africa,ZAF,2005,22.7,20.7,Africa,2022
South Africa,ZAF,2007,22.5,20.7,Africa,2022
South Africa,ZAF,2010,22,20.7,Africa,2022
South Africa,ZAF,2015,21.5,20.7,Africa,2022
South Africa,ZAF,2020,20.9,20.7,Africa,2022
South Africa,ZAF,2021,20.8,20.7,Africa,2022
South Africa,ZAF,2022,20.7,20.7,Africa,
South Africa,ZAF,2023,,20.7,Africa,2022
South America,OWID_SAM,2000,26.27038,13.375547,,2022
South America,OWID_SAM,2005,22.213734,13.375547,,2022
South America,OWID_SAM,2007,20.788603,13.375547,,2022
South America,OWID_SAM,2010,18.973543,13.375547,,2022
South America,OWID_SAM,2015,16.283762,13.375547,,2022
South America,OWID_SAM,2020,14.131064,13.375547,,2022
South America,OWID_SAM,2021,13.722466,13.375547,,2022
South America,OWID_SAM,2022,13.375547,13.375547,,
South Korea,KOR,2000,35.2,20,Asia,2022
South Korea,KOR,2005,30.9,20,Asia,2022
South Korea,KOR,2007,29.4,20,Asia,2022
South Korea,KOR,2010,27,20,Asia,2022
South Korea,KOR,2015,23.8,20,Asia,2022
South Korea,KOR,2020,21,20,Asia,2022
South Korea,KOR,2021,20.5,20,Asia,2022
South Korea,KOR,2022,20,20,Asia,
South Korea,KOR,2023,,20,Asia,2022
Spain,ESP,2000,35,28.4,Europe,2022
Spain,ESP,2005,33.3,28.4,Europe,2022
Spain,ESP,2007,32.8,28.4,Europe,2022
Spain,ESP,2010,31.7,28.4,Europe,2022
Spain,ESP,2015,30.3,28.4,Europe,2022
Spain,ESP,2020,28.9,28.4,Europe,2022
Spain,ESP,2021,28.7,28.4,Europe,2022
Spain,ESP,2022,28.4,28.4,Europe,
Spain,ESP,2023,,28.4,Europe,2022
Sri Lanka,LKA,2000,30.2,19.5,Asia,2022
Sri Lanka,LKA,2005,27,19.5,Asia,2022
Sri Lanka,LKA,2007,25.9,19.5,Asia,2022
Sri Lanka,LKA,2010,24.3,19.5,Asia,2022
Sri Lanka,LKA,2015,22.1,19.5,Asia,2022
Sri Lanka,LKA,2020,20.2,19.5,Asia,2022
Sri Lanka,LKA,2021,19.8,19.5,Asia,2022
Sri Lanka,LKA,2022,19.5,19.5,Asia,
Sri Lanka,LKA,2023,,19.5,Asia,2022
Sweden,SWE,2000,46.5,22.7,Europe,2022
Sweden,SWE,2005,39.4,22.7,Europe,2022
Sweden,SWE,2007,36.9,22.7,Europe,2022
Sweden,SWE,2010,33.4,22.7,Europe,2022
Sweden,SWE,2015,28.3,22.7,Europe,2022
Sweden,SWE,2020,24.1,22.7,Europe,2022
Sweden,SWE,2021,23.3,22.7,Europe,2022
Sweden,SWE,2022,22.7,22.7,Europe,
Sweden,SWE,2023,,22.7,Europe,2022
Switzerland,CHE,2000,28.3,25.5,Europe,2022
Switzerland,CHE,2005,27.6,25.5,Europe,2022
Switzerland,CHE,2007,27.3,25.5,Europe,2022
Switzerland,CHE,2010,26.9,25.5,Europe,2022
Switzerland,CHE,2015,26.4,25.5,Europe,2022
Switzerland,CHE,2020,25.8,25.5,Europe,2022
Switzerland,CHE,2021,25.7,25.5,Europe,2022
Switzerland,CHE,2022,25.5,25.5,Europe,
Switzerland,CHE,2023,,25.5,Europe,2022
Tanzania,TZA,2000,27.8,9.3,Africa,2022
Tanzania,TZA,2005,21.5,9.3,Africa,2022
Tanzania,TZA,2007,19.5,9.3,Africa,2022
Tanzania,TZA,2010,16.8,9.3,Africa,2022
Tanzania,TZA,2015,13.1,9.3,Africa,2022
Tanzania,TZA,2020,10.2,9.3,Africa,2022
Tanzania,TZA,2021,9.7,9.3,Africa,2022
Tanzania,TZA,2022,9.3,9.3,Africa,
Tanzania,TZA,2023,,9.3,Africa,2022
Thailand,THA,2000,26.2,19.2,Asia,2022
Thailand,THA,2005,24.4,19.2,Asia,2022
Thailand,THA,2007,23.5,19.2,Asia,2022
Thailand,THA,2010,22.6,19.2,Asia,2022
Thailand,THA,2015,21.1,19.2,Asia,2022
Thailand,THA,2020,19.7,19.2,Asia,2022
Thailand,THA,2021,19.4,19.2,Asia,2022
Thailand,THA,2022,19.2,19.2,Asia,
Thailand,THA,2023,,19.2,Asia,2022
Togo,TGO,2000,15.9,6.4,Africa,2022
Togo,TGO,2005,12.7,6.4,Africa,2022
Togo,TGO,2007,11.6,6.4,Africa,2022
Togo,TGO,2010,10.2,6.4,Africa,2022
Togo,TGO,2015,8.3,6.4,Africa,2022
Togo,TGO,2020,6.8,6.4,Africa,2022
Togo,TGO,2021,6.6,6.4,Africa,2022
Togo,TGO,2022,6.4,6.4,Africa,
Togo,TGO,2023,,6.4,Africa,2022
Tonga,TON,2000,33.3,31.3,Oceania,2022
Tonga,TON,2005,32.7,31.3,Oceania,2022
Tonga,TON,2007,32.4,31.3,Oceania,2022
Tonga,TON,2010,32.3,31.3,Oceania,2022
Tonga,TON,2015,31.8,31.3,Oceania,2022
Tonga,TON,2020,31.5,31.3,Oceania,2022
Tonga,TON,2021,31.3,31.3,Oceania,2022
Tonga,TON,2022,31.3,31.3,Oceania,
Tonga,TON,2023,,31.3,Oceania,2022
Tunisia,TUN,2000,29.7,20.5,Africa,2022
Tunisia,TUN,2005,27.1,20.5,Africa,2022
Tunisia,TUN,2007,26.4,20.5,Africa,2022
Tunisia,TUN,2010,25,20.5,Africa,2022
Tunisia,TUN,2015,23,20.5,Africa,2022
Tunisia,TUN,2020,21.2,20.5,Africa,2022
Tunisia,TUN,2021,21,20.5,Africa,2022
Tunisia,TUN,2022,20.5,20.5,Africa,
Tunisia,TUN,2023,,20.5,Africa,2022
Turkey,TUR,2000,33.8,30.5,Asia,2022
Turkey,TUR,2005,32.8,30.5,Asia,2022
Turkey,TUR,2007,32.4,30.5,Asia,2022
Turkey,TUR,2010,32,30.5,Asia,2022
Turkey,TUR,2015,31.3,30.5,Asia,2022
Turkey,TUR,2020,30.7,30.5,Asia,2022
Turkey,TUR,2021,30.7,30.5,Asia,2022
Turkey,TUR,2022,30.5,30.5,Asia,
Turkey,TUR,2023,,30.5,Asia,2022
Turkmenistan,TKM,2000,14.8,5.6,Asia,2022
Turkmenistan,TKM,2005,11.7,5.6,Asia,2022
Turkmenistan,TKM,2007,10.6,5.6,Asia,2022
Turkmenistan,TKM,2010,9.3,5.6,Asia,2022
Turkmenistan,TKM,2015,7.5,5.6,Asia,2022
Turkmenistan,TKM,2020,6.1,5.6,Asia,2022
Turkmenistan,TKM,2021,5.8,5.6,Asia,2022
Turkmenistan,TKM,2022,5.6,5.6,Asia,
Turkmenistan,TKM,2023,,5.6,Asia,2022
Tuvalu,TUV,2000,48.3,33.7,Oceania,2022
Tuvalu,TUV,2005,44.4,33.7,Oceania,2022
Tuvalu,TUV,2007,43,33.7,Oceania,2022
Tuvalu,TUV,2010,40.7,33.7,Oceania,2022
Tuvalu,TUV,2015,37.6,33.7,Oceania,2022
Tuvalu,TUV,2020,34.8,33.7,Oceania,2022
Tuvalu,TUV,2021,34.2,33.7,Oceania,2022
Tuvalu,TUV,2022,33.7,33.7,Oceania,
Tuvalu,TUV,2023,,33.7,Oceania,2022
Uganda,UGA,2000,25.8,7.5,Africa,2022
Uganda,UGA,2005,19.3,7.5,Africa,2022
Uganda,UGA,2007,17.2,7.5,Africa,2022
Uganda,UGA,2010,14.6,7.5,Africa,2022
Uganda,UGA,2015,11,7.5,Africa,2022
Uganda,UGA,2020,8.4,7.5,Africa,2022
Uganda,UGA,2021,7.9,7.5,Africa,2022
Uganda,UGA,2022,7.5,7.5,Africa,
Uganda,UGA,2023,,7.5,Africa,2022
Ukraine,UKR,2000,38.2,24.9,Europe,2022
Ukraine,UKR,2005,34.8,24.9,Europe,2022
Ukraine,UKR,2007,33.3,24.9,Europe,2022
Ukraine,UKR,2010,31.3,24.9,Europe,2022
Ukraine,UKR,2015,28.5,24.9,Europe,2022
Ukraine,UKR,2020,25.9,24.9,Europe,2022
Ukraine,UKR,2021,25.5,24.9,Europe,2022
Ukraine,UKR,2022,24.9,24.9,Europe,
Ukraine,UKR,2023,,24.9,Europe,2022
United Arab Emirates,ARE,2000,19.1,9,Asia,2022
United Arab Emirates,ARE,2005,15.9,9,Asia,2022
United Arab Emirates,ARE,2007,14.8,9,Asia,2022
United Arab Emirates,ARE,2010,13.3,9,Asia,2022
United Arab Emirates,ARE,2015,11.2,9,Asia,2022
United Arab Emirates,ARE,2020,9.6,9,Asia,2022
United Arab Emirates,ARE,2021,9.3,9,Asia,2022
United Arab Emirates,ARE,2022,9,9,Asia,
United Arab Emirates,ARE,2023,,9,Asia,2022
United Kingdom,GBR,2000,37.6,14.2,Europe,2022
United Kingdom,GBR,2005,30,14.2,Europe,2022
United Kingdom,GBR,2007,27.5,14.2,Europe,2022
United Kingdom,GBR,2010,24.1,14.2,Europe,2022
United Kingdom,GBR,2015,19.3,14.2,Europe,2022
United Kingdom,GBR,2020,15.6,14.2,Europe,2022
United Kingdom,GBR,2021,14.9,14.2,Europe,2022
United Kingdom,GBR,2022,14.2,14.2,Europe,
United Kingdom,GBR,2023,,14.2,Europe,2022
United States,USA,2000,31.5,24.3,North America,2022
United States,USA,2005,29.6,24.3,North America,2022
United States,USA,2007,29,24.3,North America,2022
United States,USA,2010,27.9,24.3,North America,2022
United States,USA,2015,26.3,24.3,North America,2022
United States,USA,2020,24.9,24.3,North America,2022
United States,USA,2021,24.7,24.3,North America,2022
United States,USA,2022,24.3,24.3,North America,
United States,USA,2023,,24.3,North America,2022
Upper-middle-income countries,OWID_UMC,2000,27.686317,22.531748,,2022
Upper-middle-income countries,OWID_UMC,2005,26.136942,22.531748,,2022
Upper-middle-income countries,OWID_UMC,2007,25.57245,22.531748,,2022
Upper-middle-income countries,OWID_UMC,2010,24.892448,22.531748,,2022
Upper-middle-income countries,OWID_UMC,2015,23.812664,22.531748,,2022
Upper-middle-income countries,OWID_UMC,2020,22.879683,22.531748,,2022
Upper-middle-income countries,OWID_UMC,2021,22.616661,22.531748,,2022
Upper-middle-income countries,OWID_UMC,2022,22.531748,22.531748,,
Uruguay,URY,2000,35.4,20.5,South America,2022
Uruguay,URY,2005,31.3,20.5,South America,2022
Uruguay,URY,2007,29.8,20.5,South America,2022
Uruguay,URY,2010,27.6,20.5,South America,2022
Uruguay,URY,2015,24.4,20.5,South America,2022
Uruguay,URY,2020,21.5,20.5,South America,2022
Uruguay,URY,2021,21,20.5,South America,2022
Uruguay,URY,2022,20.5,20.5,South America,
Uruguay,URY,2023,,20.5,South America,2022
Uzbekistan,UZB,2000,27.8,16.7,Asia,2022
Uzbekistan,UZB,2005,24.7,16.7,Asia,2022
Uzbekistan,UZB,2007,23.6,16.7,Asia,2022
Uzbekistan,UZB,2010,21.9,16.7,Asia,2022
Uzbekistan,UZB,2015,19.6,16.7,Asia,2022
Uzbekistan,UZB,2020,17.4,16.7,Asia,2022
Uzbekistan,UZB,2021,17.1,16.7,Asia,2022
Uzbekistan,UZB,2022,16.7,16.7,Asia,
Uzbekistan,UZB,2023,,16.7,Asia,2022
Vietnam,VNM,2000,31.1,22.5,Asia,2022
Vietnam,VNM,2005,28.8,22.5,Asia,2022
Vietnam,VNM,2007,28,22.5,Asia,2022
Vietnam,VNM,2010,26.6,22.5,Asia,2022
Vietnam,VNM,2015,24.9,22.5,Asia,2022
Vietnam,VNM,2020,23.2,22.5,Asia,2022
Vietnam,VNM,2021,22.9,22.5,Asia,2022
Vietnam,VNM,2022,22.5,22.5,Asia,
Vietnam,VNM,2023,,22.5,Asia,2022
World,OWID_WRL,2000,34.323643,21.750492,,2022
World,OWID_WRL,2005,30.746687,21.750492,,2022
World,OWID_WRL,2007,29.423546,21.750492,,2022
World,OWID_WRL,2010,27.58716,21.750492,,2022
World,OWID_WRL,2015,24.879309,21.750492,,2022
World,OWID_WRL,2020,22.583412,21.750492,,2022
World,OWID_WRL,2021,22.134945,21.750492,,2022
World,OWID_WRL,2022,21.750492,21.750492,,
Yemen,YEM,2000,28.7,21.4,Asia,2022
Yemen,YEM,2005,26.7,21.4,Asia,2022
Yemen,YEM,2007,25.9,21.4,Asia,2022
Yemen,YEM,2010,24.8,21.4,Asia,2022
Yemen,YEM,2015,23.3,21.4,Asia,2022
Yemen,YEM,2020,21.8,21.4,Asia,2022
Yemen,YEM,2021,21.7,21.4,Asia,2022
Yemen,YEM,2022,21.4,21.4,Asia,
Yemen,YEM,2023,,21.4,Asia,2022
Zambia,ZMB,2000,19.7,14.6,Africa,2022
Zambia,ZMB,2005,18.2,14.6,Africa,2022
Zambia,ZMB,2007,17.7,14.6,Africa,2022
Zambia,ZMB,2010,17,14.6,Africa,2022
Zambia,ZMB,2015,15.8,14.6,Africa,2022
Zambia,ZMB,2020,14.8,14.6,Africa,2022
Zambia,ZMB,2021,14.8,14.6,Africa,2022
Zambia,ZMB,2022,14.6,14.6,Africa,
Zambia,ZMB,2023,,14.6,Africa,2022
Zimbabwe,ZWE,2000,21.4,11.3,Africa,2022
Zimbabwe,ZWE,2005,18.3,11.3,Africa,2022
Zimbabwe,ZWE,2007,17.2,11.3,Africa,2022
Zimbabwe,ZWE,2010,15.7,11.3,Africa,2022
Zimbabwe,ZWE,2015,13.6,11.3,Africa,2022
Zimbabwe,ZWE,2020,11.9,11.3,Africa,2022
Zimbabwe,ZWE,2021,11.6,11.3,Africa,2022
Zimbabwe,ZWE,2022,11.3,11.3,Africa,
Zimbabwe,ZWE,2023,,11.3,Africa,2022