link,title
A,
A,
A,
A,
https://observablehq.com/d/f792e00c5ceb4b87,"Percent of D.C. Workers Who Are Immigrants, by Occupation"
https://observablehq.com/d/f792e00c5ceb4b87,"Percent of D.C. Workers Who Are Immigrants, by Occupation"
https://observablehq.com/d/f792e00c5ceb4b87,"Percent of D.C. Workers Who Are Immigrants, by Occupation"
https://observablehq.com/d/1b9b8c753e96b9fc,How Many Members of the US Military Have Died in Each War?
https://observablehq.com/d/1b9b8c753e96b9fc,How Many Members of the US Military Have Died in Each War?
https://observablehq.com/d/1b9b8c753e96b9fc,How Many Members of the US Military Have Died in Each War?
https://observablehq.com/d/1b9b8c753e96b9fc,How Many Members of the US Military Have Died in Each War?
https://observablehq.com/@fyp4/malaysia-total-trade-with-world,Malaysia Total Trade with World
https://observablehq.com/@fyp4/malaysia-total-trade-with-world,Malaysia Total Trade with World
https://observablehq.com/@fyp4/malaysia-total-trade-with-world,Malaysia Total Trade with World
https://observablehq.com/d/4c1fb232cc0eea23,Traffic-citations
https://observablehq.com/d/4c1fb232cc0eea23,Traffic-citations
https://observablehq.com/d/4c1fb232cc0eea23,Traffic-citations
https://observablehq.com/d/6c81fc440235fdb4,Dublin Stats
https://observablehq.com/d/6c81fc440235fdb4,Dublin Stats
https://observablehq.com/d/6c81fc440235fdb4,Dublin Stats
https://observablehq.com/d/6c81fc440235fdb4,Dublin Stats
https://observablehq.com/d/1a6221c15c98cf2c,International Merchandise Trade Malaysia and ASEAN
https://observablehq.com/d/1a6221c15c98cf2c,International Merchandise Trade Malaysia and ASEAN
https://observablehq.com/d/1a6221c15c98cf2c,International Merchandise Trade Malaysia and ASEAN
https://observablehq.com/d/d8d343511c03acf7,Percent Change in Past Month Alcohol Use between 2011 and 2016 by State
https://observablehq.com/d/d8d343511c03acf7,Percent Change in Past Month Alcohol Use between 2011 and 2016 by State
https://observablehq.com/d/d8d343511c03acf7,Percent Change in Past Month Alcohol Use between 2011 and 2016 by State
https://observablehq.com/d/ad06c98b232deab5,Geography of Educational Attainment in California
https://observablehq.com/d/ad06c98b232deab5,Geography of Educational Attainment in California
https://observablehq.com/d/ad06c98b232deab5,Geography of Educational Attainment in California
https://observablehq.com/d/456e2c8beae6ca2a,Finland Tech Job Market Top Skill Demand Tracker 2024-2026
https://observablehq.com/d/456e2c8beae6ca2a,Finland Tech Job Market Top Skill Demand Tracker 2024-2026
https://observablehq.com/d/456e2c8beae6ca2a,Finland Tech Job Market Top Skill Demand Tracker 2024-2026
https://observablehq.com/d/456e2c8beae6ca2a,Finland Tech Job Market Top Skill Demand Tracker 2024-2026
https://observablehq.com/d/456e2c8beae6ca2a,Finland Tech Job Market Top Skill Demand Tracker 2024-2026
https://observablehq.com/d/01c45e5b545d634b,AI Adoption and Digital Skills:evidence of a potential mismatch in 2021-2025
https://observablehq.com/d/01c45e5b545d634b,AI Adoption and Digital Skills:evidence of a potential mismatch in 2021-2025
https://observablehq.com/d/01c45e5b545d634b,AI Adoption and Digital Skills:evidence of a potential mismatch in 2021-2025
https://observablehq.com/d/01c45e5b545d634b,AI Adoption and Digital Skills:evidence of a potential mismatch in 2021-2025
https://observablehq.com/d/01c45e5b545d634b,AI Adoption and Digital Skills:evidence of a potential mismatch in 2021-2025
https://observablehq.com/d/d5d39f0d9ccdf508,"Uber Usage Trends in Pakistan: Bookings and Revenue, 2024–2025"
https://observablehq.com/d/d5d39f0d9ccdf508,"Uber Usage Trends in Pakistan: Bookings and Revenue, 2024–2025"
https://observablehq.com/d/d5d39f0d9ccdf508,"Uber Usage Trends in Pakistan: Bookings and Revenue, 2024–2025"
https://observablehq.com/d/d5d39f0d9ccdf508,"Uber Usage Trends in Pakistan: Bookings and Revenue, 2024–2025"
https://observablehq.com/d/d5d39f0d9ccdf508,"Uber Usage Trends in Pakistan: Bookings and Revenue, 2024–2025"
https://observablehq.com/d/939918b55e6a5108,Untitled
https://observablehq.com/d/939918b55e6a5108,Untitled
https://observablehq.com/d/939918b55e6a5108,Untitled
https://observablehq.com/d/939918b55e6a5108,Untitled
https://observablehq.com/d/939918b55e6a5108,Untitled
https://observablehq.com/d/64887ee832929930,Mobile Money Accounts
https://observablehq.com/d/64887ee832929930,Mobile Money Accounts
https://observablehq.com/d/64887ee832929930,Mobile Money Accounts
https://observablehq.com/d/64887ee832929930,Mobile Money Accounts
https://observablehq.com/d/64887ee832929930,Mobile Money Accounts
https://observablehq.com/d/6760acab97435487,Internet
https://observablehq.com/d/6760acab97435487,Internet
https://observablehq.com/d/6760acab97435487,Internet
https://observablehq.com/d/fdbb3d8a0cd4bd58,Medicine
https://observablehq.com/d/fdbb3d8a0cd4bd58,Medicine
https://observablehq.com/d/fdbb3d8a0cd4bd58,Medicine
https://observablehq.com/d/1edfdbd0a0cf213a,UCR Violent Crime
https://observablehq.com/d/1edfdbd0a0cf213a,UCR Violent Crime
https://observablehq.com/d/1edfdbd0a0cf213a,UCR Violent Crime
https://observablehq.com/d/598fb95f4893d856,Stroke statistics - leading cause of death
https://observablehq.com/d/598fb95f4893d856,Stroke statistics - leading cause of death
https://observablehq.com/d/598fb95f4893d856,Stroke statistics - leading cause of death
https://observablehq.com/d/fcadcfb0a70486b7,Landline Internet Subscription
https://observablehq.com/d/fcadcfb0a70486b7,Landline Internet Subscription
https://observablehq.com/d/fcadcfb0a70486b7,Landline Internet Subscription
https://observablehq.com/d/c796dd26baa3c4f8,4G network
https://observablehq.com/d/c796dd26baa3c4f8,4G network
https://observablehq.com/d/c796dd26baa3c4f8,4G network
https://observablehq.com/d/dd366878162d0d28,Who owns a phone
https://observablehq.com/d/dd366878162d0d28,Who owns a phone
https://observablehq.com/d/dd366878162d0d28,Who owns a phone
https://observablehq.com/d/d9ad549baa56a3a7,Death rate
https://observablehq.com/d/d9ad549baa56a3a7,Death rate
https://observablehq.com/d/d9ad549baa56a3a7,Death rate
https://observablehq.com/d/4c5f0483c5ac2bba,Countries where armed conflict happened in 2024
https://observablehq.com/d/4c5f0483c5ac2bba,Countries where armed conflict happened in 2024
https://observablehq.com/d/4c5f0483c5ac2bba,Countries where armed conflict happened in 2024
https://observablehq.com/d/8ffd349e8704e11c,Interstate and Intrastate war 2010
https://observablehq.com/d/8ffd349e8704e11c,Interstate and Intrastate war 2010
https://observablehq.com/d/8ffd349e8704e11c,Interstate and Intrastate war 2010
https://observablehq.com/d/65c10cfa93cada0a,Deaths from one-sided violence
https://observablehq.com/d/65c10cfa93cada0a,Deaths from one-sided violence
https://observablehq.com/d/65c10cfa93cada0a,Deaths from one-sided violence
https://observablehq.com/d/a2975a8c512f9051,Deaths in interstate conflict 2024
https://observablehq.com/d/a2975a8c512f9051,Deaths in interstate conflict 2024
https://observablehq.com/d/a2975a8c512f9051,Deaths in interstate conflict 2024
https://observablehq.com/d/53d7741e44dea574,Intrastate conflict 2024
https://observablehq.com/d/53d7741e44dea574,Intrastate conflict 2024
https://observablehq.com/d/53d7741e44dea574,Intrastate conflict 2024
https://observablehq.com/@n93986/forms-of-homelessness-included-in-available-statis,"Forms of homelessness included in available statistics, 2024"
https://observablehq.com/@n93986/forms-of-homelessness-included-in-available-statis,"Forms of homelessness included in available statistics, 2024"
https://observablehq.com/@n93986/forms-of-homelessness-included-in-available-statis,"Forms of homelessness included in available statistics, 2024"
https://observablehq.com/@n93986/profit-margin,Profit Margin
https://observablehq.com/@n93986/profit-margin,Profit Margin
https://observablehq.com/@n93986/profit-margin,Profit Margin
https://observablehq.com/@n93986/share-price-hits-new-high-amid-record-trading-volu,Share price hits new high amid record trading volume
https://observablehq.com/@n93986/share-price-hits-new-high-amid-record-trading-volu,Share price hits new high amid record trading volume
https://observablehq.com/@n93986/share-price-hits-new-high-amid-record-trading-volu,Share price hits new high amid record trading volume
https://observablehq.com/@n93986/marketing-spend-by-channel,Marketing spend by channel
https://observablehq.com/@n93986/marketing-spend-by-channel,Marketing spend by channel
https://observablehq.com/@n93986/marketing-spend-by-channel,Marketing spend by channel
https://observablehq.com/@n93986/social-media-influence-on-mental-health,Social media influence on mental health
https://observablehq.com/@n93986/social-media-influence-on-mental-health,Social media influence on mental health
https://observablehq.com/@n93986/social-media-influence-on-mental-health,Social media influence on mental health
https://observablehq.com/@n93986/the-pursuit-of-happiness,The pursuit of happiness
https://observablehq.com/@n93986/the-pursuit-of-happiness,The pursuit of happiness
https://observablehq.com/@n93986/the-pursuit-of-happiness,The pursuit of happiness
https://observablehq.com/@yonsei-university/which-regions-walk-the-least,Which regions walk the least?
https://observablehq.com/@yonsei-university/which-regions-walk-the-least,Which regions walk the least?
https://observablehq.com/@yonsei-university/which-regions-walk-the-least,Which regions walk the least?
https://observablehq.com/d/6cdd365acbb8c4c3,Deaths in non-state conflicts 2024
https://observablehq.com/d/6cdd365acbb8c4c3,Deaths in non-state conflicts 2024
https://observablehq.com/d/6cdd365acbb8c4c3,Deaths in non-state conflicts 2024
https://observablehq.com/d/a7f11c936e3895fb,Internally displaced people due to conflict
https://observablehq.com/d/a7f11c936e3895fb,Internally displaced people due to conflict
https://observablehq.com/d/a7f11c936e3895fb,Internally displaced people due to conflict
https://observablehq.com/d/08a3126ef4627c80,Relative increase in mean height
https://observablehq.com/d/08a3126ef4627c80,Relative increase in mean height
https://observablehq.com/d/08a3126ef4627c80,Relative increase in mean height
https://observablehq.com/d/90b85d6c1bb838c5,Lifetime anxiety or depression
https://observablehq.com/d/90b85d6c1bb838c5,Lifetime anxiety or depression
https://observablehq.com/d/90b85d6c1bb838c5,Lifetime anxiety or depression
https://observablehq.com/d/3219ba596e39def0,ARBES
https://observablehq.com/d/3219ba596e39def0,ARBES
https://observablehq.com/d/3219ba596e39def0,ARBES
https://drive.google.com/file/d/1ph_LRrz8A8gMdSFAnef5Vf6GdXxXqsTA/view?usp=share_link,chart.js - Google Drive
https://drive.google.com/file/d/1ph_LRrz8A8gMdSFAnef5Vf6GdXxXqsTA/view?usp=share_link,chart.js - Google Drive
https://drive.google.com/file/d/1ph_LRrz8A8gMdSFAnef5Vf6GdXxXqsTA/view?usp=share_link,chart.js - Google Drive
https://observablehq.com/d/f792e00c5ceb4b87,"Percent of D.C. Workers Who Are Immigrants, by Occupation"
https://observablehq.com/d/f792e00c5ceb4b87,"Percent of D.C. Workers Who Are Immigrants, by Occupation"
https://observablehq.com/d/f792e00c5ceb4b87,"Percent of D.C. Workers Who Are Immigrants, by Occupation"
https://observablehq.com/d/0a4f80329c243889,Cotton
https://observablehq.com/d/0a4f80329c243889,Cotton
https://observablehq.com/d/0a4f80329c243889,Cotton
https://observablehq.com/d/3098f13198ef0232,Play space
https://observablehq.com/d/3098f13198ef0232,Play space
https://observablehq.com/d/3098f13198ef0232,Play space
https://observablehq.com/d/6187ecada738db22,United States County-to-county Migration
https://observablehq.com/d/6187ecada738db22,United States County-to-county Migration
https://observablehq.com/d/6187ecada738db22,United States County-to-county Migration
https://observablehq.com/@d3/zoomable-sunburst,Zoomable sunburst
https://observablehq.com/@d3/zoomable-sunburst,Zoomable sunburst
https://observablehq.com/@d3/zoomable-sunburst,Zoomable sunburst
https://observablehq.com/@fyp4/world-cup-2022-circle,World Cup 2022 Circle
https://observablehq.com/@fyp4/world-cup-2022-circle,World Cup 2022 Circle
https://observablehq.com/@fyp4/world-cup-2022-circle,World Cup 2022 Circle
https://observablehq.com/d/5de35404b35deed8,Indented tree
https://observablehq.com/d/5de35404b35deed8,Indented tree
https://observablehq.com/d/5de35404b35deed8,Indented tree
https://observablehq.com/d/32528cae2454960c,Tidy Tree
https://observablehq.com/d/32528cae2454960c,Tidy Tree
https://observablehq.com/d/32528cae2454960c,Tidy Tree
https://observablehq.com/d/c9165614abc3c34d,Radial Tidy Tree
https://observablehq.com/d/c9165614abc3c34d,Radial Tidy Tree
https://observablehq.com/d/c9165614abc3c34d,Radial Tidy Tree
https://observablehq.com/d/38bdda2b7caf6e02,How Old Are Recent Newlyweds?
