Entity,Code,Year,Population density of the top 100 most populous cities,Population density of the top 100 most populous cities (projected) (Projected),Population density of the top 100 most populous cities (Annotations),Population density of the top 100 most populous cities (projected) (Annotations)
Abidjan,,1975,4217.059,,Côte d'Ivoire,
Abidjan,,1980,5053.9097,,Côte d'Ivoire,
Abidjan,,1985,5883.7,,Côte d'Ivoire,
Abidjan,,1990,6695.3696,,Côte d'Ivoire,
Abidjan,,1995,7786.264,,Côte d'Ivoire,
Abidjan,,2000,8916.595,,Côte d'Ivoire,
Abidjan,,2005,9239.14,,Côte d'Ivoire,
Abidjan,,2010,10070.635,,Côte d'Ivoire,
Abidjan,,2015,10793.794,,Côte d'Ivoire,
Abidjan,,2020,12176.607,12176.607,Côte d'Ivoire,Côte d'Ivoire
Abidjan,,2025,,12636.853,,Côte d'Ivoire
Abidjan,,2030,,12927.285,,Côte d'Ivoire
Abidjan,,2035,,13439.3,,Côte d'Ivoire
Abidjan,,2040,,14365.256,,Côte d'Ivoire
Abidjan,,2045,,14532.295,,Côte d'Ivoire
Abidjan,,2050,,14833.305,,Côte d'Ivoire
Abidjan,,2055,,15082.507,,Côte d'Ivoire
Abidjan,,2060,,15085.755,,Côte d'Ivoire
Abidjan,,2065,,15078.83,,Côte d'Ivoire
Abidjan,,2070,,15216.167,,Côte d'Ivoire
Abidjan,,2075,,14853.151,,Côte d'Ivoire
Abidjan,,2080,,15060.403,,Côte d'Ivoire
Abidjan,,2085,,15226.835,,Côte d'Ivoire
Abidjan,,2090,,15377.495,,Côte d'Ivoire
Abidjan,,2095,,15461.684,,Côte d'Ivoire
Abidjan,,2100,,15779.348,,Côte d'Ivoire
Accra,,1975,3255.553,,Ghana,
Accra,,1980,3261.3708,,Ghana,
Accra,,1985,3273.3362,,Ghana,
Accra,,1990,3596.9268,,Ghana,
Accra,,1995,3683.7864,,Ghana,
Accra,,2000,4068.6458,,Ghana,
Accra,,2005,4247.928,,Ghana,
Accra,,2010,4500.7197,,Ghana,
Accra,,2015,4584.658,,Ghana,
Accra,,2020,4898.33,4898.33,Ghana,Ghana
Accra,,2025,,4998.016,,Ghana
Accra,,2030,,5215.4375,,Ghana
Accra,,2035,,5365.2197,,Ghana
Accra,,2040,,5510.2607,,Ghana
Accra,,2045,,5568.676,,Ghana
Accra,,2050,,5693.79,,Ghana
Accra,,2055,,5728.7593,,Ghana
Accra,,2060,,5750.3115,,Ghana
Accra,,2065,,5824.313,,Ghana
Accra,,2070,,5823.0825,,Ghana
Accra,,2075,,5867.375,,Ghana
Accra,,2080,,5855.9844,,Ghana
Accra,,2085,,5887.918,,Ghana
Accra,,2090,,5890.4893,,Ghana
Accra,,2095,,5893.042,,Ghana
Accra,,2100,,5893.0146,,Ghana
Addis Ababa,,1975,5679.0933,,Ethiopia,
Addis Ababa,,1980,5573.3413,,Ethiopia,
Addis Ababa,,1985,5411.3794,,Ethiopia,
Addis Ababa,,1990,5980.169,,Ethiopia,
Addis Ababa,,1995,6599.575,,Ethiopia,
Addis Ababa,,2000,7176.668,,Ethiopia,
Addis Ababa,,2005,7650.717,,Ethiopia,
Addis Ababa,,2010,8745.7705,,Ethiopia,
Addis Ababa,,2015,10262.615,,Ethiopia,
Addis Ababa,,2020,12872.589,12872.589,Ethiopia,Ethiopia
Addis Ababa,,2025,,13713.098,,Ethiopia
Addis Ababa,,2030,,13803.283,,Ethiopia
Addis Ababa,,2035,,13554.84,,Ethiopia
Addis Ababa,,2040,,14175.39,,Ethiopia
Addis Ababa,,2045,,13994.191,,Ethiopia
Addis Ababa,,2050,,14206.298,,Ethiopia
Addis Ababa,,2055,,14342.13,,Ethiopia
Addis Ababa,,2060,,14755.551,,Ethiopia
Addis Ababa,,2065,,14728.829,,Ethiopia
Addis Ababa,,2070,,14586.873,,Ethiopia
Addis Ababa,,2075,,14534.945,,Ethiopia
Addis Ababa,,2080,,14524.354,,Ethiopia
Addis Ababa,,2085,,14378.747,,Ethiopia
Addis Ababa,,2090,,14100.276,,Ethiopia
Addis Ababa,,2095,,14118.675,,Ethiopia
Addis Ababa,,2100,,14123,,Ethiopia
Ahmedabad,,1975,11419.6,,India,
Ahmedabad,,1980,12755.779,,India,
Ahmedabad,,1985,14049.151,,India,
Ahmedabad,,1990,15488.995,,India,
Ahmedabad,,1995,16396.754,,India,
Ahmedabad,,2000,17836.604,,India,
Ahmedabad,,2005,18295,,India,
Ahmedabad,,2010,19121.725,,India,
Ahmedabad,,2015,19475.07,,India,
Ahmedabad,,2020,20626.467,20626.467,India,India
Ahmedabad,,2025,,20910.707,,India
Ahmedabad,,2030,,20928.152,,India
Ahmedabad,,2035,,20841.988,,India
Ahmedabad,,2040,,20164.809,,India
Ahmedabad,,2045,,20160.29,,India
Ahmedabad,,2050,,19989.504,,India
Ahmedabad,,2055,,19931.309,,India
Ahmedabad,,2060,,19950.992,,India
Ahmedabad,,2065,,19983.559,,India
Ahmedabad,,2070,,19916.867,,India
Ahmedabad,,2075,,19832.986,,India
Ahmedabad,,2080,,19666.38,,India
Ahmedabad,,2085,,19487.227,,India
Ahmedabad,,2090,,19261.807,,India
Ahmedabad,,2095,,19026.686,,India
Ahmedabad,,2100,,18777.145,,India
Alexandria,,1975,10806.837,,Egypt,
Alexandria,,1980,10886.363,,Egypt,
Alexandria,,1985,11461.335,,Egypt,
Alexandria,,1990,11270.101,,Egypt,
Alexandria,,1995,11426.09,,Egypt,
Alexandria,,2000,11691.171,,Egypt,
Alexandria,,2005,12002.474,,Egypt,
Alexandria,,2010,12227.607,,Egypt,
Alexandria,,2015,12826.044,,Egypt,
Alexandria,,2020,13366.758,13366.758,Egypt,Egypt
Alexandria,,2025,,12296.036,,Egypt
Alexandria,,2030,,12296.101,,Egypt
Alexandria,,2035,,12057.363,,Egypt
Alexandria,,2040,,11853.102,,Egypt
Alexandria,,2045,,12081.157,,Egypt
Alexandria,,2050,,11537.884,,Egypt
Alexandria,,2055,,11403.207,,Egypt
Alexandria,,2060,,11252.976,,Egypt
Alexandria,,2065,,11045.763,,Egypt
Alexandria,,2070,,10786.865,,Egypt
Alexandria,,2075,,10725.787,,Egypt
Alexandria,,2080,,10482.1455,,Egypt
Alexandria,,2085,,10508.942,,Egypt
Alexandria,,2090,,10515.673,,Egypt
Alexandria,,2095,,10540.516,,Egypt
Alexandria,,2100,,10442.1455,,Egypt
Amman,,1975,4137.022,,Jordan,
Amman,,1980,4785.3037,,Jordan,
Amman,,1985,5274.9595,,Jordan,
Amman,,1990,6140.6475,,Jordan,
Amman,,1995,6305.0596,,Jordan,
Amman,,2000,6946.0674,,Jordan,
Amman,,2005,6812.5757,,Jordan,
Amman,,2010,8000.4497,,Jordan,
Amman,,2015,9477.61,,Jordan,
Amman,,2020,12166.1045,12166.1045,Jordan,Jordan
Amman,,2025,,12082.389,,Jordan
Amman,,2030,,12497.614,,Jordan
Amman,,2035,,12130.677,,Jordan
Amman,,2040,,12015.713,,Jordan
Amman,,2045,,11758.291,,Jordan
Amman,,2050,,11705.805,,Jordan
Amman,,2055,,11629.234,,Jordan
Amman,,2060,,11439.21,,Jordan
Amman,,2065,,11324.9,,Jordan
Amman,,2070,,11289.161,,Jordan
Amman,,2075,,11159.456,,Jordan
Amman,,2080,,11082.051,,Jordan
Amman,,2085,,10870.996,,Jordan
Amman,,2090,,10834.521,,Jordan
Amman,,2095,,10905.592,,Jordan
Amman,,2100,,10847.248,,Jordan
Baghdad,,1975,4585.2334,,Iraq,
Baghdad,,1980,5170.5605,,Iraq,
Baghdad,,1985,5651.8257,,Iraq,
Baghdad,,1990,6111.606,,Iraq,
Baghdad,,1995,6743.895,,Iraq,
Baghdad,,2000,7315.1807,,Iraq,
Baghdad,,2005,7373.4014,,Iraq,
Baghdad,,2010,7669.753,,Iraq,
Baghdad,,2015,8265.338,,Iraq,
Baghdad,,2020,9033.218,9033.218,Iraq,Iraq
Baghdad,,2025,,9116.598,,Iraq
Baghdad,,2030,,9094.748,,Iraq
Baghdad,,2035,,9205.36,,Iraq
Baghdad,,2040,,9364.024,,Iraq
Baghdad,,2045,,8994.007,,Iraq
Baghdad,,2050,,8939.549,,Iraq
Baghdad,,2055,,8884.443,,Iraq
Baghdad,,2060,,8849.352,,Iraq
Baghdad,,2065,,8785.747,,Iraq
Baghdad,,2070,,8758.002,,Iraq
Baghdad,,2075,,8772.084,,Iraq
Baghdad,,2080,,8696.296,,Iraq
Baghdad,,2085,,8693.076,,Iraq
Baghdad,,2090,,8636.319,,Iraq
Baghdad,,2095,,8641.612,,Iraq
Baghdad,,2100,,8610.392,,Iraq
Bandung,,1975,6448.5317,,Indonesia,
Bandung,,1980,6973.1514,,Indonesia,
Bandung,,1985,7008.593,,Indonesia,
Bandung,,1990,7047.0566,,Indonesia,
Bandung,,1995,7347.5996,,Indonesia,
Bandung,,2000,7838.3794,,Indonesia,
Bandung,,2005,7871.0776,,Indonesia,
Bandung,,2010,8139.691,,Indonesia,
Bandung,,2015,8442.564,,Indonesia,
Bandung,,2020,8754.888,8754.888,Indonesia,Indonesia
Bandung,,2025,,8768.804,,Indonesia
Bandung,,2030,,8965.283,,Indonesia
Bandung,,2035,,8790.332,,Indonesia
Bandung,,2040,,8722.733,,Indonesia
Bandung,,2045,,8638.481,,Indonesia
Bandung,,2050,,8656.228,,Indonesia
Bandung,,2055,,8641.41,,Indonesia
Bandung,,2060,,8587.944,,Indonesia
Bandung,,2065,,8511.102,,Indonesia
Bandung,,2070,,8434.102,,Indonesia
Bandung,,2075,,8388.478,,Indonesia
Bandung,,2080,,8264.553,,Indonesia
Bandung,,2085,,8135.0063,,Indonesia
Bandung,,2090,,8015.51,,Indonesia
Bandung,,2095,,7890.627,,Indonesia
Bandung,,2100,,7744.804,,Indonesia
Bangkok,,1975,4809.976,,Thailand,
Bangkok,,1980,5134.42,,Thailand,
Bangkok,,1985,5301.6313,,Thailand,
Bangkok,,1990,5276.9434,,Thailand,
Bangkok,,1995,4976.96,,Thailand,
Bangkok,,2000,4825.499,,Thailand,
Bangkok,,2005,4984.1826,,Thailand,
Bangkok,,2010,5408.8906,,Thailand,
Bangkok,,2015,5890.6235,,Thailand,
Bangkok,,2020,6634.657,6634.657,Thailand,Thailand
Bangkok,,2025,,6832.123,,Thailand
Bangkok,,2030,,7001.109,,Thailand
Bangkok,,2035,,7069.1885,,Thailand
Bangkok,,2040,,7097.719,,Thailand
Bangkok,,2045,,7053.3545,,Thailand
Bangkok,,2050,,7029.2705,,Thailand
Bangkok,,2055,,7000.74,,Thailand
Bangkok,,2060,,6961.501,,Thailand
Bangkok,,2065,,6879.5757,,Thailand
Bangkok,,2070,,6856.528,,Thailand
Bangkok,,2075,,6830.6016,,Thailand
Bangkok,,2080,,6756.5596,,Thailand
Bangkok,,2085,,6666.409,,Thailand
Bangkok,,2090,,6584.842,,Thailand
Bangkok,,2095,,6476.3794,,Thailand
Bangkok,,2100,,6358.619,,Thailand
Beijing,,1975,6210.8086,,China,
Beijing,,1980,6485.081,,China,
Beijing,,1985,6690.1753,,China,
Beijing,,1990,6913.002,,China,
Beijing,,1995,7434.994,,China,
Beijing,,2000,7820.9253,,China,
Beijing,,2005,8613.708,,China,
Beijing,,2010,9567.6455,,China,
Beijing,,2015,9473.258,,China,
Beijing,,2020,9924.31,9924.31,China,China
Beijing,,2025,,9931.875,,China
Beijing,,2030,,9499.463,,China
Beijing,,2035,,9397.959,,China
Beijing,,2040,,9276.176,,China
Beijing,,2045,,9291.724,,China
Beijing,,2050,,9242.38,,China
Beijing,,2055,,9133.023,,China
Beijing,,2060,,9080.755,,China
Beijing,,2065,,9128.111,,China
Beijing,,2070,,9079.491,,China
Beijing,,2075,,8978.704,,China
Beijing,,2080,,8736.638,,China
Beijing,,2085,,8505.881,,China
Beijing,,2090,,8257.502,,China
Beijing,,2095,,7966.8657,,China
Beijing,,2100,,7655.2676,,China
Belo Horizonte,,1975,3018.8499,,Brazil,
Belo Horizonte,,1980,3720.5776,,Brazil,
Belo Horizonte,,1985,4240.1255,,Brazil,
Belo Horizonte,,1990,4821.917,,Brazil,
Belo Horizonte,,1995,5564.44,,Brazil,
Belo Horizonte,,2000,6274.539,,Brazil,
Belo Horizonte,,2005,6361.9507,,Brazil,
Belo Horizonte,,2010,6581.061,,Brazil,
Belo Horizonte,,2015,6804.979,,Brazil,
Belo Horizonte,,2020,7029.509,7029.509,Brazil,Brazil
Belo Horizonte,,2025,,7067.5957,,Brazil
Belo Horizonte,,2030,,7046.019,,Brazil
Belo Horizonte,,2035,,7039.771,,Brazil
Belo Horizonte,,2040,,7007.7793,,Brazil
Belo Horizonte,,2045,,6967.5244,,Brazil
Belo Horizonte,,2050,,6885.087,,Brazil
Belo Horizonte,,2055,,6794.3164,,Brazil
Belo Horizonte,,2060,,6689.3994,,Brazil
Belo Horizonte,,2065,,6579.2466,,Brazil
Belo Horizonte,,2070,,6444.6406,,Brazil
Belo Horizonte,,2075,,6286.7744,,Brazil
Belo Horizonte,,2080,,6119.2324,,Brazil
Belo Horizonte,,2085,,5945.811,,Brazil
Belo Horizonte,,2090,,5779.787,,Brazil
Belo Horizonte,,2095,,5607.811,,Brazil
Belo Horizonte,,2100,,5444.849,,Brazil
Bengaluru,,1975,12341.357,,India,
Bengaluru,,1980,15323.29,,India,
Bengaluru,,1985,15604.531,,India,
Bengaluru,,1990,16760.72,,India,
Bengaluru,,1995,16401.928,,India,
Bengaluru,,2000,16312.476,,India,
Bengaluru,,2005,15837.525,,India,
Bengaluru,,2010,17460.293,,India,
Bengaluru,,2015,18759.58,,India,
Bengaluru,,2020,20260.178,20260.178,India,India
Bengaluru,,2025,,20540.652,,India
Bengaluru,,2030,,19478.29,,India
Bengaluru,,2035,,19285.137,,India
Bengaluru,,2040,,18521.213,,India
Bengaluru,,2045,,18523.256,,India
Bengaluru,,2050,,18350.258,,India
Bengaluru,,2055,,18326.678,,India
Bengaluru,,2060,,18217.002,,India
Bengaluru,,2065,,18122.404,,India
Bengaluru,,2070,,18066.918,,India
Bengaluru,,2075,,18020.102,,India
Bengaluru,,2080,,18026.7,,India
Bengaluru,,2085,,17918.2,,India
Bengaluru,,2090,,17830.492,,India
Bengaluru,,2095,,17786.086,,India
Bengaluru,,2100,,17705.52,,India
Bogota,,1975,8603.427,,Colombia,
Bogota,,1980,9611.95,,Colombia,
Bogota,,1985,10713.093,,Colombia,
Bogota,,1990,12006.6455,,Colombia,
Bogota,,1995,12974.501,,Colombia,
Bogota,,2000,13997.438,,Colombia,
Bogota,,2005,15422.166,,Colombia,
Bogota,,2010,16923.545,,Colombia,
Bogota,,2015,17976.242,,Colombia,
Bogota,,2020,19216.934,19216.934,Colombia,Colombia
Bogota,,2025,,19602.057,,Colombia
Bogota,,2030,,20429.018,,Colombia
Bogota,,2035,,19245.639,,Colombia
Bogota,,2040,,18268.35,,Colombia
Bogota,,2045,,17909.174,,Colombia
Bogota,,2050,,17624.314,,Colombia
Bogota,,2055,,17483.041,,Colombia
Bogota,,2060,,17200.021,,Colombia
Bogota,,2065,,17175.963,,Colombia
Bogota,,2070,,16974.186,,Colombia
Bogota,,2075,,16766.37,,Colombia
Bogota,,2080,,16546.387,,Colombia
Bogota,,2085,,16194.229,,Colombia
Bogota,,2090,,15811.422,,Colombia
Bogota,,2095,,15410.177,,Colombia
Bogota,,2100,,15113.363,,Colombia
Buenos Aires,,1975,5360.614,,Argentina,
Buenos Aires,,1980,5642.912,,Argentina,
Buenos Aires,,1985,5884.1665,,Argentina,
Buenos Aires,,1990,6066.4336,,Argentina,
Buenos Aires,,1995,6114.166,,Argentina,
Buenos Aires,,2000,6219.6675,,Argentina,
Buenos Aires,,2005,6309.794,,Argentina,
Buenos Aires,,2010,6464.6377,,Argentina,
Buenos Aires,,2015,6409.243,,Argentina,
Buenos Aires,,2020,6433.414,6433.414,Argentina,Argentina
Buenos Aires,,2025,,6477.697,,Argentina
Buenos Aires,,2030,,6504.5923,,Argentina
Buenos Aires,,2035,,6495.2124,,Argentina
Buenos Aires,,2040,,6485.6226,,Argentina
Buenos Aires,,2045,,6474.3276,,Argentina
Buenos Aires,,2050,,6435.6455,,Argentina
Buenos Aires,,2055,,6387.3745,,Argentina
Buenos Aires,,2060,,6293.0054,,Argentina
Buenos Aires,,2065,,6174.779,,Argentina
Buenos Aires,,2070,,6039.3022,,Argentina
Buenos Aires,,2075,,5904.4644,,Argentina
Buenos Aires,,2080,,5747.242,,Argentina
Buenos Aires,,2085,,5594.9023,,Argentina
Buenos Aires,,2090,,5416.438,,Argentina
Buenos Aires,,2095,,5255.862,,Argentina
Buenos Aires,,2100,,5072.901,,Argentina
Cairo,,1975,12218.25,,Egypt,
Cairo,,1980,12256.392,,Egypt,
Cairo,,1985,12188.373,,Egypt,
Cairo,,1990,12595.61,,Egypt,
Cairo,,1995,12896.207,,Egypt,
Cairo,,2000,13787.704,,Egypt,
Cairo,,2005,14027.159,,Egypt,
Cairo,,2010,14263.267,,Egypt,
Cairo,,2015,14650.527,,Egypt,
Cairo,,2020,15687.617,15687.617,Egypt,Egypt
Cairo,,2025,,15541.703,,Egypt
Cairo,,2030,,15324.111,,Egypt
Cairo,,2035,,14838.346,,Egypt
Cairo,,2040,,14757.874,,Egypt
Cairo,,2045,,15137.39,,Egypt
Cairo,,2050,,15368.45,,Egypt
Cairo,,2055,,15620.943,,Egypt
Cairo,,2060,,15637.628,,Egypt
Cairo,,2065,,15730.303,,Egypt
Cairo,,2070,,15829.833,,Egypt
Cairo,,2075,,15935.431,,Egypt
Cairo,,2080,,16055.112,,Egypt
Cairo,,2085,,16127.938,,Egypt
Cairo,,2090,,16116.385,,Egypt
Cairo,,2095,,16089.765,,Egypt
Cairo,,2100,,16082.0205,,Egypt
Cape Town,,1975,3225.2883,,South Africa,
Cape Town,,1980,3460.8037,,South Africa,
Cape Town,,1985,3862.3352,,South Africa,
Cape Town,,1990,3843.7961,,South Africa,
Cape Town,,1995,3873.5596,,South Africa,
Cape Town,,2000,4065.3628,,South Africa,
Cape Town,,2005,4400.3174,,South Africa,
Cape Town,,2010,4877.7144,,South Africa,
Cape Town,,2015,5373.7505,,South Africa,
Cape Town,,2020,5986.772,5986.772,South Africa,South Africa
Cape Town,,2025,,6306.1836,,South Africa
Cape Town,,2030,,6489.336,,South Africa
Cape Town,,2035,,6901.4194,,South Africa
Cape Town,,2040,,7080.6045,,South Africa
Cape Town,,2045,,7332.224,,South Africa
Cape Town,,2050,,7472.532,,South Africa
Cape Town,,2055,,7683.329,,South Africa
Cape Town,,2060,,7916.651,,South Africa
Cape Town,,2065,,8068.548,,South Africa
Cape Town,,2070,,8121.484,,South Africa
Cape Town,,2075,,8042.5117,,South Africa
Cape Town,,2080,,8137.8384,,South Africa
Cape Town,,2085,,8041.9927,,South Africa
Cape Town,,2090,,8080.8135,,South Africa
Cape Town,,2095,,8091.8125,,South Africa
Cape Town,,2100,,8096.7847,,South Africa
Casablanca,,1975,7324.4126,,Morocco,
Casablanca,,1980,7733.7163,,Morocco,
Casablanca,,1985,8341.636,,Morocco,
Casablanca,,1990,8924.974,,Morocco,
Casablanca,,1995,9638.783,,Morocco,
Casablanca,,2000,9848.687,,Morocco,
Casablanca,,2005,9632.37,,Morocco,
Casablanca,,2010,9898.765,,Morocco,
Casablanca,,2015,10251.042,,Morocco,
Casablanca,,2020,10587.914,10587.914,Morocco,Morocco
Casablanca,,2025,,10845.428,,Morocco
Casablanca,,2030,,10994.183,,Morocco
Casablanca,,2035,,10885.736,,Morocco
Casablanca,,2040,,11041.332,,Morocco
Casablanca,,2045,,11153.672,,Morocco
Casablanca,,2050,,10987.772,,Morocco
Casablanca,,2055,,10871.237,,Morocco
Casablanca,,2060,,10820.964,,Morocco
Casablanca,,2065,,10812.699,,Morocco
Casablanca,,2070,,10759.676,,Morocco
Casablanca,,2075,,10884.768,,Morocco
Casablanca,,2080,,10782.587,,Morocco
Casablanca,,2085,,10666.019,,Morocco
Casablanca,,2090,,10521.69,,Morocco
Casablanca,,2095,,10358.11,,Morocco
Casablanca,,2100,,10172.089,,Morocco
Chaozhou,,1975,4190.5566,,China,
Chaozhou,,1980,3905.7312,,China,
Chaozhou,,1985,3471.713,,China,
Chaozhou,,1990,3506.6177,,China,
Chaozhou,,1995,3885.7053,,China,
Chaozhou,,2000,4781.9106,,China,
Chaozhou,,2005,4838.573,,China,
Chaozhou,,2010,4852.564,,China,
Chaozhou,,2015,5000.1367,,China,
Chaozhou,,2020,5240.3633,5240.3633,China,China
Chaozhou,,2025,,5239.3867,,China
Chaozhou,,2030,,5284.1836,,China
Chaozhou,,2035,,5282.6675,,China
Chaozhou,,2040,,5319.3467,,China
Chaozhou,,2045,,5335.877,,China
Chaozhou,,2050,,5258.8486,,China
Chaozhou,,2055,,5172.082,,China
Chaozhou,,2060,,5050.5317,,China
Chaozhou,,2065,,4991.363,,China
Chaozhou,,2070,,4848.096,,China
Chaozhou,,2075,,4787.2666,,China
Chaozhou,,2080,,4694.786,,China
Chaozhou,,2085,,4628.217,,China
Chaozhou,,2090,,4562.8374,,China
Chaozhou,,2095,,4416.128,,China
Chaozhou,,2100,,4431.525,,China
Chattogram,,1975,6377.7393,,Bangladesh,
Chattogram,,1980,7263.88,,Bangladesh,
Chattogram,,1985,8306.911,,Bangladesh,
Chattogram,,1990,8879.55,,Bangladesh,
Chattogram,,1995,9869.66,,Bangladesh,
Chattogram,,2000,10860.176,,Bangladesh,
Chattogram,,2005,11317.603,,Bangladesh,
Chattogram,,2010,10466.548,,Bangladesh,
Chattogram,,2015,9954.965,,Bangladesh,
Chattogram,,2020,9862.558,9862.558,Bangladesh,Bangladesh
Chattogram,,2025,,9510.597,,Bangladesh
Chattogram,,2030,,9226.351,,Bangladesh
Chattogram,,2035,,9229.602,,Bangladesh
Chattogram,,2040,,9290.08,,Bangladesh
Chattogram,,2045,,9169.001,,Bangladesh
Chattogram,,2050,,9121.487,,Bangladesh
Chattogram,,2055,,8450.685,,Bangladesh
Chattogram,,2060,,8402.311,,Bangladesh
Chattogram,,2065,,8445.061,,Bangladesh
Chattogram,,2070,,8354.99,,Bangladesh
Chattogram,,2075,,8320.368,,Bangladesh
Chattogram,,2080,,8321.617,,Bangladesh
Chattogram,,2085,,8221.19,,Bangladesh
Chattogram,,2090,,8086.2246,,Bangladesh
Chattogram,,2095,,8088.209,,Bangladesh
Chattogram,,2100,,8135.318,,Bangladesh
Chengdu,,1975,8933.863,,China,
Chengdu,,1980,8246.218,,China,
Chengdu,,1985,7885.637,,China,
Chengdu,,1990,7865.4443,,China,
Chengdu,,1995,7089.1606,,China,
Chengdu,,2000,7738.7173,,China,
Chengdu,,2005,7714.314,,China,
Chengdu,,2010,8098.913,,China,
Chengdu,,2015,7681.289,,China,
Chengdu,,2020,7197.4917,7197.4917,China,China
Chengdu,,2025,,7089.9233,,China
Chengdu,,2030,,6927.964,,China
Chengdu,,2035,,6782.976,,China
Chengdu,,2040,,6661.297,,China
Chengdu,,2045,,6642.162,,China
Chengdu,,2050,,6440.4507,,China
Chengdu,,2055,,6285.738,,China
Chengdu,,2060,,6140.824,,China
Chengdu,,2065,,6024.165,,China
Chengdu,,2070,,5839.647,,China
Chengdu,,2075,,5763.127,,China
Chengdu,,2080,,5507.49,,China
Chengdu,,2085,,5349.205,,China
Chengdu,,2090,,5097.9434,,China
Chengdu,,2095,,5138.254,,China
Chengdu,,2100,,4991.594,,China
Chennai,,1975,12455.875,,India,
Chennai,,1980,12520.331,,India,
Chennai,,1985,12799.946,,India,
Chennai,,1990,12620.011,,India,
Chennai,,1995,10781.861,,India,
Chennai,,2000,10109.572,,India,
Chennai,,2005,9613.287,,India,
Chennai,,2010,10033.154,,India,
Chennai,,2015,10601.209,,India,
Chennai,,2020,10822.524,10822.524,India,India
Chennai,,2025,,10531.827,,India
Chennai,,2030,,10608.265,,India
Chennai,,2035,,10629.335,,India
Chennai,,2040,,10692.27,,India
Chennai,,2045,,10646.973,,India
Chennai,,2050,,10601.088,,India
Chennai,,2055,,10607.349,,India
Chennai,,2060,,10562.803,,India
Chennai,,2065,,10515.277,,India
Chennai,,2070,,10372.999,,India
Chennai,,2075,,10270.723,,India
Chennai,,2080,,10201.57,,India
Chennai,,2085,,10056.42,,India
Chennai,,2090,,9927.566,,India
Chennai,,2095,,9824.767,,India
Chennai,,2100,,9658.175,,India
Chongqing,,1975,7006.303,,China,
Chongqing,,1980,6636.9517,,China,
Chongqing,,1985,7158.943,,China,
Chongqing,,1990,7990.5713,,China,
Chongqing,,1995,9921.575,,China,
Chongqing,,2000,12227.67,,China,
Chongqing,,2005,11744.278,,China,
Chongqing,,2010,10785.162,,China,
Chongqing,,2015,11814.991,,China,
Chongqing,,2020,13006.364,13006.364,China,China
Chongqing,,2025,,12833.164,,China
Chongqing,,2030,,12801.73,,China
Chongqing,,2035,,12823.637,,China
Chongqing,,2040,,12481.726,,China
Chongqing,,2045,,12248.07,,China
Chongqing,,2050,,11945.964,,China
Chongqing,,2055,,11693.714,,China
Chongqing,,2060,,11632.84,,China
Chongqing,,2065,,11183.895,,China
Chongqing,,2070,,10755.594,,China
Chongqing,,2075,,10372.229,,China
Chongqing,,2080,,10056.126,,China
Chongqing,,2085,,9531.683,,China
Chongqing,,2090,,9171.758,,China
Chongqing,,2095,,8953.653,,China
Chongqing,,2100,,8595.206,,China
Colombo,,1975,3910.8198,,Sri Lanka,
Colombo,,1980,3627.5195,,Sri Lanka,
Colombo,,1985,3672.7366,,Sri Lanka,
Colombo,,1990,3591.4575,,Sri Lanka,
Colombo,,1995,3643.3992,,Sri Lanka,
Colombo,,2000,3849.2576,,Sri Lanka,
Colombo,,2005,3904.68,,Sri Lanka,
Colombo,,2010,3876.0442,,Sri Lanka,
Colombo,,2015,3876.92,,Sri Lanka,
Colombo,,2020,3887.2246,3887.2246,Sri Lanka,Sri Lanka
Colombo,,2025,,3892.5767,,Sri Lanka
Colombo,,2030,,3897.2434,,Sri Lanka
Colombo,,2035,,3860.021,,Sri Lanka
Colombo,,2040,,3893.3162,,Sri Lanka
Colombo,,2045,,3933.1128,,Sri Lanka
Colombo,,2050,,3948.4592,,Sri Lanka
Colombo,,2055,,3927.3384,,Sri Lanka
Colombo,,2060,,3920.505,,Sri Lanka
Colombo,,2065,,3902.1543,,Sri Lanka
Colombo,,2070,,3893.921,,Sri Lanka
Colombo,,2075,,3862.1165,,Sri Lanka
Colombo,,2080,,3814.9,,Sri Lanka
Colombo,,2085,,3767.526,,Sri Lanka
Colombo,,2090,,3705.0771,,Sri Lanka
Colombo,,2095,,3647.4238,,Sri Lanka
Colombo,,2100,,3617.5332,,Sri Lanka
Dar es Salaam,,1975,2769.9128,,Tanzania,
Dar es Salaam,,1980,3322.7644,,Tanzania,
Dar es Salaam,,1985,3828.9111,,Tanzania,
Dar es Salaam,,1990,3627.5046,,Tanzania,
Dar es Salaam,,1995,3928.3289,,Tanzania,
Dar es Salaam,,2000,4298.0195,,Tanzania,
Dar es Salaam,,2005,4966.958,,Tanzania,
Dar es Salaam,,2010,5810.0283,,Tanzania,
Dar es Salaam,,2015,6846.172,,Tanzania,
Dar es Salaam,,2020,8146.26,8146.26,Tanzania,Tanzania
Dar es Salaam,,2025,,8575.482,,Tanzania
Dar es Salaam,,2030,,9027.995,,Tanzania
Dar es Salaam,,2035,,9351.747,,Tanzania
Dar es Salaam,,2040,,9951.752,,Tanzania
Dar es Salaam,,2045,,10099.366,,Tanzania
Dar es Salaam,,2050,,10329.599,,Tanzania
Dar es Salaam,,2055,,10531.222,,Tanzania
Dar es Salaam,,2060,,10693.012,,Tanzania
Dar es Salaam,,2065,,11008.355,,Tanzania
Dar es Salaam,,2070,,11092.47,,Tanzania
Dar es Salaam,,2075,,11029.09,,Tanzania
Dar es Salaam,,2080,,10989.449,,Tanzania
Dar es Salaam,,2085,,11031.066,,Tanzania
Dar es Salaam,,2090,,11181.315,,Tanzania
Dar es Salaam,,2095,,11301.712,,Tanzania
Dar es Salaam,,2100,,11510.437,,Tanzania
Dhaka,,1975,6919.1953,,Bangladesh,
Dhaka,,1980,7366.424,,Bangladesh,
Dhaka,,1985,7393.124,,Bangladesh,
Dhaka,,1990,7252.3237,,Bangladesh,
Dhaka,,1995,7489.467,,Bangladesh,
Dhaka,,2000,6845.1494,,Bangladesh,
Dhaka,,2005,6525.5557,,Bangladesh,
Dhaka,,2010,6404.271,,Bangladesh,
Dhaka,,2015,6114.223,,Bangladesh,
Dhaka,,2020,5524.9585,5524.9585,Bangladesh,Bangladesh
Dhaka,,2025,,5370.7397,,Bangladesh
Dhaka,,2030,,5302.646,,Bangladesh
Dhaka,,2035,,5302.6724,,Bangladesh
Dhaka,,2040,,5398.478,,Bangladesh
Dhaka,,2045,,5539.112,,Bangladesh
Dhaka,,2050,,5687.1626,,Bangladesh
Dhaka,,2055,,5842.605,,Bangladesh
Dhaka,,2060,,5978.2207,,Bangladesh
Dhaka,,2065,,6073.0117,,Bangladesh
Dhaka,,2070,,6130.4326,,Bangladesh
Dhaka,,2075,,6159.4863,,Bangladesh
Dhaka,,2080,,6177.1553,,Bangladesh
Dhaka,,2085,,6173.813,,Bangladesh
Dhaka,,2090,,6157.5146,,Bangladesh
Dhaka,,2095,,6105.61,,Bangladesh
Dhaka,,2100,,6041.879,,Bangladesh
Dubai,,1980,2717.2527,,United Arab Emirates,
Dubai,,1985,2551.1873,,United Arab Emirates,
Dubai,,1990,2686.0593,,United Arab Emirates,
Dubai,,1995,2778.1653,,United Arab Emirates,
Dubai,,2000,3211.2944,,United Arab Emirates,
Dubai,,2005,3663.0469,,United Arab Emirates,
Dubai,,2010,3528.4602,,United Arab Emirates,
Dubai,,2015,4702.0015,,United Arab Emirates,
Dubai,,2020,5265.7217,5265.7217,United Arab Emirates,United Arab Emirates
Dubai,,2025,,5851.3716,,United Arab Emirates
Dubai,,2030,,5914.1675,,United Arab Emirates
Dubai,,2035,,6113.6157,,United Arab Emirates
Dubai,,2040,,6350.2515,,United Arab Emirates
Dubai,,2045,,6527.551,,United Arab Emirates
Dubai,,2050,,6639.2827,,United Arab Emirates
Dubai,,2055,,6547.446,,United Arab Emirates
Dubai,,2060,,6723.3,,United Arab Emirates
Dubai,,2065,,6781.1,,United Arab Emirates
Dubai,,2070,,7006.872,,United Arab Emirates
Dubai,,2075,,7127.638,,United Arab Emirates
Dubai,,2080,,7348.2485,,United Arab Emirates
Dubai,,2085,,7487.7236,,United Arab Emirates
Dubai,,2090,,7544.6763,,United Arab Emirates
Dubai,,2095,,7669.42,,United Arab Emirates
Dubai,,2100,,7731.3438,,United Arab Emirates
Faisalabad,,1975,7624.1997,,Pakistan,
Faisalabad,,1980,7902.9453,,Pakistan,
Faisalabad,,1985,8679.937,,Pakistan,
Faisalabad,,1990,9662.299,,Pakistan,
Faisalabad,,1995,10572.917,,Pakistan,
Faisalabad,,2000,11312.268,,Pakistan,
Faisalabad,,2005,11938.269,,Pakistan,
Faisalabad,,2010,13377.483,,Pakistan,
Faisalabad,,2015,14676.561,,Pakistan,
Faisalabad,,2020,16527.256,16527.256,Pakistan,Pakistan
Faisalabad,,2025,,16323.701,,Pakistan
Faisalabad,,2030,,16726.215,,Pakistan
Faisalabad,,2035,,16051.377,,Pakistan
Faisalabad,,2040,,16385.783,,Pakistan
Faisalabad,,2045,,16511.361,,Pakistan
Faisalabad,,2050,,16924.197,,Pakistan
Faisalabad,,2055,,17210.762,,Pakistan
Faisalabad,,2060,,16718.986,,Pakistan
Faisalabad,,2065,,16721.67,,Pakistan
Faisalabad,,2070,,16337.533,,Pakistan
Faisalabad,,2075,,15430.617,,Pakistan
Faisalabad,,2080,,15274.813,,Pakistan
Faisalabad,,2085,,15088.217,,Pakistan
Faisalabad,,2090,,14838.012,,Pakistan
Faisalabad,,2095,,14083.413,,Pakistan
Faisalabad,,2100,,13847.738,,Pakistan
Guangzhou,,1975,4937.658,,China,
Guangzhou,,1980,4667.0913,,China,
Guangzhou,,1985,4785.475,,China,
Guangzhou,,1990,4934.875,,China,
Guangzhou,,1995,4532.6406,,China,
Guangzhou,,2000,5511.406,,China,
Guangzhou,,2005,5624.4087,,China,
Guangzhou,,2010,5806.3813,,China,
Guangzhou,,2015,5835.635,,China,
Guangzhou,,2020,6060.421,6060.421,China,China
Guangzhou,,2025,,6068.5537,,China
Guangzhou,,2030,,6076.156,,China
Guangzhou,,2035,,6121.4683,,China
Guangzhou,,2040,,6125.966,,China
Guangzhou,,2045,,6110.871,,China
Guangzhou,,2050,,6050.709,,China
Guangzhou,,2055,,5986.574,,China
Guangzhou,,2060,,5916.7354,,China
Guangzhou,,2065,,5734.767,,China
Guangzhou,,2070,,5618.768,,China
Guangzhou,,2075,,5511.031,,China
Guangzhou,,2080,,5391.2017,,China
Guangzhou,,2085,,5223.2734,,China
Guangzhou,,2090,,5153.9116,,China
Guangzhou,,2095,,5036.1685,,China
Guangzhou,,2100,,4894.1514,,China
Hajipur,,1975,7459.617,,India,
Hajipur,,1980,6367.662,,India,
Hajipur,,1985,5733.304,,India,
Hajipur,,1990,4434.3145,,India,
Hajipur,,1995,4233.4385,,India,
Hajipur,,2000,4097.2046,,India,
Hajipur,,2005,3797.7983,,India,
Hajipur,,2010,3369.2712,,India,
Hajipur,,2015,3318.1692,,India,
Hajipur,,2020,3150.4302,3150.4302,India,India
Hajipur,,2025,,3215.236,,India
Hajipur,,2030,,3261.587,,India
Hajipur,,2035,,3334.9338,,India
Hajipur,,2040,,3430.713,,India
Hajipur,,2045,,3512.4272,,India
Hajipur,,2050,,3601.0054,,India
Hajipur,,2055,,3660.52,,India
Hajipur,,2060,,3709.1177,,India
Hajipur,,2065,,3741.0193,,India
Hajipur,,2070,,3745.6467,,India
Hajipur,,2075,,3746.3843,,India
Hajipur,,2080,,3731.4954,,India
Hajipur,,2085,,3702.6233,,India
Hajipur,,2090,,3696.133,,India
Hajipur,,2095,,3643.483,,India
Hajipur,,2100,,3590.6067,,India
Hangzhou,,1975,5432.272,,China,
Hangzhou,,1980,5019.2227,,China,
Hangzhou,,1985,4638.1343,,China,
Hangzhou,,1990,4392.974,,China,
Hangzhou,,1995,4699.4785,,China,
Hangzhou,,2000,5040.5044,,China,
Hangzhou,,2005,5109.322,,China,
Hangzhou,,2010,4804.258,,China,
Hangzhou,,2015,4697.0674,,China,
Hangzhou,,2020,4717.2095,4717.2095,China,China
Hangzhou,,2025,,4658.514,,China
Hangzhou,,2030,,4687.6343,,China
Hangzhou,,2035,,4724.33,,China
Hangzhou,,2040,,4741.9346,,China
Hangzhou,,2045,,4736.1724,,China
Hangzhou,,2050,,4667.6055,,China
Hangzhou,,2055,,4648.8286,,China
Hangzhou,,2060,,4613.3276,,China
Hangzhou,,2065,,4552.3945,,China
Hangzhou,,2070,,4492.5063,,China
Hangzhou,,2075,,4414.0024,,China
Hangzhou,,2080,,4356.814,,China
Hangzhou,,2085,,4249.264,,China
Hangzhou,,2090,,4199.566,,China
Hangzhou,,2095,,4270.3643,,China
Hangzhou,,2100,,4165.5566,,China
Hanoi,,1975,7501.762,,Vietnam,
Hanoi,,1980,7418.464,,Vietnam,
Hanoi,,1985,6562.812,,Vietnam,
Hanoi,,1990,6511.322,,Vietnam,
Hanoi,,1995,5440.127,,Vietnam,
Hanoi,,2000,5296.0273,,Vietnam,
Hanoi,,2005,5445.176,,Vietnam,
Hanoi,,2010,5446.638,,Vietnam,
Hanoi,,2015,5598.977,,Vietnam,
Hanoi,,2020,5689.2363,5689.2363,Vietnam,Vietnam
Hanoi,,2025,,5825.763,,Vietnam
Hanoi,,2030,,5802.341,,Vietnam
Hanoi,,2035,,5774.4565,,Vietnam
Hanoi,,2040,,5845.2954,,Vietnam
Hanoi,,2045,,5789.1724,,Vietnam
Hanoi,,2050,,5701.817,,Vietnam
Hanoi,,2055,,5623.5547,,Vietnam
Hanoi,,2060,,5622.7544,,Vietnam
Hanoi,,2065,,5548.1626,,Vietnam
Hanoi,,2070,,5456.241,,Vietnam
Hanoi,,2075,,5331.201,,Vietnam
Hanoi,,2080,,5296.371,,Vietnam
Hanoi,,2085,,5178.987,,Vietnam
Hanoi,,2090,,5299.777,,Vietnam
Hanoi,,2095,,5289.7207,,Vietnam
Hanoi,,2100,,5304.982,,Vietnam
Harbin,,1975,7579.9946,,China,
Harbin,,1980,7598.8013,,China,
Harbin,,1985,7740.3784,,China,
Harbin,,1990,7812.211,,China,
Harbin,,1995,8727.166,,China,
Harbin,,2000,9444.703,,China,
Harbin,,2005,9769.498,,China,
Harbin,,2010,9890.94,,China,
Harbin,,2015,10141.581,,China,
Harbin,,2020,10511.092,10511.092,China,China
Harbin,,2025,,10494.626,,China
Harbin,,2030,,10376.738,,China
Harbin,,2035,,10297.433,,China
Harbin,,2040,,10174.008,,China
Harbin,,2045,,10130.724,,China
Harbin,,2050,,9954.151,,China
Harbin,,2055,,9779.683,,China
Harbin,,2060,,9570.565,,China
Harbin,,2065,,9531.15,,China
Harbin,,2070,,9491.468,,China
Harbin,,2075,,9564.889,,China
Harbin,,2080,,9486.446,,China
Harbin,,2085,,9241.137,,China
Harbin,,2090,,8958.061,,China
Harbin,,2095,,8598.15,,China
Harbin,,2100,,8351.971,,China
Hefei,,1975,6877.9097,,China,
Hefei,,1980,7266.293,,China,
Hefei,,1985,7453.8374,,China,
Hefei,,1990,8043.2573,,China,
Hefei,,1995,8758.173,,China,
Hefei,,2000,8181.6226,,China,
Hefei,,2005,8666.232,,China,
Hefei,,2010,8854.716,,China,
Hefei,,2015,8790.075,,China,
Hefei,,2020,9715.233,9715.233,China,China
Hefei,,2025,,9733.999,,China
Hefei,,2030,,9628.683,,China
Hefei,,2035,,9689.769,,China
Hefei,,2040,,9650.385,,China
Hefei,,2045,,10057.927,,China
Hefei,,2050,,9813.684,,China
Hefei,,2055,,10006.12,,China
Hefei,,2060,,9650.505,,China
Hefei,,2065,,9497.222,,China
Hefei,,2070,,9146.504,,China
Hefei,,2075,,9228.595,,China
Hefei,,2080,,8811.75,,China
Hefei,,2085,,8606.01,,China
Hefei,,2090,,8658.155,,China
Hefei,,2095,,8577.294,,China
Hefei,,2100,,8387.563,,China
Ho Chi Minh City,,1975,7592.4634,,Vietnam,
Ho Chi Minh City,,1980,7125.824,,Vietnam,
Ho Chi Minh City,,1985,5582.9688,,Vietnam,
Ho Chi Minh City,,1990,5249.695,,Vietnam,
Ho Chi Minh City,,1995,5263.642,,Vietnam,
Ho Chi Minh City,,2000,6198.2354,,Vietnam,
Ho Chi Minh City,,2005,6645.964,,Vietnam,
Ho Chi Minh City,,2010,7294.5967,,Vietnam,
Ho Chi Minh City,,2015,8174.8535,,Vietnam,
Ho Chi Minh City,,2020,8970.315,8970.315,Vietnam,Vietnam
Ho Chi Minh City,,2025,,9089.724,,Vietnam
Ho Chi Minh City,,2030,,9217.146,,Vietnam
Ho Chi Minh City,,2035,,9323.843,,Vietnam
Ho Chi Minh City,,2040,,9489.894,,Vietnam
Ho Chi Minh City,,2045,,9575.196,,Vietnam
Ho Chi Minh City,,2050,,9609.746,,Vietnam
Ho Chi Minh City,,2055,,9624.74,,Vietnam
Ho Chi Minh City,,2060,,9523.63,,Vietnam
Ho Chi Minh City,,2065,,9494.581,,Vietnam
Ho Chi Minh City,,2070,,9453.105,,Vietnam
Ho Chi Minh City,,2075,,9458.18,,Vietnam
Ho Chi Minh City,,2080,,9424.393,,Vietnam
Ho Chi Minh City,,2085,,9336.111,,Vietnam
Ho Chi Minh City,,2090,,9258.804,,Vietnam
Ho Chi Minh City,,2095,,9164.058,,Vietnam
Ho Chi Minh City,,2100,,9043.964,,Vietnam
Hong Kong,HKG,1975,16075.5,,China,
Hong Kong,HKG,1980,17225.281,,China,
Hong Kong,HKG,1985,18019.46,,China,
Hong Kong,HKG,1990,17827.947,,China,
Hong Kong,HKG,1995,19387.902,,China,
Hong Kong,HKG,2000,20998.664,,China,
Hong Kong,HKG,2005,21585.959,,China,
Hong Kong,HKG,2010,21191.627,,China,
Hong Kong,HKG,2015,21817.035,,China,
Hong Kong,HKG,2020,21763.14,21763.14,China,China
Hong Kong,HKG,2025,,21687.41,,China
Hong Kong,HKG,2030,,21469.688,,China
Hong Kong,HKG,2035,,20982.447,,China
Hong Kong,HKG,2040,,20299.752,,China
Hong Kong,HKG,2045,,19381.219,,China
Hong Kong,HKG,2050,,17942.031,,China
Hong Kong,HKG,2055,,16704.934,,China
Hong Kong,HKG,2060,,15720.305,,China
Hong Kong,HKG,2065,,14433.876,,China
Hong Kong,HKG,2070,,13936.996,,China
Hong Kong,HKG,2075,,12661.623,,China
Hong Kong,HKG,2080,,11438.228,,China
Hong Kong,HKG,2085,,10782.045,,China
Hong Kong,HKG,2090,,9784.561,,China
Hong Kong,HKG,2095,,9335.112,,China
Hong Kong,HKG,2100,,8510.985,,China
Hyderabad,,1975,6973.8926,,India,
Hyderabad,,1980,7697.1177,,India,
Hyderabad,,1985,8569.664,,India,
Hyderabad,,1990,9814.447,,India,
Hyderabad,,1995,9861.205,,India,
Hyderabad,,2000,9861.06,,India,
Hyderabad,,2005,9803.068,,India,
Hyderabad,,2010,9867.463,,India,
Hyderabad,,2015,10065.523,,India,
Hyderabad,,2020,10468.291,10468.291,India,India
Hyderabad,,2025,,10338.353,,India
Hyderabad,,2030,,10457.302,,India
Hyderabad,,2035,,10427.576,,India
Hyderabad,,2040,,10423.434,,India
Hyderabad,,2045,,10427.372,,India
Hyderabad,,2050,,10387.919,,India
Hyderabad,,2055,,10296.399,,India
Hyderabad,,2060,,10242.695,,India
Hyderabad,,2065,,10173.198,,India
Hyderabad,,2070,,10112.68,,India
Hyderabad,,2075,,10024.536,,India
Hyderabad,,2080,,9904.343,,India
Hyderabad,,2085,,9847.937,,India
Hyderabad,,2090,,9689.824,,India
Hyderabad,,2095,,9540.9,,India
Hyderabad,,2100,,9393.161,,India
Islamabad,,1975,6275.814,,Pakistan,
Islamabad,,1980,6191.6196,,Pakistan,
Islamabad,,1985,5529.8257,,Pakistan,
Islamabad,,1990,6058.9077,,Pakistan,
Islamabad,,1995,6621.8003,,Pakistan,
Islamabad,,2000,7753.8857,,Pakistan,
Islamabad,,2005,7535.4834,,Pakistan,
Islamabad,,2010,8046.642,,Pakistan,
Islamabad,,2015,8153.543,,Pakistan,
Islamabad,,2020,8281.531,8281.531,Pakistan,Pakistan
Islamabad,,2025,,8694.247,,Pakistan
Islamabad,,2030,,8871.392,,Pakistan
Islamabad,,2035,,9296.727,,Pakistan
Islamabad,,2040,,9347.916,,Pakistan
Islamabad,,2045,,9464.77,,Pakistan
Islamabad,,2050,,9513.492,,Pakistan
Islamabad,,2055,,9599.037,,Pakistan
Islamabad,,2060,,9755.907,,Pakistan
Islamabad,,2065,,9747.267,,Pakistan
Islamabad,,2070,,9528.739,,Pakistan
Islamabad,,2075,,9354.8125,,Pakistan
Islamabad,,2080,,9115.231,,Pakistan
Islamabad,,2085,,9162.563,,Pakistan
Islamabad,,2090,,9215.189,,Pakistan
Islamabad,,2095,,9097.657,,Pakistan
Islamabad,,2100,,9120.086,,Pakistan
Istanbul,,1975,7247.5317,,Turkey,
Istanbul,,1980,8093.7896,,Turkey,
Istanbul,,1985,8927.6455,,Turkey,
Istanbul,,1990,9771.692,,Turkey,
Istanbul,,1995,9694.801,,Turkey,
Istanbul,,2000,9335.91,,Turkey,
Istanbul,,2005,9926.435,,Turkey,
Istanbul,,2010,11226.091,,Turkey,
Istanbul,,2015,11300.654,,Turkey,
Istanbul,,2020,11604.303,11604.303,Turkey,Turkey
Istanbul,,2025,,11841.296,,Turkey
Istanbul,,2030,,11947.219,,Turkey
Istanbul,,2035,,12141.849,,Turkey
Istanbul,,2040,,12297.194,,Turkey
Istanbul,,2045,,12147.04,,Turkey
Istanbul,,2050,,12130.438,,Turkey
Istanbul,,2055,,12104.754,,Turkey
Istanbul,,2060,,11979.996,,Turkey
Istanbul,,2065,,11796.721,,Turkey
Istanbul,,2070,,11563.49,,Turkey
Istanbul,,2075,,11269.544,,Turkey
Istanbul,,2080,,11035.923,,Turkey
Istanbul,,2085,,10654.9,,Turkey
Istanbul,,2090,,10324.727,,Turkey
Istanbul,,2095,,9953.588,,Turkey
Istanbul,,2100,,9547.544,,Turkey
Jakarta,,1975,5532.814,,Indonesia,
Jakarta,,1980,5750.894,,Indonesia,
Jakarta,,1985,5690.207,,Indonesia,
Jakarta,,1990,5975.846,,Indonesia,
Jakarta,,1995,6195.4336,,Indonesia,
Jakarta,,2000,6454.4683,,Indonesia,
Jakarta,,2005,6954.152,,Indonesia,
Jakarta,,2010,7470.9595,,Indonesia,
Jakarta,,2015,7947.75,,Indonesia,
Jakarta,,2020,8364.197,8364.197,Indonesia,Indonesia
Jakarta,,2025,,8583.629,,Indonesia
Jakarta,,2030,,8710.226,,Indonesia
Jakarta,,2035,,8740.335,,Indonesia
Jakarta,,2040,,8800.531,,Indonesia
Jakarta,,2045,,8820.459,,Indonesia
Jakarta,,2050,,8836.896,,Indonesia
Jakarta,,2055,,8849.021,,Indonesia
Jakarta,,2060,,8858.941,,Indonesia
Jakarta,,2065,,8837.774,,Indonesia
Jakarta,,2070,,8785.1455,,Indonesia
Jakarta,,2075,,8738.05,,Indonesia
Jakarta,,2080,,8645.565,,Indonesia
Jakarta,,2085,,8553.167,,Indonesia
Jakarta,,2090,,8461.854,,Indonesia
Jakarta,,2095,,8309.837,,Indonesia
Jakarta,,2100,,8177.9087,,Indonesia
Johannesburg,,1975,3344.3623,,South Africa,
Johannesburg,,1980,3371.3801,,South Africa,
Johannesburg,,1985,3620.1785,,South Africa,
Johannesburg,,1990,3910.607,,South Africa,
Johannesburg,,1995,4284.916,,South Africa,
Johannesburg,,2000,4522.554,,South Africa,
Johannesburg,,2005,3885.4836,,South Africa,
Johannesburg,,2010,3962.9138,,South Africa,
Johannesburg,,2015,4312.558,,South Africa,
Johannesburg,,2020,4740.892,4740.892,South Africa,South Africa
Johannesburg,,2025,,4897.699,,South Africa
Johannesburg,,2030,,4988.3125,,South Africa
Johannesburg,,2035,,5108.265,,South Africa
Johannesburg,,2040,,5285.246,,South Africa
Johannesburg,,2045,,5373.673,,South Africa
Johannesburg,,2050,,5490.1606,,South Africa
Johannesburg,,2055,,5484.6523,,South Africa
Johannesburg,,2060,,5592.129,,South Africa
Johannesburg,,2065,,5585.8096,,South Africa
Johannesburg,,2070,,5581.701,,South Africa
Johannesburg,,2075,,5610.348,,South Africa
Johannesburg,,2080,,5621.91,,South Africa
Johannesburg,,2085,,5651.153,,South Africa
Johannesburg,,2090,,5687.7954,,South Africa
Johannesburg,,2095,,5725.335,,South Africa
Johannesburg,,2100,,5748.1646,,South Africa
Kabul,,1975,3853.8767,,Afghanistan,
Kabul,,1980,5159.212,,Afghanistan,
Kabul,,1985,6376.251,,Afghanistan,
Kabul,,1990,8000.057,,Afghanistan,
Kabul,,1995,8951.315,,Afghanistan,
Kabul,,2000,10482.262,,Afghanistan,
Kabul,,2005,11349.307,,Afghanistan,
Kabul,,2010,12514.011,,Afghanistan,
Kabul,,2015,13640.678,,Afghanistan,
Kabul,,2020,15289.416,15289.416,Afghanistan,Afghanistan
Kabul,,2025,,14600.354,,Afghanistan
Kabul,,2030,,14412.21,,Afghanistan
Kabul,,2035,,14763.037,,Afghanistan
Kabul,,2040,,15390.102,,Afghanistan
Kabul,,2045,,15790.665,,Afghanistan
Kabul,,2050,,16233.27,,Afghanistan
Kabul,,2055,,16202.486,,Afghanistan
Kabul,,2060,,16400.225,,Afghanistan
Kabul,,2065,,16254.559,,Afghanistan
Kabul,,2070,,16265.761,,Afghanistan
Kabul,,2075,,16623.662,,Afghanistan
Kabul,,2080,,16674.145,,Afghanistan
Kabul,,2085,,16748.01,,Afghanistan
Kabul,,2090,,16843.223,,Afghanistan
Kabul,,2095,,16966.633,,Afghanistan
Kabul,,2100,,17105.475,,Afghanistan
Kampala,,1975,3511.7173,,Uganda,
Kampala,,1980,3721.594,,Uganda,
Kampala,,1985,4209.485,,Uganda,
Kampala,,1990,4522.437,,Uganda,
Kampala,,1995,4609.031,,Uganda,
Kampala,,2000,4611.1865,,Uganda,
Kampala,,2005,4878.382,,Uganda,
Kampala,,2010,4795.174,,Uganda,
Kampala,,2015,5185.3447,,Uganda,
Kampala,,2020,5629.0854,5629.0854,Uganda,Uganda
Kampala,,2025,,5981.548,,Uganda
Kampala,,2030,,6335.431,,Uganda
Kampala,,2035,,6531.314,,Uganda
Kampala,,2040,,6694.736,,Uganda
Kampala,,2045,,6621.9766,,Uganda
Kampala,,2050,,6834.3057,,Uganda
Kampala,,2055,,6912.0874,,Uganda
Kampala,,2060,,7026.404,,Uganda
Kampala,,2065,,6984.524,,Uganda
Kampala,,2070,,6956.255,,Uganda
Kampala,,2075,,6947.5664,,Uganda
Kampala,,2080,,6754.102,,Uganda
Kampala,,2085,,6637.1826,,Uganda
Kampala,,2090,,6488.3813,,Uganda
Kampala,,2095,,6504.3813,,Uganda
Kampala,,2100,,6482.9116,,Uganda
Kano,,1975,4835,,Nigeria,
Kano,,1980,6680.734,,Nigeria,
Kano,,1985,7410.3247,,Nigeria,
Kano,,1990,7716.388,,Nigeria,
Kano,,1995,8527.03,,Nigeria,
Kano,,2000,9219.843,,Nigeria,
Kano,,2005,9589.909,,Nigeria,
Kano,,2010,10506.695,,Nigeria,
Kano,,2015,10737.577,,Nigeria,
Kano,,2020,11281.265,11281.265,Nigeria,Nigeria
Kano,,2025,,11256.465,,Nigeria
Kano,,2030,,11395.292,,Nigeria
Kano,,2035,,11332.893,,Nigeria
Kano,,2040,,10698.323,,Nigeria
Kano,,2045,,9656.998,,Nigeria
Kano,,2050,,9727.221,,Nigeria
Kano,,2055,,9808.401,,Nigeria
Kano,,2060,,9085.646,,Nigeria
Kano,,2065,,8722.384,,Nigeria
Kano,,2070,,8556.094,,Nigeria
Kano,,2075,,8525.262,,Nigeria
Kano,,2080,,8280.771,,Nigeria
Kano,,2085,,8305.872,,Nigeria
Kano,,2090,,8280.575,,Nigeria
Kano,,2095,,8250.853,,Nigeria
Kano,,2100,,8222.522,,Nigeria
Kanpur,,1975,10976.921,,India,
Kanpur,,1980,11638.941,,India,
Kanpur,,1985,12034.737,,India,
Kanpur,,1990,12614.995,,India,
Kanpur,,1995,14102.633,,India,
Kanpur,,2000,15686.194,,India,
Kanpur,,2005,16161.583,,India,
Kanpur,,2010,16172.493,,India,
Kanpur,,2015,16364.036,,India,
Kanpur,,2020,14503.992,14503.992,India,India
Kanpur,,2025,,14150.24,,India
Kanpur,,2030,,13827.173,,India
Kanpur,,2035,,13817.437,,India
Kanpur,,2040,,13524.355,,India
Kanpur,,2045,,13655.389,,India
Kanpur,,2050,,13521.513,,India
Kanpur,,2055,,13571.412,,India
Kanpur,,2060,,13521.275,,India
Kanpur,,2065,,13506.284,,India
Kanpur,,2070,,13352.717,,India
Kanpur,,2075,,13338.065,,India
Kanpur,,2080,,13196.288,,India
Kanpur,,2085,,13053.443,,India
Kanpur,,2090,,12879.606,,India
Kanpur,,2095,,12705.671,,India
Kanpur,,2100,,12522.106,,India
Karachi,,1975,10058.046,,Pakistan,
Karachi,,1980,11300.52,,Pakistan,
Karachi,,1985,12636.233,,Pakistan,
Karachi,,1990,13164.135,,Pakistan,
Karachi,,1995,15108.597,,Pakistan,
Karachi,,2000,16795.494,,Pakistan,
Karachi,,2005,17998.174,,Pakistan,
Karachi,,2010,19593.615,,Pakistan,
Karachi,,2015,20942.748,,Pakistan,
Karachi,,2020,24327.834,24327.834,Pakistan,Pakistan
Karachi,,2025,,24623.666,,Pakistan
Karachi,,2030,,26545.158,,Pakistan
Karachi,,2035,,26892.605,,Pakistan
Karachi,,2040,,27692.834,,Pakistan
Karachi,,2045,,28424.818,,Pakistan
Karachi,,2050,,28766.959,,Pakistan
Karachi,,2055,,29606.627,,Pakistan
Karachi,,2060,,30740.836,,Pakistan
Karachi,,2065,,31499.088,,Pakistan
Karachi,,2070,,31653.3,,Pakistan
Karachi,,2075,,32089.1,,Pakistan
Karachi,,2080,,32787.42,,Pakistan
Karachi,,2085,,32448.951,,Pakistan
Karachi,,2090,,31685.682,,Pakistan
Karachi,,2095,,30916.14,,Pakistan
Karachi,,2100,,30277.883,,Pakistan
Khartoum,,1975,3886.3953,,Sudan,
Khartoum,,1980,3372.4001,,Sudan,
Khartoum,,1985,3842.9866,,Sudan,
Khartoum,,1990,4588.3223,,Sudan,
Khartoum,,1995,4989.7764,,Sudan,
Khartoum,,2000,5092.4907,,Sudan,
Khartoum,,2005,5568.2925,,Sudan,
Khartoum,,2010,6074.456,,Sudan,
Khartoum,,2015,6559.7915,,Sudan,
Khartoum,,2020,7000.704,7000.704,Sudan,Sudan
Khartoum,,2025,,7012.7246,,Sudan
Khartoum,,2030,,7282.058,,Sudan
Khartoum,,2035,,7299.0405,,Sudan
Khartoum,,2040,,7431.8604,,Sudan
Khartoum,,2045,,7473.264,,Sudan
Khartoum,,2050,,7549.4434,,Sudan
Khartoum,,2055,,7744.7354,,Sudan
Khartoum,,2060,,7552.8755,,Sudan
Khartoum,,2065,,7662.4653,,Sudan
Khartoum,,2070,,7673.6714,,Sudan
Khartoum,,2075,,7635.0186,,Sudan
Khartoum,,2080,,7675.6567,,Sudan
Khartoum,,2085,,7759.629,,Sudan
Khartoum,,2090,,7737.4565,,Sudan
Khartoum,,2095,,7792.479,,Sudan
Khartoum,,2100,,7800.867,,Sudan
Kinshasa,,1975,4029.6562,,Democratic Republic of Congo,
Kinshasa,,1980,5102.295,,Democratic Republic of Congo,
Kinshasa,,1985,6957.013,,Democratic Republic of Congo,
Kinshasa,,1990,9317.125,,Democratic Republic of Congo,
Kinshasa,,1995,11404.152,,Democratic Republic of Congo,
Kinshasa,,2000,13489.049,,Democratic Republic of Congo,
Kinshasa,,2005,14223.459,,Democratic Republic of Congo,
Kinshasa,,2010,15354.34,,Democratic Republic of Congo,
Kinshasa,,2015,18384.684,,Democratic Republic of Congo,
Kinshasa,,2020,21869.342,21869.342,Democratic Republic of Congo,Democratic Republic of Congo
Kinshasa,,2025,,21416.127,,Democratic Republic of Congo
Kinshasa,,2030,,21920.885,,Democratic Republic of Congo
Kinshasa,,2035,,21507.914,,Democratic Republic of Congo
Kinshasa,,2040,,22000.598,,Democratic Republic of Congo
Kinshasa,,2045,,22134.252,,Democratic Republic of Congo
Kinshasa,,2050,,22390.809,,Democratic Republic of Congo
Kinshasa,,2055,,22472.87,,Democratic Republic of Congo
Kinshasa,,2060,,22332.967,,Democratic Republic of Congo
Kinshasa,,2065,,22152.512,,Democratic Republic of Congo
Kinshasa,,2070,,22035.102,,Democratic Republic of Congo
Kinshasa,,2075,,21428.875,,Democratic Republic of Congo
Kinshasa,,2080,,21462.498,,Democratic Republic of Congo
Kinshasa,,2085,,21547.168,,Democratic Republic of Congo
Kinshasa,,2090,,21633.342,,Democratic Republic of Congo
Kinshasa,,2095,,21551.703,,Democratic Republic of Congo
Kinshasa,,2100,,21054.6,,Democratic Republic of Congo
Kochi,,1975,4942.7993,,India,
Kochi,,1980,4719.6055,,India,
Kochi,,1985,4476.208,,India,
Kochi,,1990,4165.6914,,India,
Kochi,,1995,4172.1353,,India,
Kochi,,2000,4073.9338,,India,
Kochi,,2005,3869.2454,,India,
Kochi,,2010,3812.8555,,India,
Kochi,,2015,3988.2397,,India,
Kochi,,2020,4075.325,4075.325,India,India
Kochi,,2025,,4026.7014,,India
Kochi,,2030,,3900.1226,,India
Kochi,,2035,,3982.3435,,India
Kochi,,2040,,4056.0254,,India
Kochi,,2045,,4098.545,,India
Kochi,,2050,,4118.3286,,India
Kochi,,2055,,4075.888,,India
Kochi,,2060,,4067.7585,,India
Kochi,,2065,,4050.5022,,India
Kochi,,2070,,4013.1272,,India
Kochi,,2075,,3973.0908,,India
Kochi,,2080,,3914.111,,India
Kochi,,2085,,3852.548,,India
Kochi,,2090,,3776.243,,India
Kochi,,2095,,3726.5352,,India
Kochi,,2100,,3718.1719,,India
Kolkata,,1975,13514.256,,India,
Kolkata,,1980,13072.065,,India,
Kolkata,,1985,12198.018,,India,
Kolkata,,1990,11133.658,,India,
Kolkata,,1995,11534.318,,India,
Kolkata,,2000,10294.608,,India,
Kolkata,,2005,10178.96,,India,
Kolkata,,2010,9926.067,,India,
Kolkata,,2015,9918.315,,India,
Kolkata,,2020,9940.79,9940.79,India,India
Kolkata,,2025,,9682.154,,India
Kolkata,,2030,,9506.028,,India
Kolkata,,2035,,9250.661,,India
Kolkata,,2040,,9218.238,,India
Kolkata,,2045,,9233.927,,India
Kolkata,,2050,,9223.082,,India
Kolkata,,2055,,9207.443,,India
Kolkata,,2060,,9134.965,,India
Kolkata,,2065,,9060.997,,India
Kolkata,,2070,,8951.013,,India
Kolkata,,2075,,8866.173,,India
Kolkata,,2080,,8806.061,,India
Kolkata,,2085,,8673.789,,India
Kolkata,,2090,,8677.618,,India
Kolkata,,2095,,8608.506,,India
Kolkata,,2100,,8596.073,,India
Kozhikode,,1975,11339.245,,India,
Kozhikode,,1980,7264.5186,,India,
Kozhikode,,1985,5584.372,,India,
Kozhikode,,1990,6109.953,,India,
Kozhikode,,1995,5586.8843,,India,
Kozhikode,,2000,5852.268,,India,
Kozhikode,,2005,5856.8,,India,
Kozhikode,,2010,5901.8623,,India,
Kozhikode,,2015,5698.1167,,India,
Kozhikode,,2020,5553.0063,5553.0063,India,India
Kozhikode,,2025,,5680.772,,India
Kozhikode,,2030,,5651.125,,India
Kozhikode,,2035,,5545.737,,India
Kozhikode,,2040,,5546.439,,India
Kozhikode,,2045,,5631.3696,,India
Kozhikode,,2050,,5678.882,,India
Kozhikode,,2055,,5700.229,,India
Kozhikode,,2060,,5694.2734,,India
Kozhikode,,2065,,5677.54,,India
Kozhikode,,2070,,5632.6074,,India
Kozhikode,,2075,,5584.469,,India
Kozhikode,,2080,,5511.8237,,India
Kozhikode,,2085,,5539.672,,India
Kozhikode,,2090,,5457.5654,,India
Kozhikode,,2095,,5454.2456,,India
Kozhikode,,2100,,5530.8364,,India
Kuala Lumpur,,1975,3105.0286,,Malaysia,
Kuala Lumpur,,1980,2455.331,,Malaysia,
Kuala Lumpur,,1985,2775.8203,,Malaysia,
Kuala Lumpur,,1990,3299.8945,,Malaysia,
Kuala Lumpur,,1995,3587.85,,Malaysia,
Kuala Lumpur,,2000,3946.5857,,Malaysia,
Kuala Lumpur,,2005,4299.54,,Malaysia,
Kuala Lumpur,,2010,4796.8696,,Malaysia,
Kuala Lumpur,,2015,5328.4478,,Malaysia,
Kuala Lumpur,,2020,6048.4834,6048.4834,Malaysia,Malaysia
Kuala Lumpur,,2025,,6277.8667,,Malaysia
Kuala Lumpur,,2030,,6374.861,,Malaysia
Kuala Lumpur,,2035,,6556.4893,,Malaysia
Kuala Lumpur,,2040,,6787.558,,Malaysia
Kuala Lumpur,,2045,,7009.2603,,Malaysia
Kuala Lumpur,,2050,,7185.4497,,Malaysia
Kuala Lumpur,,2055,,7248.2456,,Malaysia
Kuala Lumpur,,2060,,7229.215,,Malaysia
Kuala Lumpur,,2065,,7265.666,,Malaysia
Kuala Lumpur,,2070,,7236.368,,Malaysia
Kuala Lumpur,,2075,,7248.0474,,Malaysia
Kuala Lumpur,,2080,,7220.3696,,Malaysia
Kuala Lumpur,,2085,,7188.8096,,Malaysia
Kuala Lumpur,,2090,,7140.969,,Malaysia
Kuala Lumpur,,2095,,7081.498,,Malaysia
Kuala Lumpur,,2100,,7020.518,,Malaysia
Lagos,,1975,4318.0996,,Nigeria,
Lagos,,1980,5073.8477,,Nigeria,
Lagos,,1985,5966.1904,,Nigeria,
Lagos,,1990,7150.0986,,Nigeria,
Lagos,,1995,8238.277,,Nigeria,
Lagos,,2000,9069.91,,Nigeria,
Lagos,,2005,9541.439,,Nigeria,
Lagos,,2010,9195.194,,Nigeria,
Lagos,,2015,9695.747,,Nigeria,
Lagos,,2020,10257.968,10257.968,Nigeria,Nigeria
Lagos,,2025,,10391.307,,Nigeria
Lagos,,2030,,10755.451,,Nigeria
Lagos,,2035,,11060.936,,Nigeria
Lagos,,2040,,11466.856,,Nigeria
Lagos,,2045,,11476.602,,Nigeria
Lagos,,2050,,11532.663,,Nigeria
Lagos,,2055,,11637.238,,Nigeria
Lagos,,2060,,11218.956,,Nigeria
Lagos,,2065,,11301.733,,Nigeria
Lagos,,2070,,11247.896,,Nigeria
Lagos,,2075,,11297.964,,Nigeria
Lagos,,2080,,11143.342,,Nigeria
Lagos,,2085,,11139.139,,Nigeria
Lagos,,2090,,11099.098,,Nigeria
Lagos,,2095,,11061.062,,Nigeria
Lagos,,2100,,10986.722,,Nigeria
Lahore,,1975,10686.326,,Pakistan,
Lahore,,1980,11448.196,,Pakistan,
Lahore,,1985,11662.204,,Pakistan,
Lahore,,1990,12005.777,,Pakistan,
Lahore,,1995,11593.661,,Pakistan,
Lahore,,2000,12125.843,,Pakistan,
Lahore,,2005,13239.618,,Pakistan,
Lahore,,2010,14547.937,,Pakistan,
Lahore,,2015,15322.236,,Pakistan,
Lahore,,2020,15991.853,15991.853,Pakistan,Pakistan
Lahore,,2025,,15673.661,,Pakistan
Lahore,,2030,,15982.554,,Pakistan
Lahore,,2035,,16306.541,,Pakistan
Lahore,,2040,,16228.969,,Pakistan
Lahore,,2045,,16160.178,,Pakistan
Lahore,,2050,,16245.7705,,Pakistan
Lahore,,2055,,16532.611,,Pakistan
Lahore,,2060,,16443.092,,Pakistan
Lahore,,2065,,16365.685,,Pakistan
Lahore,,2070,,16366.503,,Pakistan
Lahore,,2075,,16123.497,,Pakistan
Lahore,,2080,,15904.204,,Pakistan
Lahore,,2085,,15793.971,,Pakistan
Lahore,,2090,,15675.421,,Pakistan
Lahore,,2095,,15639.496,,Pakistan
Lahore,,2100,,15582.584,,Pakistan
Lima,,1975,5798.6577,,Peru,
Lima,,1980,6688.628,,Peru,
Lima,,1985,7513.775,,Peru,
Lima,,1990,8165.1787,,Peru,
Lima,,1995,8275.5205,,Peru,
Lima,,2000,8474.77,,Peru,
Lima,,2005,8480.542,,Peru,
Lima,,2010,9038.527,,Peru,
Lima,,2015,9635.1875,,Peru,
Lima,,2020,10304.525,10304.525,Peru,Peru
Lima,,2025,,10312.126,,Peru
Lima,,2030,,10271.909,,Peru
Lima,,2035,,10145.206,,Peru
Lima,,2040,,9883.141,,Peru
Lima,,2045,,9961.86,,Peru
Lima,,2050,,10104.965,,Peru
Lima,,2055,,10005.876,,Peru
Lima,,2060,,9850.405,,Peru
Lima,,2065,,9876.855,,Peru
Lima,,2070,,9849.2295,,Peru
Lima,,2075,,9802.792,,Peru
Lima,,2080,,9744.423,,Peru
Lima,,2085,,9669.249,,Peru
Lima,,2090,,9559.697,,Peru
Lima,,2095,,9437.256,,Peru
Lima,,2100,,9306.867,,Peru
London,,1975,4742.498,,United Kingdom,
London,,1980,4547.6367,,United Kingdom,
London,,1985,4547.406,,United Kingdom,
London,,1990,4553.9873,,United Kingdom,
London,,1995,4705.9097,,United Kingdom,
London,,2000,4829.371,,United Kingdom,
London,,2005,5014.3345,,United Kingdom,
London,,2010,5376.649,,United Kingdom,
London,,2015,5718.0166,,United Kingdom,
London,,2020,6122.181,6122.181,United Kingdom,United Kingdom
London,,2025,,6328.323,,United Kingdom
London,,2030,,6497.7856,,United Kingdom
London,,2035,,6623.53,,United Kingdom
London,,2040,,6586.4004,,United Kingdom
London,,2045,,6615.753,,United Kingdom
London,,2050,,6664.18,,United Kingdom
London,,2055,,6716.685,,United Kingdom
London,,2060,,6738.4233,,United Kingdom
London,,2065,,6754.488,,United Kingdom
London,,2070,,6798.8145,,United Kingdom
London,,2075,,6823.6836,,United Kingdom
London,,2080,,6852.553,,United Kingdom
London,,2085,,6866.3003,,United Kingdom
London,,2090,,6863.314,,United Kingdom
London,,2095,,6847.449,,United Kingdom
London,,2100,,6813.351,,United Kingdom
Los Angeles,,1975,2868.0183,,United States,
Los Angeles,,1980,3022.3467,,United States,
Los Angeles,,1985,3082.4175,,United States,
Los Angeles,,1990,3177.5571,,United States,
Los Angeles,,1995,3230.1218,,United States,
Los Angeles,,2000,3246.0498,,United States,
Los Angeles,,2005,3283.666,,United States,
Los Angeles,,2010,3319.643,,United States,
Los Angeles,,2015,3353.5127,,United States,
Los Angeles,,2020,3422.3264,3422.3264,United States,United States
Los Angeles,,2025,,3444.2876,,United States
Los Angeles,,2030,,3467.7002,,United States
Los Angeles,,2035,,3488.2178,,United States
Los Angeles,,2040,,3503.869,,United States
Los Angeles,,2045,,3491.95,,United States
Los Angeles,,2050,,3501.4612,,United States
Los Angeles,,2055,,3513.5918,,United States
Los Angeles,,2060,,3516.945,,United States
Los Angeles,,2065,,3524.586,,United States
Los Angeles,,2070,,3534.7676,,United States
Los Angeles,,2075,,3541.603,,United States
Los Angeles,,2080,,3547.97,,United States
Los Angeles,,2085,,3551.06,,United States
Los Angeles,,2090,,3555.4705,,United States
Los Angeles,,2095,,3560.3413,,United States
Los Angeles,,2100,,3562.527,,United States
Luanda,,1995,1792.1112,,Angola,
Luanda,,2000,2472.8118,,Angola,
Luanda,,2005,3154.721,,Angola,
Luanda,,2010,5337.7026,,Angola,
Luanda,,2015,7988.0146,,Angola,
Luanda,,2020,10477.488,10477.488,Angola,Angola
Luanda,,2025,,10943.337,,Angola
Luanda,,2030,,11973.551,,Angola
Luanda,,2035,,12336.082,,Angola
Luanda,,2040,,12918.756,,Angola
Luanda,,2045,,13680.743,,Angola
Luanda,,2050,,14764.278,,Angola
Luanda,,2055,,15337.795,,Angola
Luanda,,2060,,16210.807,,Angola
Luanda,,2065,,16906.719,,Angola
Luanda,,2070,,17551.018,,Angola
Luanda,,2075,,17865.43,,Angola
Luanda,,2080,,17804.455,,Angola
Luanda,,2085,,17709.629,,Angola
Luanda,,2090,,17500.857,,Angola
Luanda,,2095,,17404.434,,Angola
Luanda,,2100,,16980.7,,Angola
Lucknow,,1975,9045.585,,India,
Lucknow,,1980,9087.133,,India,
Lucknow,,1985,9891.527,,India,
Lucknow,,1990,10859.448,,India,
Lucknow,,1995,10728.493,,India,
Lucknow,,2000,11187.988,,India,
Lucknow,,2005,10598.777,,India,
Lucknow,,2010,10381.144,,India,
Lucknow,,2015,10764.463,,India,
Lucknow,,2020,10592.0205,10592.0205,India,India
Lucknow,,2025,,9985.067,,India
Lucknow,,2030,,9976.531,,India
Lucknow,,2035,,9877.059,,India
Lucknow,,2040,,9761.051,,India
Lucknow,,2045,,9769.23,,India
Lucknow,,2050,,9692.908,,India
Lucknow,,2055,,9635.227,,India
Lucknow,,2060,,9650.269,,India
Lucknow,,2065,,9661.51,,India
Lucknow,,2070,,9624.763,,India
Lucknow,,2075,,9557.613,,India
Lucknow,,2080,,9450.598,,India
Lucknow,,2085,,9321.45,,India
Lucknow,,2090,,9181.248,,India
Lucknow,,2095,,9029.888,,India
Lucknow,,2100,,8913.001,,India
Madrid,,1975,8065.17,,Spain,
Madrid,,1980,8266.572,,Spain,
Madrid,,1985,8173.0845,,Spain,
Madrid,,1990,8160.12,,Spain,
Madrid,,1995,8160.533,,Spain,
Madrid,,2000,7794.879,,Spain,
Madrid,,2005,7859.022,,Spain,
Madrid,,2010,8131.3774,,Spain,
Madrid,,2015,8307.873,,Spain,
Madrid,,2020,8523.414,8523.414,Spain,Spain
Madrid,,2025,,8656.746,,Spain
Madrid,,2030,,8666.208,,Spain
Madrid,,2035,,8663.48,,Spain
Madrid,,2040,,8653.088,,Spain
Madrid,,2045,,8633.734,,Spain
Madrid,,2050,,8558.451,,Spain
Madrid,,2055,,8281.373,,Spain
Madrid,,2060,,8168.328,,Spain
Madrid,,2065,,8051.485,,Spain
Madrid,,2070,,7921.4756,,Spain
Madrid,,2075,,7754.517,,Spain
Madrid,,2080,,7633.661,,Spain
Madrid,,2085,,7510.7905,,Spain
Madrid,,2090,,7415.668,,Spain
Madrid,,2095,,7404.646,,Spain
Madrid,,2100,,7279.709,,Spain
Manila,,1975,8205.924,,Philippines,
Manila,,1980,8327.169,,Philippines,
Manila,,1985,8552.15,,Philippines,
Manila,,1990,7751.099,,Philippines,
Manila,,1995,8442.229,,Philippines,
Manila,,2000,8674.008,,Philippines,
Manila,,2005,8895.273,,Philippines,
Manila,,2010,9436.684,,Philippines,
Manila,,2015,9592.788,,Philippines,
Manila,,2020,10119.543,10119.543,Philippines,Philippines
Manila,,2025,,10145.736,,Philippines
Manila,,2030,,10118.102,,Philippines
Manila,,2035,,10101.044,,Philippines
Manila,,2040,,10213.572,,Philippines
Manila,,2045,,10226.511,,Philippines
Manila,,2050,,10161.044,,Philippines
Manila,,2055,,10149.235,,Philippines
Manila,,2060,,10011.51,,Philippines
Manila,,2065,,9971.633,,Philippines
Manila,,2070,,9835.129,,Philippines
Manila,,2075,,9655.185,,Philippines
Manila,,2080,,9442.436,,Philippines
Manila,,2085,,9293.925,,Philippines
Manila,,2090,,9185.467,,Philippines
Manila,,2095,,8968.989,,Philippines
Manila,,2100,,8727.675,,Philippines
Mashhad,,1975,5311.114,,Iran,
Mashhad,,1980,6246.0293,,Iran,
Mashhad,,1985,7797.3086,,Iran,
Mashhad,,1990,8563.19,,Iran,
Mashhad,,1995,9018.327,,Iran,
Mashhad,,2000,9429.59,,Iran,
Mashhad,,2005,10023.369,,Iran,
Mashhad,,2010,10931.25,,Iran,
Mashhad,,2015,10644.791,,Iran,
Mashhad,,2020,11015.702,11015.702,Iran,Iran
Mashhad,,2025,,11199.685,,Iran
Mashhad,,2030,,11303.928,,Iran
Mashhad,,2035,,11444.29,,Iran
Mashhad,,2040,,11355.629,,Iran
Mashhad,,2045,,11434.846,,Iran
Mashhad,,2050,,11385.137,,Iran
Mashhad,,2055,,11384.366,,Iran
Mashhad,,2060,,11276.155,,Iran
Mashhad,,2065,,11225.334,,Iran
Mashhad,,2070,,11098.558,,Iran
Mashhad,,2075,,10964.832,,Iran
Mashhad,,2080,,10773.475,,Iran
Mashhad,,2085,,10601.25,,Iran
Mashhad,,2090,,10453.399,,Iran
Mashhad,,2095,,10373.899,,Iran
Mashhad,,2100,,10176.781,,Iran
Medan,,1975,4608.49,,Indonesia,
Medan,,1980,5553.6797,,Indonesia,
Medan,,1985,5917.4253,,Indonesia,
Medan,,1990,6141.507,,Indonesia,
Medan,,1995,6437.9746,,Indonesia,
Medan,,2000,6614.163,,Indonesia,
Medan,,2005,6844.223,,Indonesia,
Medan,,2010,6733.3096,,Indonesia,
Medan,,2015,6818.062,,Indonesia,
Medan,,2020,7040.1797,7040.1797,Indonesia,Indonesia
Medan,,2025,,7041.2856,,Indonesia
Medan,,2030,,6859.442,,Indonesia
Medan,,2035,,6841.962,,Indonesia
Medan,,2040,,6791.7017,,Indonesia
Medan,,2045,,6864.94,,Indonesia
Medan,,2050,,6826.8325,,Indonesia
Medan,,2055,,6757.2646,,Indonesia
Medan,,2060,,6669.746,,Indonesia
Medan,,2065,,6549.204,,Indonesia
Medan,,2070,,6403.941,,Indonesia
Medan,,2075,,6395.4688,,Indonesia
Medan,,2080,,6270.8013,,Indonesia
Medan,,2085,,6250.203,,Indonesia
Medan,,2090,,6135.3223,,Indonesia
Medan,,2095,,6184.2104,,Indonesia
Medan,,2100,,6123.5444,,Indonesia
Mexico City,,1975,6702.4727,,Mexico,
Mexico City,,1980,7458.321,,Mexico,
Mexico City,,1985,7992.559,,Mexico,
Mexico City,,1990,8558.431,,Mexico,
Mexico City,,1995,8834.241,,Mexico,
Mexico City,,2000,9199.248,,Mexico,
Mexico City,,2005,9105.141,,Mexico,
Mexico City,,2010,8998.107,,Mexico,
Mexico City,,2015,9052.274,,Mexico,
Mexico City,,2020,8405.961,8405.961,Mexico,Mexico
Mexico City,,2025,,8456.944,,Mexico
Mexico City,,2030,,8486.012,,Mexico
Mexico City,,2035,,8479.634,,Mexico
Mexico City,,2040,,8454.925,,Mexico
Mexico City,,2045,,8432.528,,Mexico
Mexico City,,2050,,8350.863,,Mexico
Mexico City,,2055,,8263.676,,Mexico
Mexico City,,2060,,8135.139,,Mexico
Mexico City,,2065,,8005.6914,,Mexico
Mexico City,,2070,,7838.319,,Mexico
Mexico City,,2075,,7706.271,,Mexico
Mexico City,,2080,,7541.367,,Mexico
Mexico City,,2085,,7363.4907,,Mexico
Mexico City,,2090,,7202.0273,,Mexico
Mexico City,,2095,,7000.944,,Mexico
Mexico City,,2100,,6804.016,,Mexico
Moscow,,1975,6746.5103,,Russia,
Moscow,,1980,7143.193,,Russia,
Moscow,,1985,7393.896,,Russia,
Moscow,,1990,7646.326,,Russia,
Moscow,,1995,7392.4727,,Russia,
Moscow,,2000,7801.134,,Russia,
Moscow,,2005,8310.476,,Russia,
Moscow,,2010,8647.847,,Russia,
Moscow,,2015,8915.499,,Russia,
Moscow,,2020,9424.313,9424.313,Russia,Russia
Moscow,,2025,,9304.774,,Russia
Moscow,,2030,,9340.404,,Russia
Moscow,,2035,,9387.29,,Russia
Moscow,,2040,,9421.132,,Russia
Moscow,,2045,,9468.255,,Russia
Moscow,,2050,,9510.764,,Russia
Moscow,,2055,,9495.31,,Russia
Moscow,,2060,,9483.299,,Russia
Moscow,,2065,,9416.619,,Russia
Moscow,,2070,,9433.795,,Russia
Moscow,,2075,,9431.9,,Russia
Moscow,,2080,,9483.19,,Russia
Moscow,,2085,,9474.32,,Russia
Moscow,,2090,,9483.847,,Russia
Moscow,,2095,,9509.788,,Russia
Moscow,,2100,,9499.198,,Russia
Mumbai,,1975,16223.295,,India,
Mumbai,,1980,17953.951,,India,
Mumbai,,1985,19249.928,,India,
Mumbai,,1990,20866.904,,India,
Mumbai,,1995,22336.328,,India,
Mumbai,,2000,23774.756,,India,
Mumbai,,2005,24405.498,,India,
Mumbai,,2010,24858.01,,India,
Mumbai,,2015,25538.69,,India,
Mumbai,,2020,26695.81,26695.81,India,India
Mumbai,,2025,,27301.426,,India
Mumbai,,2030,,27001.084,,India
Mumbai,,2035,,27068.82,,India
Mumbai,,2040,,27217.79,,India
Mumbai,,2045,,27139.598,,India
Mumbai,,2050,,27353.678,,India
Mumbai,,2055,,27347.803,,India
Mumbai,,2060,,27306.809,,India
Mumbai,,2065,,27327.725,,India
Mumbai,,2070,,27212.904,,India
Mumbai,,2075,,27037.635,,India
Mumbai,,2080,,26661.809,,India
Mumbai,,2085,,26334.115,,India
Mumbai,,2090,,25943.896,,India
Mumbai,,2095,,25529.072,,India
Mumbai,,2100,,25094.9,,India
Nagoya,,1975,3383.33,,Japan,
Nagoya,,1980,3426.5364,,Japan,
Nagoya,,1985,3470.6929,,Japan,
Nagoya,,1990,3587.7112,,Japan,
Nagoya,,1995,3594.0996,,Japan,
Nagoya,,2000,3592.6482,,Japan,
Nagoya,,2005,3539.885,,Japan,
Nagoya,,2010,3566.4553,,Japan,
Nagoya,,2015,3587.0244,,Japan,
Nagoya,,2020,3635.556,3635.556,Japan,Japan
Nagoya,,2025,,3610.9956,,Japan
Nagoya,,2030,,3571.2563,,Japan
Nagoya,,2035,,3538.765,,Japan
Nagoya,,2040,,3490.51,,Japan
Nagoya,,2045,,3467.3967,,Japan
Nagoya,,2050,,3412.5916,,Japan
Nagoya,,2055,,3396.1953,,Japan
Nagoya,,2060,,3370.8933,,Japan
Nagoya,,2065,,3288.3613,,Japan
Nagoya,,2070,,3246.7039,,Japan
Nagoya,,2075,,3167.384,,Japan
Nagoya,,2080,,3118.5098,,Japan
Nagoya,,2085,,3087.6248,,Japan
Nagoya,,2090,,3120.7139,,Japan
Nagoya,,2095,,3109.7024,,Japan
Nagoya,,2100,,3064.3977,,Japan
Nairobi,,1975,4306.5664,,Kenya,
Nairobi,,1980,4421.2,,Kenya,
Nairobi,,1985,4818.508,,Kenya,
Nairobi,,1990,5164.831,,Kenya,
Nairobi,,1995,5721.3643,,Kenya,
Nairobi,,2000,6825.9575,,Kenya,
Nairobi,,2005,7778.409,,Kenya,
Nairobi,,2010,8628.311,,Kenya,
Nairobi,,2015,9183.176,,Kenya,
Nairobi,,2020,10299.116,10299.116,Kenya,Kenya
Nairobi,,2025,,9614.944,,Kenya
Nairobi,,2030,,9676.416,,Kenya
Nairobi,,2035,,9441.5625,,Kenya
Nairobi,,2040,,9536.704,,Kenya
Nairobi,,2045,,9615.781,,Kenya
Nairobi,,2050,,9534.798,,Kenya
Nairobi,,2055,,9739.709,,Kenya
Nairobi,,2060,,9846.075,,Kenya
Nairobi,,2065,,10039.817,,Kenya
Nairobi,,2070,,9995.832,,Kenya
Nairobi,,2075,,10071.636,,Kenya
Nairobi,,2080,,10156.563,,Kenya
Nairobi,,2085,,10116.381,,Kenya
Nairobi,,2090,,10012.271,,Kenya
Nairobi,,2095,,10037.277,,Kenya
Nairobi,,2100,,9969.408,,Kenya
Nanjing,,1975,6847.0635,,China,
Nanjing,,1980,6495.8135,,China,
Nanjing,,1985,6697.006,,China,
Nanjing,,1990,7042.269,,China,
Nanjing,,1995,7124.5903,,China,
Nanjing,,2000,7673.1724,,China,
Nanjing,,2005,7834.347,,China,
Nanjing,,2010,8201.502,,China,
Nanjing,,2015,8674.71,,China,
Nanjing,,2020,9332.551,9332.551,China,China
Nanjing,,2025,,9406.191,,China
Nanjing,,2030,,9359.939,,China
Nanjing,,2035,,9339.505,,China
Nanjing,,2040,,9268.536,,China
Nanjing,,2045,,9119.839,,China
Nanjing,,2050,,9128.353,,China
Nanjing,,2055,,8863.272,,China
Nanjing,,2060,,8655.563,,China
Nanjing,,2065,,8413.31,,China
Nanjing,,2070,,8422.962,,China
Nanjing,,2075,,8166.248,,China
Nanjing,,2080,,8036.6934,,China
Nanjing,,2085,,7695.2046,,China
Nanjing,,2090,,7453.756,,China
Nanjing,,2095,,7574.0996,,China
Nanjing,,2100,,7311.0137,,China
New Delhi,,1975,6607.2573,,India,
New Delhi,,1980,7489.975,,India,
New Delhi,,1985,8671.934,,India,
New Delhi,,1990,9324.271,,India,
New Delhi,,1995,10273.89,,India,
New Delhi,,2000,11533.436,,India,
New Delhi,,2005,12063.618,,India,
New Delhi,,2010,12976.417,,India,
New Delhi,,2015,13458.256,,India,
New Delhi,,2020,14119.967,14119.967,India,India
New Delhi,,2025,,14384.771,,India
New Delhi,,2030,,14604.682,,India
New Delhi,,2035,,14830.474,,India
New Delhi,,2040,,14815.335,,India
New Delhi,,2045,,14841.214,,India
New Delhi,,2050,,14792.966,,India
New Delhi,,2055,,14745.104,,India
New Delhi,,2060,,14773.108,,India
New Delhi,,2065,,14737.847,,India
New Delhi,,2070,,14698.328,,India
New Delhi,,2075,,14609.974,,India
New Delhi,,2080,,14487.931,,India
New Delhi,,2085,,14342.381,,India
New Delhi,,2090,,14162.226,,India
New Delhi,,2095,,13902.625,,India
New Delhi,,2100,,13674.677,,India
New York City,,1975,4941.2505,,United States,
New York City,,1980,4824.2544,,United States,
New York City,,1985,4854.804,,United States,
New York City,,1990,4879.482,,United States,
New York City,,1995,5013.775,,United States,
New York City,,2000,5089.5366,,United States,
New York City,,2005,5115.5205,,United States,
New York City,,2010,5117.4307,,United States,
New York City,,2015,5134.4453,,United States,
New York City,,2020,5204.917,5204.917,United States,United States
New York City,,2025,,5172.8535,,United States
New York City,,2030,,5144.4766,,United States
New York City,,2035,,5104.6045,,United States
New York City,,2040,,5072.6655,,United States
New York City,,2045,,5022.92,,United States
New York City,,2050,,5001.7134,,United States
New York City,,2055,,4939.0264,,United States
New York City,,2060,,4925.0557,,United States
New York City,,2065,,4891.0854,,United States
New York City,,2070,,4859.264,,United States
New York City,,2075,,4832.117,,United States
New York City,,2080,,4802.3784,,United States
New York City,,2085,,4781.007,,United States
New York City,,2090,,4752.3535,,United States
New York City,,2095,,4742.7134,,United States
New York City,,2100,,4727.4634,,United States
Onitsha,,1975,3140.5947,,Nigeria,
Onitsha,,1980,2893.8103,,Nigeria,
Onitsha,,1985,2726.8464,,Nigeria,
Onitsha,,1990,2989.4067,,Nigeria,
Onitsha,,1995,3245.8398,,Nigeria,
Onitsha,,2000,3425.1614,,Nigeria,
Onitsha,,2005,3619.7942,,Nigeria,
Onitsha,,2010,3945.0745,,Nigeria,
Onitsha,,2015,4441.972,,Nigeria,
Onitsha,,2020,4900.8696,4900.8696,Nigeria,Nigeria
Onitsha,,2025,,5148.8623,,Nigeria
Onitsha,,2030,,5505.04,,Nigeria
Onitsha,,2035,,5894.786,,Nigeria
Onitsha,,2040,,6225.651,,Nigeria
Onitsha,,2045,,6340.1284,,Nigeria
Onitsha,,2050,,6677.69,,Nigeria
Onitsha,,2055,,6911.279,,Nigeria
Onitsha,,2060,,7102.3896,,Nigeria
Onitsha,,2065,,7322.355,,Nigeria
Onitsha,,2070,,7435.5396,,Nigeria
Onitsha,,2075,,7556.2603,,Nigeria
Onitsha,,2080,,7583.343,,Nigeria
Onitsha,,2085,,7585.293,,Nigeria
Onitsha,,2090,,7604.3057,,Nigeria
Onitsha,,2095,,7523.3447,,Nigeria
Onitsha,,2100,,7508.8066,,Nigeria
Osaka,,1975,6732.551,,Japan,
Osaka,,1980,6825.1646,,Japan,
Osaka,,1985,6817.3247,,Japan,
Osaka,,1990,6887.5957,,Japan,
Osaka,,1995,6746.664,,Japan,
Osaka,,2000,6505.5366,,Japan,
Osaka,,2005,6347.264,,Japan,
Osaka,,2010,6343.894,,Japan,
Osaka,,2015,6169.9766,,Japan,
Osaka,,2020,6028.95,6028.95,Japan,Japan
Osaka,,2025,,5816.126,,Japan
Osaka,,2030,,5623.279,,Japan
Osaka,,2035,,5400.1323,,Japan
Osaka,,2040,,5177.9,,Japan
Osaka,,2045,,5000.9717,,Japan
Osaka,,2050,,4866.9956,,Japan
Osaka,,2055,,4681.344,,Japan
Osaka,,2060,,4521.247,,Japan
Osaka,,2065,,4345.8696,,Japan
Osaka,,2070,,4150.8994,,Japan
Osaka,,2075,,4008.6868,,Japan
Osaka,,2080,,3899.5742,,Japan
Osaka,,2085,,3792.1553,,Japan
Osaka,,2090,,3739.3604,,Japan
Osaka,,2095,,3649.7144,,Japan
Osaka,,2100,,3571.7053,,Japan
Paris,,1975,5864.0273,,France,
Paris,,1980,5890.5986,,France,
Paris,,1985,5988.5366,,France,
Paris,,1990,6198.569,,France,
Paris,,1995,6277.7417,,France,
Paris,,2000,6396,,France,
Paris,,2005,6474.183,,France,
Paris,,2010,6631.4463,,France,
Paris,,2015,6733.207,,France,
Paris,,2020,6772.798,6772.798,France,France
Paris,,2025,,6793.5703,,France
Paris,,2030,,6788.7583,,France
Paris,,2035,,6789.0547,,France
Paris,,2040,,6780.576,,France
Paris,,2045,,6775.512,,France
Paris,,2050,,6748.258,,France
Paris,,2055,,6719.088,,France
Paris,,2060,,6683.473,,France
Paris,,2065,,6652.217,,France
Paris,,2070,,6635.2676,,France
Paris,,2075,,6592.9976,,France
Paris,,2080,,6589.725,,France
Paris,,2085,,6589.4917,,France
Paris,,2090,,6586.507,,France
Paris,,2095,,6567.0767,,France
Paris,,2100,,6551.741,,France
Pune,,1975,10306.677,,India,
Pune,,1980,9595.931,,India,
Pune,,1985,8510.051,,India,
Pune,,1990,8961.792,,India,
Pune,,1995,8994.771,,India,
Pune,,2000,9507.707,,India,
Pune,,2005,10046.55,,India,
Pune,,2010,10829.715,,India,
Pune,,2015,11379.918,,India,
Pune,,2020,11346.007,11346.007,India,India
Pune,,2025,,11654.616,,India
Pune,,2030,,11832.324,,India
Pune,,2035,,11662.387,,India
Pune,,2040,,11370.593,,India
Pune,,2045,,11535.521,,India
Pune,,2050,,11520.134,,India
Pune,,2055,,11525.5625,,India
Pune,,2060,,11187.901,,India
Pune,,2065,,11161.783,,India
Pune,,2070,,11106.307,,India
Pune,,2075,,11020.9375,,India
Pune,,2080,,10902.938,,India
Pune,,2085,,10936.384,,India
Pune,,2090,,10848.999,,India
Pune,,2095,,10697.3545,,India
Pune,,2100,,10563.527,,India
Rio de Janeiro,,1975,5611.325,,Brazil,
Rio de Janeiro,,1980,5980.5713,,Brazil,
Rio de Janeiro,,1985,6169.975,,Brazil,
Rio de Janeiro,,1990,6315.804,,Brazil,
Rio de Janeiro,,1995,6615.232,,Brazil,
Rio de Janeiro,,2000,6933.076,,Brazil,
Rio de Janeiro,,2005,7071.2056,,Brazil,
Rio de Janeiro,,2010,7271.6743,,Brazil,
Rio de Janeiro,,2015,7466.968,,Brazil,
Rio de Janeiro,,2020,7564.516,7564.516,Brazil,Brazil
Rio de Janeiro,,2025,,7539.949,,Brazil
Rio de Janeiro,,2030,,7530.048,,Brazil
Rio de Janeiro,,2035,,7520.107,,Brazil
Rio de Janeiro,,2040,,7487.8604,,Brazil
Rio de Janeiro,,2045,,7422.9873,,Brazil
Rio de Janeiro,,2050,,7345.6055,,Brazil
Rio de Janeiro,,2055,,7220.659,,Brazil
Rio de Janeiro,,2060,,7044.7104,,Brazil
Rio de Janeiro,,2065,,6884.577,,Brazil
Rio de Janeiro,,2070,,6718.022,,Brazil
Rio de Janeiro,,2075,,6540.6084,,Brazil
Rio de Janeiro,,2080,,6317.1826,,Brazil
Rio de Janeiro,,2085,,6106.6655,,Brazil
Rio de Janeiro,,2090,,5951.6685,,Brazil
Rio de Janeiro,,2095,,5733.602,,Brazil
Rio de Janeiro,,2100,,5581.994,,Brazil
Riyadh,,1980,1903.5868,,Saudi Arabia,
Riyadh,,1985,2245.8967,,Saudi Arabia,
Riyadh,,1990,2677.997,,Saudi Arabia,
Riyadh,,1995,3323.8562,,Saudi Arabia,
Riyadh,,2000,3794.1682,,Saudi Arabia,
Riyadh,,2005,4677.032,,Saudi Arabia,
Riyadh,,2010,5265.9385,,Saudi Arabia,
Riyadh,,2015,6141.406,,Saudi Arabia,
Riyadh,,2020,6068.999,6068.999,Saudi Arabia,Saudi Arabia
Riyadh,,2025,,6339.5205,,Saudi Arabia
Riyadh,,2030,,6449.46,,Saudi Arabia
Riyadh,,2035,,6445.908,,Saudi Arabia
Riyadh,,2040,,6589.1206,,Saudi Arabia
Riyadh,,2045,,6767.0415,,Saudi Arabia
Riyadh,,2050,,6897.1753,,Saudi Arabia
Riyadh,,2055,,7048.8945,,Saudi Arabia
Riyadh,,2060,,7207.9263,,Saudi Arabia
Riyadh,,2065,,7323.8774,,Saudi Arabia
Riyadh,,2070,,7392.3086,,Saudi Arabia
Riyadh,,2075,,7381.531,,Saudi Arabia
Riyadh,,2080,,7378.62,,Saudi Arabia
Riyadh,,2085,,7491.521,,Saudi Arabia
Riyadh,,2090,,7543.8286,,Saudi Arabia
Riyadh,,2095,,7597.8125,,Saudi Arabia
Riyadh,,2100,,7604.357,,Saudi Arabia
Saint Petersburg,,1975,8113.4053,,Russia,
Saint Petersburg,,1980,8628.398,,Russia,
Saint Petersburg,,1985,8914.1455,,Russia,
Saint Petersburg,,1990,9139.749,,Russia,
Saint Petersburg,,1995,8793.445,,Russia,
Saint Petersburg,,2000,8413.308,,Russia,
Saint Petersburg,,2005,8482.742,,Russia,
Saint Petersburg,,2010,8603.93,,Russia,
Saint Petersburg,,2015,8929.082,,Russia,
Saint Petersburg,,2020,9429.468,9429.468,Russia,Russia
Saint Petersburg,,2025,,9305.498,,Russia
Saint Petersburg,,2030,,9282.495,,Russia
Saint Petersburg,,2035,,9225.2295,,Russia
Saint Petersburg,,2040,,9206.459,,Russia
Saint Petersburg,,2045,,9189.851,,Russia
Saint Petersburg,,2050,,9100.264,,Russia
Saint Petersburg,,2055,,9066.466,,Russia
Saint Petersburg,,2060,,9014.415,,Russia
Saint Petersburg,,2065,,8956.635,,Russia
Saint Petersburg,,2070,,8914.531,,Russia
Saint Petersburg,,2075,,8870.096,,Russia
Saint Petersburg,,2080,,8856.0625,,Russia
Saint Petersburg,,2085,,8843.013,,Russia
Saint Petersburg,,2090,,8838.283,,Russia
Saint Petersburg,,2095,,8830.412,,Russia
Saint Petersburg,,2100,,8810.961,,Russia
Santiago,,1975,5591.6465,,Chile,
Santiago,,1980,6348.8403,,Chile,
Santiago,,1985,6821.2188,,Chile,
Santiago,,1990,7315.76,,Chile,
Santiago,,1995,7553.321,,Chile,
Santiago,,2000,7930.206,,Chile,
Santiago,,2005,7789.3647,,Chile,
Santiago,,2010,7877.425,,Chile,
Santiago,,2015,8000.4067,,Chile,
Santiago,,2020,8365.673,8365.673,Chile,Chile
Santiago,,2025,,8376.146,,Chile
Santiago,,2030,,8366.558,,Chile
Santiago,,2035,,8373.164,,Chile
Santiago,,2040,,8282.973,,Chile
Santiago,,2045,,8247.603,,Chile
Santiago,,2050,,8183.4355,,Chile
Santiago,,2055,,8079.0034,,Chile
Santiago,,2060,,8013.952,,Chile
Santiago,,2065,,7804.037,,Chile
Santiago,,2070,,7558.276,,Chile
Santiago,,2075,,7310.816,,Chile
Santiago,,2080,,7028.713,,Chile
Santiago,,2085,,6773.882,,Chile
Santiago,,2090,,6496.847,,Chile
Santiago,,2095,,6214.7617,,Chile
Santiago,,2100,,5929.603,,Chile
Santo Domingo,,1975,5810.59,,Dominican Republic,
Santo Domingo,,1980,7093.6113,,Dominican Republic,
Santo Domingo,,1985,7254.966,,Dominican Republic,
Santo Domingo,,1990,7706.5747,,Dominican Republic,
Santo Domingo,,1995,7508.3125,,Dominican Republic,
Santo Domingo,,2000,7914.484,,Dominican Republic,
Santo Domingo,,2005,8400.2,,Dominican Republic,
Santo Domingo,,2010,8709.758,,Dominican Republic,
Santo Domingo,,2015,8584.251,,Dominican Republic,
Santo Domingo,,2020,8804.203,8804.203,Dominican Republic,Dominican Republic
Santo Domingo,,2025,,8984.5,,Dominican Republic
Santo Domingo,,2030,,8587.254,,Dominican Republic
Santo Domingo,,2035,,8575.157,,Dominican Republic
Santo Domingo,,2040,,8622.1,,Dominican Republic
Santo Domingo,,2045,,8538.636,,Dominican Republic
Santo Domingo,,2050,,8526.597,,Dominican Republic
Santo Domingo,,2055,,8446.892,,Dominican Republic
Santo Domingo,,2060,,8332.634,,Dominican Republic
Santo Domingo,,2065,,8323.322,,Dominican Republic
Santo Domingo,,2070,,8184.6577,,Dominican Republic
Santo Domingo,,2075,,8149.0757,,Dominican Republic
Santo Domingo,,2080,,8083.7373,,Dominican Republic
Santo Domingo,,2085,,7988.199,,Dominican Republic
Santo Domingo,,2090,,7869.8276,,Dominican Republic
Santo Domingo,,2095,,7726.844,,Dominican Republic
Santo Domingo,,2100,,7579.7393,,Dominican Republic
Sao Paulo,,1975,5983.0327,,Brazil,
Sao Paulo,,1980,7201.765,,Brazil,
Sao Paulo,,1985,7693.6733,,Brazil,
Sao Paulo,,1990,8049.97,,Brazil,
Sao Paulo,,1995,8366.381,,Brazil,
Sao Paulo,,2000,8622.616,,Brazil,
Sao Paulo,,2005,8869.189,,Brazil,
Sao Paulo,,2010,9171.678,,Brazil,
Sao Paulo,,2015,9279.772,,Brazil,
Sao Paulo,,2020,9330.992,9330.992,Brazil,Brazil
Sao Paulo,,2025,,9270.935,,Brazil
Sao Paulo,,2030,,9173.354,,Brazil
Sao Paulo,,2035,,9147.415,,Brazil
Sao Paulo,,2040,,9075.868,,Brazil
Sao Paulo,,2045,,8965.738,,Brazil
Sao Paulo,,2050,,8804.882,,Brazil
Sao Paulo,,2055,,8621.271,,Brazil
Sao Paulo,,2060,,8384.243,,Brazil
Sao Paulo,,2065,,8143.074,,Brazil
Sao Paulo,,2070,,7941.329,,Brazil
Sao Paulo,,2075,,7689.2544,,Brazil
Sao Paulo,,2080,,7457.2236,,Brazil
Sao Paulo,,2085,,7205.015,,Brazil
Sao Paulo,,2090,,6946.6035,,Brazil
Sao Paulo,,2095,,6680.329,,Brazil
Sao Paulo,,2100,,6437.3887,,Brazil
Seoul,,1975,10609.522,,South Korea,
Seoul,,1980,11970.376,,South Korea,
Seoul,,1985,11813.689,,South Korea,
Seoul,,1990,12463.658,,South Korea,
Seoul,,1995,11369.976,,South Korea,
Seoul,,2000,10581.776,,South Korea,
Seoul,,2005,9990.594,,South Korea,
Seoul,,2010,9687.766,,South Korea,
Seoul,,2015,9736.576,,South Korea,
Seoul,,2020,9808.336,9808.336,South Korea,South Korea
Seoul,,2025,,9973.606,,South Korea
Seoul,,2030,,10007.472,,South Korea
Seoul,,2035,,9978.902,,South Korea
Seoul,,2040,,9858.244,,South Korea
Seoul,,2045,,9661.619,,South Korea
Seoul,,2050,,9395.93,,South Korea
Seoul,,2055,,9164.883,,South Korea
Seoul,,2060,,8795.343,,South Korea
Seoul,,2065,,8412.385,,South Korea
Seoul,,2070,,8029.3086,,South Korea
Seoul,,2075,,7625.366,,South Korea
Seoul,,2080,,7288.6,,South Korea
Seoul,,2085,,7001.362,,South Korea
Seoul,,2090,,6649.9414,,South Korea
Seoul,,2095,,6338.9204,,South Korea
Seoul,,2100,,6140.769,,South Korea
Shanghai,,1975,6434.5425,,China,
Shanghai,,1980,6054.7,,China,
Shanghai,,1985,5995.015,,China,
Shanghai,,1990,6443.0454,,China,
Shanghai,,1995,6502.87,,China,
Shanghai,,2000,7113.3086,,China,
Shanghai,,2005,7256.6187,,China,
Shanghai,,2010,7822.1323,,China,
Shanghai,,2015,8444.594,,China,
Shanghai,,2020,9387.129,9387.129,China,China
Shanghai,,2025,,9443.74,,China
Shanghai,,2030,,9588.607,,China
Shanghai,,2035,,9726.192,,China
Shanghai,,2040,,9782.391,,China
Shanghai,,2045,,9947.341,,China
Shanghai,,2050,,9989.181,,China
Shanghai,,2055,,9963.292,,China
Shanghai,,2060,,9857.811,,China
Shanghai,,2065,,9633.074,,China
Shanghai,,2070,,9431.812,,China
Shanghai,,2075,,9166.219,,China
Shanghai,,2080,,8888.503,,China
Shanghai,,2085,,8489.337,,China
Shanghai,,2090,,8317.107,,China
Shanghai,,2095,,7951.762,,China
Shanghai,,2100,,7619.788,,China
Shenyang,,1975,12832.956,,China,
Shenyang,,1980,12988.614,,China,
Shenyang,,1985,12550.279,,China,
Shenyang,,1990,12544.653,,China,
Shenyang,,1995,12475.361,,China,
Shenyang,,2000,12099.671,,China,
Shenyang,,2005,12436.086,,China,
Shenyang,,2010,11611.991,,China,
Shenyang,,2015,12023.26,,China,
Shenyang,,2020,12022.367,12022.367,China,China
Shenyang,,2025,,11855.797,,China
Shenyang,,2030,,11732.302,,China
Shenyang,,2035,,11565.23,,China
Shenyang,,2040,,11479.975,,China
Shenyang,,2045,,11303.456,,China
Shenyang,,2050,,11177.881,,China
Shenyang,,2055,,11002.04,,China
Shenyang,,2060,,11262.181,,China
Shenyang,,2065,,11097.327,,China
Shenyang,,2070,,10851.997,,China
Shenyang,,2075,,10595.879,,China
Shenyang,,2080,,10096.307,,China
Shenyang,,2085,,9755.163,,China
Shenyang,,2090,,9740.692,,China
Shenyang,,2095,,9727.008,,China
Shenyang,,2100,,9505.564,,China
Shenzhen,,1975,11347.534,,China,
Shenzhen,,1980,7357.925,,China,
Shenzhen,,1985,6254.9785,,China,
Shenzhen,,1990,4162.953,,China,
Shenzhen,,1995,4079.238,,China,
Shenzhen,,2000,6592.2324,,China,
Shenzhen,,2005,7436.214,,China,
Shenzhen,,2010,8348.418,,China,
Shenzhen,,2015,8670.739,,China,
Shenzhen,,2020,9089.212,9089.212,China,China
Shenzhen,,2025,,9512.266,,China
Shenzhen,,2030,,9414.91,,China
Shenzhen,,2035,,9518.171,,China
Shenzhen,,2040,,9448.392,,China
Shenzhen,,2045,,9472.612,,China
Shenzhen,,2050,,9367.776,,China
Shenzhen,,2055,,9277.352,,China
Shenzhen,,2060,,9062.966,,China
Shenzhen,,2065,,8765.734,,China
Shenzhen,,2070,,8529.404,,China
Shenzhen,,2075,,8241.357,,China
Shenzhen,,2080,,8000.36,,China
Shenzhen,,2085,,7617.688,,China
Shenzhen,,2090,,7378.933,,China
Shenzhen,,2095,,7171.801,,China
Shenzhen,,2100,,6797.751,,China
Singapore,SGP,1975,6571.341,,Singapore,
Singapore,SGP,1980,6650.2295,,Singapore,
Singapore,SGP,1985,7223.0874,,Singapore,
Singapore,SGP,1990,7958.7573,,Singapore,
Singapore,SGP,1995,8911.998,,Singapore,
Singapore,SGP,2000,10140.825,,Singapore,
Singapore,SGP,2005,10614.287,,Singapore,
Singapore,SGP,2010,12151.56,,Singapore,
Singapore,SGP,2015,13030.349,,Singapore,
Singapore,SGP,2020,13086.836,13086.836,Singapore,Singapore
Singapore,SGP,2025,,13525.879,,Singapore
Singapore,SGP,2030,,13687.507,,Singapore
Singapore,SGP,2035,,13500.691,,Singapore
Singapore,SGP,2040,,13572.027,,Singapore
Singapore,SGP,2045,,13481.993,,Singapore
Singapore,SGP,2050,,13313.334,,Singapore
Singapore,SGP,2055,,13058.706,,Singapore
Singapore,SGP,2060,,12839.6875,,Singapore
Singapore,SGP,2065,,12539.251,,Singapore
Singapore,SGP,2070,,12030.611,,Singapore
Singapore,SGP,2075,,11546.64,,Singapore
Singapore,SGP,2080,,11012.38,,Singapore
Singapore,SGP,2085,,10530.831,,Singapore
Singapore,SGP,2090,,10109.638,,Singapore
Singapore,SGP,2095,,9562.686,,Singapore
Singapore,SGP,2100,,9067.525,,Singapore
Surabaya,,1975,5123.127,,Indonesia,
Surabaya,,1980,5253.208,,Indonesia,
Surabaya,,1985,5139.5415,,Indonesia,
Surabaya,,1990,5143.1123,,Indonesia,
Surabaya,,1995,5166.1216,,Indonesia,
Surabaya,,2000,5268.7983,,Indonesia,
Surabaya,,2005,5128.08,,Indonesia,
Surabaya,,2010,5135.7666,,Indonesia,
Surabaya,,2015,5199.732,,Indonesia,
Surabaya,,2020,5281.52,5281.52,Indonesia,Indonesia
Surabaya,,2025,,5252.113,,Indonesia
Surabaya,,2030,,5228.156,,Indonesia
Surabaya,,2035,,5200.1914,,Indonesia
Surabaya,,2040,,5124.8306,,Indonesia
Surabaya,,2045,,5055.0146,,Indonesia
Surabaya,,2050,,4970.8525,,Indonesia
Surabaya,,2055,,4940.8,,Indonesia
Surabaya,,2060,,4838.471,,Indonesia
Surabaya,,2065,,4752.8804,,Indonesia
Surabaya,,2070,,4762.082,,Indonesia
Surabaya,,2075,,4727.153,,Indonesia
Surabaya,,2080,,4624.683,,Indonesia
Surabaya,,2085,,4566.8813,,Indonesia
Surabaya,,2090,,4501.921,,Indonesia
Surabaya,,2095,,4540.889,,Indonesia
Surabaya,,2100,,4493.6978,,Indonesia
Surat,,1975,19499.637,,India,
Surat,,1980,21159.605,,India,
Surat,,1985,21611.672,,India,
Surat,,1990,21880.602,,India,
Surat,,1995,20882.965,,India,
Surat,,2000,20582.926,,India,
Surat,,2005,19174.506,,India,
Surat,,2010,20070.604,,India,
Surat,,2015,21635.922,,India,
Surat,,2020,23384.418,23384.418,India,India
Surat,,2025,,24072.91,,India
Surat,,2030,,25065.443,,India
Surat,,2035,,25248.314,,India
Surat,,2040,,25502.287,,India
Surat,,2045,,25690.346,,India
Surat,,2050,,26131.873,,India
Surat,,2055,,26473.799,,India
Surat,,2060,,26271.234,,India
Surat,,2065,,26413.791,,India
Surat,,2070,,25945.99,,India
Surat,,2075,,25905.363,,India
Surat,,2080,,25756.684,,India
Surat,,2085,,25566.096,,India
Surat,,2090,,25708.8,,India
Surat,,2095,,25887.402,,India
Surat,,2100,,25571.434,,India
Suzhou,,1975,7443.571,,China,
Suzhou,,1980,6287.748,,China,
Suzhou,,1985,5876.8135,,China,
Suzhou,,1990,5657.4077,,China,
Suzhou,,1995,5287.7095,,China,
Suzhou,,2000,6139.7686,,China,
Suzhou,,2005,5481.0693,,China,
Suzhou,,2010,4993.457,,China,
Suzhou,,2015,5567.489,,China,
Suzhou,,2020,6656.6953,6656.6953,China,China
Suzhou,,2025,,6613.431,,China
Suzhou,,2030,,6653.2896,,China
Suzhou,,2035,,6604.384,,China
Suzhou,,2040,,6421.6533,,China
Suzhou,,2045,,6323.576,,China
Suzhou,,2050,,6261.69,,China
Suzhou,,2055,,6137.4204,,China
Suzhou,,2060,,5984.0586,,China
Suzhou,,2065,,5797.5723,,China
Suzhou,,2070,,5599.0674,,China
Suzhou,,2075,,5455.8823,,China
Suzhou,,2080,,5299.925,,China
Suzhou,,2085,,5238.4404,,China
Suzhou,,2090,,5185.7134,,China
Suzhou,,2095,,5142.1978,,China
Suzhou,,2100,,4947.291,,China
Sydney,,1975,2150.7026,,Australia,
Sydney,,1980,2215.0186,,Australia,
Sydney,,1985,2316.126,,Australia,
Sydney,,1990,2441.8418,,Australia,
Sydney,,1995,2538.337,,Australia,
Sydney,,2000,2509.595,,Australia,
Sydney,,2005,2552.5178,,Australia,
Sydney,,2010,2684.8657,,Australia,
Sydney,,2015,2917.0818,,Australia,
Sydney,,2020,3121.2588,3121.2588,Australia,Australia
Sydney,,2025,,3151.7974,,Australia
Sydney,,2030,,3190.5498,,Australia
Sydney,,2035,,3220.314,,Australia
Sydney,,2040,,3229.8892,,Australia
Sydney,,2045,,3247.2808,,Australia
Sydney,,2050,,3267.4077,,Australia
Sydney,,2055,,3286.8115,,Australia
Sydney,,2060,,3271.531,,Australia
Sydney,,2065,,3258.6926,,Australia
Sydney,,2070,,3294.4822,,Australia
Sydney,,2075,,3318.0752,,Australia
Sydney,,2080,,3342.6714,,Australia
Sydney,,2085,,3340.66,,Australia
Sydney,,2090,,3364.3833,,Australia
Sydney,,2095,,3396.5125,,Australia
Sydney,,2100,,3433.0754,,Australia
Taipei,,1975,7471.861,,Taiwan,
Taipei,,1980,8473.689,,Taiwan,
Taipei,,1985,8393.829,,Taiwan,
Taipei,,1990,9182.756,,Taiwan,
Taipei,,1995,9153.131,,Taiwan,
Taipei,,2000,9259.762,,Taiwan,
Taipei,,2005,9210.007,,Taiwan,
Taipei,,2010,9445.001,,Taiwan,
Taipei,,2015,9583.231,,Taiwan,
Taipei,,2020,9823.166,9823.166,Taiwan,Taiwan
Taipei,,2025,,9751.112,,Taiwan
Taipei,,2030,,9662.319,,Taiwan
Taipei,,2035,,9519.66,,Taiwan
Taipei,,2040,,9361.34,,Taiwan
Taipei,,2045,,9110.153,,Taiwan
Taipei,,2050,,8878.007,,Taiwan
Taipei,,2055,,8636.39,,Taiwan
Taipei,,2060,,8270.928,,Taiwan
Taipei,,2065,,7883.35,,Taiwan
Taipei,,2070,,7483.3994,,Taiwan
Taipei,,2075,,7301.1704,,Taiwan
Taipei,,2080,,7057.2056,,Taiwan
Taipei,,2085,,6741.596,,Taiwan
Taipei,,2090,,6632.61,,Taiwan
Taipei,,2095,,6403.719,,Taiwan
Taipei,,2100,,6186.8047,,Taiwan
Tehran,,1975,6481.916,,Iran,
Tehran,,1980,7434.884,,Iran,
Tehran,,1985,8338.193,,Iran,
Tehran,,1990,8974.601,,Iran,
Tehran,,1995,9016.153,,Iran,
Tehran,,2000,9078.074,,Iran,
Tehran,,2005,9335.636,,Iran,
Tehran,,2010,9764.433,,Iran,
Tehran,,2015,10474.538,,Iran,
Tehran,,2020,11367.202,11367.202,Iran,Iran
Tehran,,2025,,11672.982,,Iran
Tehran,,2030,,11453.9795,,Iran
Tehran,,2035,,11472.457,,Iran
Tehran,,2040,,11350.756,,Iran
Tehran,,2045,,11345.173,,Iran
Tehran,,2050,,11295.44,,Iran
Tehran,,2055,,11201.182,,Iran
Tehran,,2060,,10987.732,,Iran
Tehran,,2065,,10832.689,,Iran
Tehran,,2070,,10548.374,,Iran
Tehran,,2075,,10276.183,,Iran
Tehran,,2080,,9944.238,,Iran
Tehran,,2085,,9656.187,,Iran
Tehran,,2090,,9419.379,,Iran
Tehran,,2095,,9147.075,,Iran
Tehran,,2100,,8909.925,,Iran
Tianjin,,1975,9614.491,,China,
Tianjin,,1980,9493.79,,China,
Tianjin,,1985,9340.274,,China,
Tianjin,,1990,9813.3545,,China,
Tianjin,,1995,10578.117,,China,
Tianjin,,2000,11918.086,,China,
Tianjin,,2005,12466.6045,,China,
Tianjin,,2010,13484.329,,China,
Tianjin,,2015,13929.175,,China,
Tianjin,,2020,14255.656,14255.656,China,China
Tianjin,,2025,,13466.436,,China
Tianjin,,2030,,13547.613,,China
Tianjin,,2035,,13570.796,,China
Tianjin,,2040,,13157.774,,China
Tianjin,,2045,,12876.15,,China
Tianjin,,2050,,12806.162,,China
Tianjin,,2055,,12609.622,,China
Tianjin,,2060,,12353.254,,China
Tianjin,,2065,,12346.592,,China
Tianjin,,2070,,12547.76,,China
Tianjin,,2075,,12172.189,,China
Tianjin,,2080,,11807.845,,China
Tianjin,,2085,,11372.572,,China
Tianjin,,2090,,11033.731,,China
Tianjin,,2095,,10777.007,,China
Tianjin,,2100,,10628.23,,China
Tokyo,,1975,5285.507,,Japan,
Tokyo,,1980,5583.3228,,Japan,
Tokyo,,1985,5813.958,,Japan,
Tokyo,,1990,6016.2,,Japan,
Tokyo,,1995,5991.8584,,Japan,
Tokyo,,2000,6155.3037,,Japan,
Tokyo,,2005,6269.2627,,Japan,
Tokyo,,2010,6395.274,,Japan,
Tokyo,,2015,6484.5454,,Japan,
Tokyo,,2020,6552.377,6552.377,Japan,Japan
Tokyo,,2025,,6490.387,,Japan
Tokyo,,2030,,6420.0913,,Japan
Tokyo,,2035,,6330.419,,Japan
Tokyo,,2040,,6260.5864,,Japan
Tokyo,,2045,,6160.4097,,Japan
Tokyo,,2050,,6085.2754,,Japan
Tokyo,,2055,,5974.4556,,Japan
Tokyo,,2060,,5866.7373,,Japan
Tokyo,,2065,,5788.687,,Japan
Tokyo,,2070,,5658.5063,,Japan
Tokyo,,2075,,5549.8223,,Japan
Tokyo,,2080,,5451.7646,,Japan
Tokyo,,2085,,5354.677,,Japan
Tokyo,,2090,,5280.25,,Japan
Tokyo,,2095,,5231.096,,Japan
Tokyo,,2100,,5166.116,,Japan
Toronto,,1975,2613.9434,,Canada,
Toronto,,1980,2649.2456,,Canada,
Toronto,,1985,2873.9705,,Canada,
Toronto,,1990,3021.8953,,Canada,
Toronto,,1995,3197.7925,,Canada,
Toronto,,2000,3348.1514,,Canada,
Toronto,,2005,3480.0288,,Canada,
Toronto,,2010,3638.5437,,Canada,
Toronto,,2015,3769.7673,,Canada,
Toronto,,2020,3948.5874,3948.5874,Canada,Canada
Toronto,,2025,,4040.0225,,Canada
Toronto,,2030,,4066.832,,Canada
Toronto,,2035,,4129.823,,Canada
Toronto,,2040,,4161.349,,Canada
Toronto,,2045,,4217.1655,,Canada
Toronto,,2050,,4236.881,,Canada
Toronto,,2055,,4279.923,,Canada
Toronto,,2060,,4322.055,,Canada
Toronto,,2065,,4355.4043,,Canada
Toronto,,2070,,4387.817,,Canada
Toronto,,2075,,4418.8027,,Canada
Toronto,,2080,,4451.898,,Canada
Toronto,,2085,,4470.852,,Canada
Toronto,,2090,,4489.1763,,Canada
Toronto,,2095,,4512.0166,,Canada
Toronto,,2100,,4527.481,,Canada
Wenzhou,,1975,7272.644,,China,
Wenzhou,,1980,7215.045,,China,
Wenzhou,,1985,7197.1626,,China,
Wenzhou,,1990,6407.4766,,China,
Wenzhou,,1995,6430.77,,China,
Wenzhou,,2000,6887.2603,,China,
Wenzhou,,2005,7047.844,,China,
Wenzhou,,2010,7662.4507,,China,
Wenzhou,,2015,7631.7876,,China,
Wenzhou,,2020,7654.2637,7654.2637,China,China
Wenzhou,,2025,,7801.491,,China
Wenzhou,,2030,,7663.6807,,China
Wenzhou,,2035,,7627.238,,China
Wenzhou,,2040,,7593.6987,,China
Wenzhou,,2045,,7558.169,,China
Wenzhou,,2050,,7445.186,,China
Wenzhou,,2055,,7352.7075,,China
Wenzhou,,2060,,7178.065,,China
Wenzhou,,2065,,7111.0835,,China
Wenzhou,,2070,,6955.469,,China
Wenzhou,,2075,,6739.425,,China
Wenzhou,,2080,,6541.619,,China
Wenzhou,,2085,,6390.332,,China
Wenzhou,,2090,,6120.4277,,China
Wenzhou,,2095,,5881.6274,,China
Wenzhou,,2100,,5684.047,,China
Wuhan,,1975,5928.0103,,China,
Wuhan,,1980,5834.2075,,China,
Wuhan,,1985,6160.908,,China,
Wuhan,,1990,6851.586,,China,
Wuhan,,1995,8133.0503,,China,
Wuhan,,2000,10030.682,,China,
Wuhan,,2005,9593.898,,China,
Wuhan,,2010,9532.623,,China,
Wuhan,,2015,9864.691,,China,
Wuhan,,2020,10411.435,10411.435,China,China
Wuhan,,2025,,10356.608,,China
Wuhan,,2030,,10101.244,,China
Wuhan,,2035,,9913.507,,China
Wuhan,,2040,,9637.344,,China
Wuhan,,2045,,9387.418,,China
Wuhan,,2050,,9343.008,,China
Wuhan,,2055,,8988.545,,China
Wuhan,,2060,,8825.188,,China
Wuhan,,2065,,8546.968,,China
Wuhan,,2070,,8262.479,,China
Wuhan,,2075,,7969.6255,,China
Wuhan,,2080,,7620.4746,,China
Wuhan,,2085,,7352.783,,China
Wuhan,,2090,,7147.581,,China
Wuhan,,2095,,7134.8047,,China
Wuhan,,2100,,6904.1494,,China
Xi'an,,1975,6725.5396,,China,
Xi'an,,1980,5860.63,,China,
Xi'an,,1985,6276.9653,,China,
Xi'an,,1990,7115.1147,,China,
Xi'an,,1995,7073.006,,China,
Xi'an,,2000,8176.673,,China,
Xi'an,,2005,8111.2593,,China,
Xi'an,,2010,8142.365,,China,
Xi'an,,2015,8350.175,,China,
Xi'an,,2020,8481.077,8481.077,China,China
Xi'an,,2025,,8410.053,,China
Xi'an,,2030,,8291.92,,China
Xi'an,,2035,,8342.071,,China
Xi'an,,2040,,8268.848,,China
Xi'an,,2045,,8169.3926,,China
Xi'an,,2050,,8222.95,,China
Xi'an,,2055,,8152.852,,China
Xi'an,,2060,,8059.589,,China
Xi'an,,2065,,7956.9062,,China
Xi'an,,2070,,7815.235,,China
Xi'an,,2075,,7642.409,,China
Xi'an,,2080,,8011.188,,China
Xi'an,,2085,,7698.96,,China
Xi'an,,2090,,7417.2544,,China
Xi'an,,2095,,7558.8394,,China
Xi'an,,2100,,7508.615,,China
Yangon,,1975,6199.079,,Myanmar,
Yangon,,1980,6642.062,,Myanmar,
Yangon,,1985,6755.1987,,Myanmar,
Yangon,,1990,7168.477,,Myanmar,
Yangon,,1995,7448.7393,,Myanmar,
Yangon,,2000,8199.393,,Myanmar,
Yangon,,2005,8889.193,,Myanmar,
Yangon,,2010,9589.12,,Myanmar,
Yangon,,2015,10500.945,,Myanmar,
Yangon,,2020,10890.01,10890.01,Myanmar,Myanmar
Yangon,,2025,,10994.723,,Myanmar
Yangon,,2030,,10974.825,,Myanmar
Yangon,,2035,,11169.859,,Myanmar
Yangon,,2040,,11253.404,,Myanmar
Yangon,,2045,,11213.544,,Myanmar
Yangon,,2050,,11246.122,,Myanmar
Yangon,,2055,,11171.844,,Myanmar
Yangon,,2060,,11105.612,,Myanmar
Yangon,,2065,,11030.824,,Myanmar
Yangon,,2070,,10927.48,,Myanmar
Yangon,,2075,,10821.396,,Myanmar
Yangon,,2080,,10680.191,,Myanmar
Yangon,,2085,,10526.079,,Myanmar
Yangon,,2090,,10358.735,,Myanmar
Yangon,,2095,,10180.352,,Myanmar
Yangon,,2100,,10000.112,,Myanmar
Yaounde,,1975,3857.789,,Cameroon,
Yaounde,,1980,4494.6484,,Cameroon,
Yaounde,,1985,5354.7495,,Cameroon,
Yaounde,,1990,6100.259,,Cameroon,
Yaounde,,1995,6993.522,,Cameroon,
Yaounde,,2000,8308.583,,Cameroon,
Yaounde,,2005,8781.3,,Cameroon,
Yaounde,,2010,10616.913,,Cameroon,
Yaounde,,2015,12871.709,,Cameroon,
Yaounde,,2020,15100.356,15100.356,Cameroon,Cameroon
Yaounde,,2025,,15287.685,,Cameroon
Yaounde,,2030,,16428.393,,Cameroon
Yaounde,,2035,,16601.355,,Cameroon
Yaounde,,2040,,16055.175,,Cameroon
Yaounde,,2045,,16069.95,,Cameroon
Yaounde,,2050,,15979.976,,Cameroon
Yaounde,,2055,,15415.448,,Cameroon
Yaounde,,2060,,15543.918,,Cameroon
Yaounde,,2065,,16004.764,,Cameroon
Yaounde,,2070,,16084.093,,Cameroon
Yaounde,,2075,,16209.431,,Cameroon
Yaounde,,2080,,15955.033,,Cameroon
Yaounde,,2085,,15960.213,,Cameroon
Yaounde,,2090,,15595.643,,Cameroon
Yaounde,,2095,,15363.362,,Cameroon
Yaounde,,2100,,14536.726,,Cameroon
Zhengzhou,,1975,6142.377,,China,
Zhengzhou,,1980,6406.608,,China,
Zhengzhou,,1985,6691.7617,,China,
Zhengzhou,,1990,6198.9795,,China,
Zhengzhou,,1995,6946.3296,,China,
Zhengzhou,,2000,8270.406,,China,
Zhengzhou,,2005,8487.778,,China,
Zhengzhou,,2010,7883.9404,,China,
Zhengzhou,,2015,8179.067,,China,
Zhengzhou,,2020,8425.399,8425.399,China,China
Zhengzhou,,2025,,8381.503,,China
Zhengzhou,,2030,,8290.658,,China
Zhengzhou,,2035,,8242.48,,China
Zhengzhou,,2040,,8104.658,,China
Zhengzhou,,2045,,8074.608,,China
Zhengzhou,,2050,,7884.218,,China
Zhengzhou,,2055,,7740.2964,,China
Zhengzhou,,2060,,7758.0815,,China
Zhengzhou,,2065,,7605.3057,,China
Zhengzhou,,2070,,7548.4463,,China
Zhengzhou,,2075,,7363.762,,China
Zhengzhou,,2080,,7207.496,,China
Zhengzhou,,2085,,7176.498,,China
Zhengzhou,,2090,,7045.2603,,China
Zhengzhou,,2095,,7473.1646,,China
Zhengzhou,,2100,,7353.518,,China