Entity,Code,Year,No births,1 birth,2 births,3 births,4 births or more
Austria,AUT,1969,20.7,22.600502,38.27216,13.378246,5.04909
Austria,AUT,1970,20.499998,22.498499,38.24801,13.615037,5.1384573
Austria,AUT,1971,20.300001,22.315998,38.504665,13.612001,5.267335
Austria,AUT,1972,20.200003,22.1046,38.25205,13.843665,5.5996842
Austria,AUT,1973,19.800001,21.8946,38.53987,14.231181,5.5343485
Belarus,BLR,1949,5.699998,20.840302,54.5071,13.4753,5.477302
Belarus,BLR,1950,6.400001,21.060001,54.405,12.91212,5.2228794
Belarus,BLR,1951,4.6000004,21.6558,55.82436,12.884366,5.035475
Belarus,BLR,1952,5.800003,21.571796,55.27006,12.671441,4.686698
Belarus,BLR,1953,7.2000027,21.900799,54.02519,12.520515,4.353494
Belarus,BLR,1954,5.699998,22.2548,55.042534,12.615979,4.386688
Belarus,BLR,1955,4.799998,22.0864,56.297474,12.477568,4.338561
Belarus,BLR,1956,4.9000025,21.777897,56.677982,12.433155,4.2109613
Belarus,BLR,1957,4.500002,21.965002,57.357296,12.133274,4.044425
Belarus,BLR,1958,2.9999971,24.347,57.10526,11.707451,3.8402925
Belarus,BLR,1959,3.5000026,25.283,56.403862,11.0654125,3.747723
Belarus,BLR,1960,3.6000013,25.931599,56.304253,10.48147,3.6826785
Belarus,BLR,1961,3.7,26.867699,55.615273,10.224601,3.5924273
Belarus,BLR,1962,4.400003,28.488796,53.957405,9.865346,3.2884488
Belarus,BLR,1963,7.099998,29.728,50.979805,9.119763,3.0724337
Belarus,BLR,1964,8.999997,30.303001,49.16457,8.522466,3.0099642
Belarus,BLR,1965,8.600002,30.8018,48.963345,8.551618,3.0832362
Belarus,BLR,1966,7.800001,31.347998,49.290123,8.347677,3.2142026
Belarus,BLR,1967,5.000001,35.435,48.128517,8.360066,3.076413
Belarus,BLR,1968,4.100001,37.5928,46.878986,8.468304,2.9599066
Bulgaria,BGR,1932,9.399998,17.5764,50.970474,13.121611,8.931517
Bulgaria,BGR,1933,8.600002,17.640202,52.148174,12.923749,8.687872
Bulgaria,BGR,1934,8.3,17.881498,52.63259,12.775104,8.410807
Bulgaria,BGR,1935,8.200002,17.8092,53.051403,12.731153,8.208242
Bulgaria,BGR,1936,8.099997,17.001501,53.92692,12.876551,8.09503
Bulgaria,BGR,1937,7.8999996,16.578001,54.526882,13.121947,7.8731685
Bulgaria,BGR,1938,7.5999975,16.8168,54.57107,13.363715,7.648415
Bulgaria,BGR,1939,6.5999985,17.185602,54.874367,13.828341,7.511691
Bulgaria,BGR,1940,4.699999,17.821098,55.78481,14.339796,7.354297
Bulgaria,BGR,1941,3.7,18.104403,56.457222,14.651666,7.0867105
Bulgaria,BGR,1942,3.5000026,17.852499,57.17673,14.728946,6.7418213
Bulgaria,BGR,1943,4.100001,16.878399,57.922832,14.600347,6.49842
Bulgaria,BGR,1944,3.2999992,17.406,58.67756,14.410891,6.2055483
Bulgaria,BGR,1945,2.8999984,17.866402,59.108265,14.14811,5.9772243
Bulgaria,BGR,1946,4.100001,16.686602,59.48926,13.866068,5.858068
Bulgaria,BGR,1947,4.100001,16.303001,60.25493,13.616817,5.725253
Bulgaria,BGR,1948,2.700001,17.416702,60.711308,13.535425,5.636565
Bulgaria,BGR,1949,1.5999973,18.105602,61.184334,13.529928,5.5801396
Bulgaria,BGR,1950,2.399999,17.470402,60.898495,13.731008,5.500096
Bulgaria,BGR,1951,3.7999988,16.9312,60.08575,13.754247,5.428803
Bulgaria,BGR,1952,3.399998,17.581198,60.212326,13.465436,5.341039
Bulgaria,BGR,1953,2.9999971,18.333002,60.33759,13.123858,5.205553
Bulgaria,BGR,1954,2.4999976,18.719997,60.660603,12.937252,5.182149
Bulgaria,BGR,1955,2.8999984,18.643198,60.254826,13.050818,5.15116
Bulgaria,BGR,1956,2.6000023,18.8956,60.448387,13.000328,5.055683
Bulgaria,BGR,1957,1.9999981,19.599998,60.446404,12.908639,5.0449615
Bulgaria,BGR,1958,2.1000028,20.3632,60.09102,12.473732,4.972047
Bulgaria,BGR,1959,2.6000023,21.0384,59.79113,11.73189,4.838576
Bulgaria,BGR,1960,3.7,21.4749,59.037006,11.19376,4.594336
Bulgaria,BGR,1961,5.2999973,21.4022,58.418346,10.504894,4.3745594
Bulgaria,BGR,1962,6.099999,21.6909,57.695072,10.217876,4.2961526
Bulgaria,BGR,1963,6.199998,22.887201,56.73024,10.041253,4.1413074
Bulgaria,BGR,1964,5.500001,24.57,56.36358,9.482928,4.0834928
Bulgaria,BGR,1965,5.500001,26.649,54.484352,9.222986,4.1436605
Bulgaria,BGR,1966,4.400003,30.592,52.26643,8.77894,3.9626274
Bulgaria,BGR,1967,3.1000018,34.205696,50.71969,8.166685,3.8079262
Bulgaria,BGR,1968,3.5000026,35.898,49.148224,7.8000226,3.6537552
Bulgaria,BGR,1969,5.5999994,36.343998,46.90925,7.635525,3.511227
Bulgaria,BGR,1970,5.800003,37.585796,46.027344,7.167301,3.4195545
Bulgaria,BGR,1971,6.099999,38.405098,45.17285,6.9054527,3.4165993
Canada,CAN,1929,6.5999985,12.889201,20.691278,20.518095,39.301426
Canada,CAN,1930,4.799998,13.2328005,21.065573,21.254667,39.64696
Canada,CAN,1931,4.400003,13.1928005,21.261059,21.82917,39.316967
Canada,CAN,1932,4.400003,13.383998,21.37616,22.32822,38.51162
Canada,CAN,1933,4.9000025,13.409097,21.729776,22.665306,37.29582
Canada,CAN,1934,5.400002,13.243999,22.372898,22.944426,36.038673
Canada,CAN,1935,5.9000015,12.985801,23.279776,23.365107,34.46932
Canada,CAN,1936,6.400001,12.9168005,24.366325,23.76572,32.551155
Canada,CAN,1937,6.300002,13.0243,25.654873,24.429247,30.591578
Canada,CAN,1938,6,13.159999,27.323921,25.099041,28.41704
Canada,CAN,1939,5.199999,13.840803,29.22627,25.659533,26.073397
Canada,CAN,1940,4.799998,14.660799,31.651907,25.66583,23.221466
Canada,CAN,1941,4.799998,15.8984,34.09969,25.177465,20.024446
Canada,CAN,1942,4.2,17.627201,36.27218,24.511864,17.388758
Canada,CAN,1943,5.2999973,18.4665,37.811817,23.398808,15.02288
Canada,CAN,1944,8.999997,17.835999,38.118446,22.148792,12.896766
Canada,CAN,1945,10.399998,18.367998,38.536514,21.284763,11.410726
Canada,CAN,1946,7.099998,20.438004,40.57872,21.39368,10.489599
Canada,CAN,1947,6.9000006,20.7613,41.66709,21.071396,9.600213
Canada,CAN,1948,10.100001,19.778002,40.881123,20.41013,8.830743
Canada,CAN,1949,12.300003,19.118599,40.394444,19.89999,8.286965
Canada,CAN,1950,13.9,18.6837,39.977867,19.536165,7.902269
Canada,CAN,1951,15.299999,18.0411,39.728703,19.22816,7.7020364
Canada,CAN,1952,16.100002,17.4512,39.80283,19.051867,7.594101
Canada,CAN,1953,16.2,17.933199,39.52008,18.837906,7.5088153
Canada,CAN,1954,16.100002,18.7097,39.114178,18.644426,7.431694
Canada,CAN,1955,16.399998,18.726398,39.05391,18.43526,7.384433
Canada,CAN,1956,16.699999,18.825802,38.748993,18.342072,7.383134
Canada,CAN,1957,16.8,18.5536,38.917133,18.319239,7.410029
Canada,CAN,1958,17.1,18.072199,39.091164,18.29875,7.4378886
Canada,CAN,1959,17.299997,17.863203,38.96692,18.367617,7.502266
Canada,CAN,1960,17.799997,17.672998,38.909782,18.26508,7.352143
Canada,CAN,1961,18.599998,17.663801,38.75161,17.814013,7.1705775
Canada,CAN,1962,18.599998,17.908003,38.8571,17.540047,7.0948496
Canada,CAN,1963,18.5,18.011501,39.426357,17.08412,6.9780207
Canada,CAN,1964,19.199997,17.6952,39.56671,16.712046,6.8260465
Canada,CAN,1965,19.700003,17.7463,39.22117,16.496098,6.836431
Canada,CAN,1966,19.400002,17.973799,39.26663,16.42178,6.937793
Canada,CAN,1967,19.099998,17.9598,39.652325,16.278225,7.00965
Canada,CAN,1968,18.900002,17.923101,39.990974,16.09103,7.094892
Canada,CAN,1969,18.699997,18.1299,40.049847,16.045458,7.0747986
Canada,CAN,1970,18.699997,18.211199,40.18757,15.916359,6.984877
Canada,CAN,1971,18.400002,18.278399,40.272537,15.949951,7.099111
Canada,CAN,1972,18.099998,18.263699,40.218143,16.111692,7.3064656
Canada,CAN,1973,18.099998,18.263699,40.09087,16.12862,7.416811
Czechia,CZE,1935,7.4,18.705202,45.07583,19.654537,9.164433
Czechia,CZE,1936,7.800001,18.255602,46.141304,19.072922,8.730171
Czechia,CZE,1937,7.099998,18.4871,46.582474,19.230825,8.599601
Czechia,CZE,1938,7.499999,18.0375,46.911377,19.203135,8.347991
Czechia,CZE,1939,7.499999,17.390003,47.61974,19.435614,8.0546465
Czechia,CZE,1940,6.099999,17.841,48.82988,19.305449,7.923675
Czechia,CZE,1941,7.2000027,17.5392,48.919518,18.913038,7.428241
Czechia,CZE,1942,7.800001,17.241398,49.097885,18.930044,6.9306726
Czechia,CZE,1943,6.400001,17.2224,50.48559,19.1083,6.783705
Czechia,CZE,1944,6.999999,16.925999,50.665287,18.954903,6.453814
Czechia,CZE,1945,8.3,16.1392,50.323494,18.902742,6.3345637
Czechia,CZE,1946,6.5999985,15.691198,51.83177,19.61479,6.262242
Czechia,CZE,1947,6.099999,14.554498,53.08214,20.038944,6.2244167
Czechia,CZE,1948,6.800002,13.979998,52.44364,20.430363,6.3459973
Czechia,CZE,1949,6.699997,13.341901,52.852306,20.681723,6.4240737
Czechia,CZE,1950,6,13.535999,53.34763,20.82537,6.2909975
Czechia,CZE,1951,6.099999,13.333802,53.576523,20.728073,6.261605
Czechia,CZE,1952,6.099999,13.145999,54.26669,20.395231,6.092082
Czechia,CZE,1953,6.300002,13.117998,54.79576,19.855404,5.9308352
Czechia,CZE,1954,6,13.818002,54.764305,19.673294,5.7443986
Czechia,CZE,1955,5.9000015,14.020899,54.93426,19.361525,5.783313
Czechia,CZE,1956,5.699998,14.144998,55.306953,19.157848,5.6902037
Czechia,CZE,1957,5.9000015,14.020899,55.494816,18.979067,5.605217
Czechia,CZE,1958,6.5999985,13.916599,55.399933,18.496105,5.587365
Czechia,CZE,1959,6.5,14.492497,55.62128,18.007391,5.378831
Czechia,CZE,1960,6.199998,15.383198,55.519096,17.425156,5.472552
Czechia,CZE,1961,6.300002,15.6479,55.49504,17.188477,5.36858
Czechia,CZE,1962,6.300002,16.4912,55.435917,16.721573,5.051308
Czechia,CZE,1963,6.300002,17.521898,55.533836,15.834151,4.8101134
Czechia,CZE,1964,6.400001,17.596802,55.938354,15.189087,4.875757
Czechia,CZE,1965,6.400001,18.813597,55.042793,14.945912,4.797697
Czechia,CZE,1966,6.999999,19.251001,54.42676,14.6462555,4.6759815
Czechia,CZE,1967,7.800001,19.454203,53.686398,14.313608,4.74579
Czechia,CZE,1968,7.999998,20.240004,52.81536,14.284258,4.6603813
Czechia,CZE,1969,7.2000027,21.0656,52.939987,14.095809,4.698603
Czechia,CZE,1970,7.5999975,21.3444,52.936424,13.933648,4.18553
Czechia,CZE,1971,8.099997,21.3208,52.29919,13.92937,4.350643
Denmark,DNK,1953,12.900001,18.5523,46.064053,17.08757,5.396075
Denmark,DNK,1954,13.200003,18.314802,45.953568,17.14657,5.3850594
Denmark,DNK,1955,14.300001,17.7399,45.125504,17.422794,5.4117985
Denmark,DNK,1956,13.999998,17.973999,44.829136,17.60642,5.5904446
Denmark,DNK,1957,14.200002,17.159998,44.82192,18.030287,5.7877936
Denmark,DNK,1958,14.4,17.119999,44.30656,18.178427,5.9950128
Denmark,DNK,1959,14.700002,16.462902,43.84923,18.7409,6.246967
Denmark,DNK,1960,14.4,16.092802,43.720028,19.340378,6.4467926
Denmark,DNK,1961,14.499998,15.4755,43.90536,19.537115,6.582023
Denmark,DNK,1962,14.600002,14.688799,44.335922,19.675957,6.6993203
Denmark,DNK,1963,14.600002,14.518001,44.230366,19.988722,6.6629076
Denmark,DNK,1964,14.0999975,14.517103,44.75708,19.995993,6.6298294
Denmark,DNK,1965,13.9,14.550902,44.861286,20.095924,6.59189
Denmark,DNK,1966,14.200002,14.1570015,45.135086,20.013472,6.4944377
Denmark,DNK,1967,14.0999975,13.744002,45.530437,20.022423,6.6031394
Denmark,DNK,1968,13.400001,13.856002,45.465,20.295574,6.983424
Denmark,DNK,1969,13.099998,14.077801,44.858475,20.72112,7.242605
Denmark,DNK,1970,13.300001,14.132098,44.91953,20.598036,7.0503345
Denmark,DNK,1971,13.800001,14.050599,45.021225,20.319002,6.809171
Denmark,DNK,1972,13.300001,14.305502,45.101772,20.52413,6.7685957
Denmark,DNK,1973,13.099998,13.990901,45.786915,20.531494,6.590691
Denmark,DNK,1974,13.099998,14.338502,45.423496,20.65202,6.4859824
Estonia,EST,1944,8.700001,26.5683,44.14702,14.244598,6.340081
Estonia,EST,1945,9.799999,24.444202,46.555107,13.075672,6.125021
Estonia,EST,1946,6.5999985,27.459602,46.61986,13.775543,5.5449944
Estonia,EST,1947,5.9000015,27.0067,47.703335,13.747484,5.6424794
Estonia,EST,1948,6,26.884,47.31678,14.017847,5.7813716
Estonia,EST,1949,4.100001,26.0848,48.800823,14.394847,6.619528
Estonia,EST,1950,4.400003,26.4812,48.45228,14.735229,5.931291
Estonia,EST,1951,2.700001,26.368303,50.219643,14.601999,6.110056
Estonia,EST,1952,5.400002,26.2042,47.603477,14.824925,5.9673963
Estonia,EST,1953,5.000001,25.745003,48.478497,14.647432,6.129067
Estonia,EST,1954,5.800003,24.774601,47.556396,15.220824,6.6481757
Estonia,EST,1955,6.099999,24.132303,47.86064,15.466383,6.4406753
Estonia,EST,1956,3.7,25.037998,49.028255,15.630322,6.603422
Estonia,EST,1957,3.1000018,25.9692,48.232944,15.933894,6.763961
Estonia,EST,1958,2.2000015,26.7972,48.352905,15.786976,6.862918
Estonia,EST,1959,0.8000016,27.676798,48.34968,16.40685,6.766667
Estonia,EST,1960,0.3000021,28.414501,48.11771,16.263784,6.9040003
Estonia,EST,1961,3.5000026,28.178,45.844063,15.554732,6.9232044
Estonia,EST,1962,4.500002,28.268,44.507584,15.588949,7.1354666
Estonia,EST,1963,7.2000027,27.561598,43.448772,15.165579,6.624046
Estonia,EST,1964,8.700001,27.8465,41.625496,15.104979,6.7230253
Estonia,EST,1965,7.4,28.3356,42.35024,15.0331135,6.8810463
Estonia,EST,1966,8.499998,29.920504,39.657196,15.060622,6.8616805
Estonia,EST,1967,8.4,29.586802,39.37838,15.799104,6.835715
Estonia,EST,1968,8.4,30.319597,38.116413,15.890498,7.273494
Estonia,EST,1969,9.500003,29.141,38.288013,16.495752,6.5752296
Finland,FIN,1967,20.099998,15.340798,35.959476,19.562212,9.037514
Finland,FIN,1968,19.999998,15.279999,35.596,19.396584,9.727416
Finland,FIN,1969,19.999998,15.359998,35.875202,19.301182,9.463619
Finland,FIN,1970,20.599997,15.800601,35.17047,19.018955,9.409977
Finland,FIN,1971,20.499998,15.263998,35.715218,19.165968,9.354818
Finland,FIN,1972,20.599997,15.483,35.537853,18.758617,9.620531
Finland,FIN,1973,20.499998,15.5025,35.9026,18.655016,9.439888
Finland,FIN,1974,20.200003,15.800401,36.287773,18.539211,9.172614
Hungary,HUN,1937,8.700001,26.842203,42.1554,13.582159,8.720237
Hungary,HUN,1938,9.100002,26.724602,43.06169,12.71045,8.4032545
Hungary,HUN,1939,9.100002,26.633698,43.508286,12.932243,7.8257723
Hungary,HUN,1940,8.999997,26.026003,44.377243,13.161328,7.4354296
Hungary,HUN,1941,8.3,25.9511,45.498238,13.021175,7.229486
Hungary,HUN,1942,9.200001,25.2424,45.95588,12.858729,6.7429924
Hungary,HUN,1943,8.200002,24.6024,47.441505,13.295852,6.4602427
Hungary,HUN,1944,8.600002,23.398397,48.07713,13.628337,6.2961326
Hungary,HUN,1945,9.299999,22.493603,48.29013,13.82189,6.094378
Hungary,HUN,1946,8.700001,22.2772,49.282276,13.798624,5.941897
Hungary,HUN,1947,8.3,21.6412,49.951923,14.295988,5.8108873
Hungary,HUN,1948,8.499998,20.4045,50.40671,14.585599,6.1031933
Hungary,HUN,1949,8.4,19.235998,51.088985,14.892511,6.3825054
Hungary,HUN,1950,8.700001,19.172998,51.21017,14.871866,6.044964
Hungary,HUN,1951,8.099997,19.023302,51.66958,15.120677,6.0864434
Hungary,HUN,1952,8.600002,18.736998,51.66339,14.909721,6.0898857
Hungary,HUN,1953,8.700001,19.4469,51.303112,14.93984,5.6101465
Hungary,HUN,1954,8.3,19.715498,51.61289,14.708305,5.6633086
Hungary,HUN,1955,8.3,19.5321,51.383545,14.840029,5.9443254
Hungary,HUN,1956,7.800001,19.454203,51.358532,15.227733,6.159532
Hungary,HUN,1957,7.300001,19.188902,50.722656,15.678447,7.1099935
Hungary,HUN,1958,7.099998,19.4161,50.63041,15.997445,6.856048
Hungary,HUN,1959,6.999999,19.623003,49.89636,16.272083,7.208556
Hungary,HUN,1960,7.4,19.816399,48.983364,16.326962,7.4732747
Hungary,HUN,1961,6.800002,20.037996,48.725895,16.909786,7.526321
Hungary,HUN,1962,7.2000027,20.416002,47.4839,17.205967,7.694129
Hungary,HUN,1963,7.8999996,20.630398,46.95553,16.792141,7.721933
Hungary,HUN,1964,8.099997,21.596502,45.908184,16.905952,7.489362
Hungary,HUN,1965,8.499998,21.502502,45.63837,16.734722,7.6244073
Hungary,HUN,1966,8.600002,22.849998,44.1462,16.765411,7.638389
Hungary,HUN,1967,8.700001,23.737999,43.57749,16.669233,7.3152757
Hungary,HUN,1968,9.899998,24.146801,42.276,16.47933,7.1978683
Hungary,HUN,1969,10.100001,25.082098,41.548275,16.079311,7.1903143
Hungary,HUN,1970,11.599999,25.636002,40.04343,15.63175,7.088817
Ireland,IRL,1955,12.400002,12.176399,22.928776,24.830051,27.664772
Ireland,IRL,1956,13.200003,12.672802,23.943085,24.339294,25.844816
Ireland,IRL,1957,13.400001,12.3838005,24.78821,24.81285,24.615139
Ireland,IRL,1958,13.400001,12.730201,25.780558,24.958315,23.130924
Ireland,IRL,1959,13.800001,12.671401,26.323236,25.113253,22.09211
Ireland,IRL,1960,14.0999975,12.197802,27.490923,24.95409,21.257189
Ireland,IRL,1961,15.700001,11.2962,28.61749,24.41247,19.973839
Ireland,IRL,1962,16.100002,11.5782,28.567108,24.940172,18.814516
Ireland,IRL,1963,16.000002,11.843997,29.439648,24.60462,18.111732
Ireland,IRL,1964,16.699999,11.661999,29.65813,24.810102,17.169767
Ireland,IRL,1965,17.799997,11.096999,29.721054,24.787788,16.594162
Ireland,IRL,1966,18.800003,10.637198,30.483128,23.927565,16.152107
Ireland,IRL,1967,17.900002,11.165598,30.998331,24.28113,15.654939
Ireland,IRL,1968,16.699999,12.578302,31.117548,24.079325,15.524827
Ireland,IRL,1969,17.1,12.849498,31.172472,24.143255,14.734774
Ireland,IRL,1970,17.500002,13.200002,31.3236,23.583342,14.393055
Ireland,IRL,1971,16.699999,14.827398,31.223505,23.206188,14.04291
Ireland,IRL,1972,16.3,14.898598,31.71745,23.511227,13.572727
Japan,JPN,1953,11.199999,11.987999,48.621998,24.130646,4.0593605
Japan,JPN,1954,11.699999,11.8322,47.868843,24.48071,4.11825
Japan,JPN,1955,11.900002,11.981598,47.421764,24.535625,4.161012
Japan,JPN,1956,13.099998,12.339802,46.301884,24.132603,4.1257143
Japan,JPN,1957,13.999998,12.642001,45.628677,23.653112,4.0762105
Japan,JPN,1958,14.0999975,13.228599,45.34696,23.307753,4.0166936
Japan,JPN,1959,15.200001,13.7376,44.556126,22.556839,3.949435
Japan,JPN,1960,16.6,14.094603,43.93962,21.56091,3.8048663
Japan,JPN,1961,17.699999,14.731702,43.37885,20.488466,3.7009861
Japan,JPN,1962,18.800003,15.509198,42.69902,19.474037,3.5177422
Japan,JPN,1963,20.099998,15.98,42.05936,18.472242,3.3883994
Japan,JPN,1964,19.800001,16.761799,42.31328,17.808308,3.3166127
Japan,JPN,1965,22.100002,17.138002,40.953587,16.658875,3.1495373
Japan,JPN,1966,26.200003,16.974,38.58485,15.2678385,2.9733067
Japan,JPN,1967,24.699997,17.921398,39.36172,15.080131,2.9367518
Japan,JPN,1968,24.400002,18.597599,39.502663,14.62978,2.869957
Japan,JPN,1969,26.499998,18.522,38.26469,13.905476,2.8078365
Japan,JPN,1970,26.9,19.079098,37.70659,13.540878,2.773433
Japan,JPN,1971,27.3,19.410902,37.35566,13.208822,2.7246184
Japan,JPN,1972,27.600002,19.4756,37.152927,13.058778,2.7126932
Japan,JPN,1973,27.7,19.593302,36.894688,13.076532,2.7354777
Lithuania,LTU,1955,5.5999994,23.6,51.1884,13.865401,5.746199
Lithuania,LTU,1956,5.199999,23.7948,51.40777,13.796595,5.800841
Lithuania,LTU,1957,2.3000002,26.085901,51.991837,13.539361,6.0829015
Lithuania,LTU,1958,2.6000023,28.733002,49.783573,13.048447,5.834978
Lithuania,LTU,1959,2.6000023,29.901798,49.003693,13.075616,5.4188905
Lithuania,LTU,1960,3.399998,29.5596,48.93949,12.779242,5.321667
Lithuania,LTU,1961,8.600002,27.511398,46.191456,12.388,5.309143
Lithuania,LTU,1962,13.300001,24.275997,44.82043,12.516137,5.0874314
Lithuania,LTU,1963,14.499998,23.683502,44.384247,12.324603,5.1076503
Lithuania,LTU,1964,15.299999,23.631298,43.72519,12.192489,5.151023
Lithuania,LTU,1965,15.200001,22.895998,44.508976,12.176517,5.2185073
Lithuania,LTU,1966,15.100002,23.0928,44.686604,12.035778,5.0848165
Lithuania,LTU,1967,14.600002,23.484997,44.764545,12.228275,4.9221807
Lithuania,LTU,1968,12.5,25.725002,44.9722,12.030805,4.7719955
Lithuania,LTU,1969,11.799997,26.5482,44.5126,11.843188,5.296013
Lithuania,LTU,1970,12.300003,27.362396,43.20172,11.960844,5.175035
Netherlands,NLD,1935,11.699999,10.2428,32.471798,24.616117,20.969286
Netherlands,NLD,1936,11.900002,10.043402,34.579075,24.086548,19.390976
Netherlands,NLD,1937,10.2,10.865799,36.4676,25.055294,17.411306
Netherlands,NLD,1938,12.099999,10.1085005,37.728878,24.398136,15.664485
Netherlands,NLD,1939,11.599999,10.342798,40.043346,24.290854,13.723002
Netherlands,NLD,1940,11.900002,10.043402,42.38473,23.828806,11.843059
Netherlands,NLD,1941,10.000002,12.06,44.269917,23.030334,10.639746
Netherlands,NLD,1942,11.1,12.712701,44.79813,21.784082,9.605085
Netherlands,NLD,1943,10.299998,13.544703,47.368595,20.409771,8.37693
Netherlands,NLD,1944,10.500002,13.604001,48.80113,19.589592,7.5052795
Netherlands,NLD,1945,11.699999,13.686498,49.543365,18.07557,6.9945683
Netherlands,NLD,1946,11.699999,14.657801,50.592194,17.033957,6.0160522
Netherlands,NLD,1947,12.800002,14.388001,50.458714,16.563784,5.7895007
Netherlands,NLD,1948,12.800002,15.085598,49.68682,16.461842,5.965736
Netherlands,NLD,1949,13.9,15.1536,48.740177,16.34378,5.862443
Netherlands,NLD,1950,14.600002,15.115798,47.23098,16.506104,6.547114
Netherlands,NLD,1951,15.299999,15.161302,46.590927,16.751873,6.1958985
Netherlands,NLD,1952,15.899998,15.2221,45.459415,16.861311,6.5571766
Netherlands,NLD,1953,16.3,15.400802,44.53108,17.041742,6.726378
Netherlands,NLD,1954,16.500002,15.364001,43.607037,17.636322,6.8926373
Netherlands,NLD,1955,17.1,15.170702,42.872643,17.82222,7.0344324
Netherlands,NLD,1956,17.000002,15.189002,42.449684,18.285507,7.0758066
Netherlands,NLD,1957,17.199999,14.986799,42.179813,18.635473,6.9979153
Netherlands,NLD,1958,17.699999,14.814001,41.84132,18.51546,7.129221
Netherlands,NLD,1959,17.699999,15.2255,41.787415,18.358425,6.928662
Netherlands,NLD,1960,17.199999,15.649201,41.700645,18.34956,7.100593
Netherlands,NLD,1961,18,15.498001,42.029263,17.79168,6.681057
Netherlands,NLD,1962,17.699999,15.801598,42.292984,17.573133,6.632284
Netherlands,NLD,1963,18,16.236,42.352013,17.043924,6.36806
Netherlands,NLD,1964,18.199999,16.605402,42.18091,16.730955,6.282738
Netherlands,NLD,1965,18.099998,17.0352,42.29185,16.5234,6.0495505
Netherlands,NLD,1966,18.199999,17.096199,42.445694,16.292936,5.9651732
Netherlands,NLD,1967,18.099998,17.198997,42.896763,16.00431,5.7999277
Netherlands,NLD,1968,17.6,18.210402,42.68608,15.697567,5.8059497
Netherlands,NLD,1969,17.6,18.540003,42.658478,15.625519,5.5759997
Netherlands,NLD,1970,17.6,18.6224,42.475883,15.678064,5.6236534
Netherlands,NLD,1971,17.699999,18.599802,42.424335,15.786693,5.4891734
Netherlands,NLD,1972,17.299997,18.938297,42.082726,15.869013,5.8099666
Norway,NOR,1952,10.9000025,13.810497,44.19494,23.352016,7.742546
Norway,NOR,1953,11.4000025,14.087398,43.88792,22.96851,7.65617
Norway,NOR,1954,11.799997,13.935599,42.99909,23.136333,8.128982
Norway,NOR,1955,11.799997,13.935599,42.18218,24.25416,7.8280625
Norway,NOR,1956,11.799997,14.112002,41.85972,24.17121,8.05707
Norway,NOR,1957,12.199998,13.960198,40.90725,24.600618,8.331936
Norway,NOR,1958,12.300003,13.856599,40.02312,25.128466,8.691812
Norway,NOR,1959,12,14.168001,39.27862,25.81137,8.742003
Norway,NOR,1960,12,13.728002,39.512703,25.756638,9.002658
Norway,NOR,1961,12.099999,13.712401,39.690365,25.665941,8.831292
Norway,NOR,1962,12.099999,13.536599,39.635693,25.872143,8.855566
Norway,NOR,1963,12.199998,13.608997,39.76638,25.646345,8.778279
Norway,NOR,1964,12.199998,14.048002,39.82608,24.969477,8.956443
Norway,NOR,1965,11.799997,13.847401,40.893932,25.16092,8.29775
Norway,NOR,1966,11.4000025,14.264601,41.479153,24.412191,8.444056
Norway,NOR,1967,11.4000025,14.176002,41.52859,24.836031,8.059375
Norway,NOR,1968,10.799998,14.4504,42.233524,24.549639,7.966439
Norway,NOR,1969,11.299997,14.280702,42.046906,24.344042,8.028354
Norway,NOR,1970,11.1,14.4018,42.836464,23.872948,7.7887874
Norway,NOR,1971,11.1,14.579597,43.180153,23.66659,7.4736595
Norway,NOR,1972,10.799998,15.074803,43.65974,23.123283,7.342175
Poland,POL,1956,10.399998,16.038403,40.38532,20.569296,12.606987
Poland,POL,1957,10.2,15.625202,40.79614,20.494495,12.884162
Poland,POL,1958,9.600001,16.0008,40.993958,20.64444,12.760802
Poland,POL,1959,9.299999,16.144598,40.930916,20.74631,12.878178
Poland,POL,1960,10.699999,16.609798,39.68885,20.295832,12.70552
Poland,POL,1961,11.4000025,16.479599,39.66622,20.154045,12.300134
Poland,POL,1962,12.599998,16.6934,38.888634,19.758959,12.0590105
Poland,POL,1963,13.5999975,16.934399,38.41448,19.34485,11.706274
Poland,POL,1964,13.400001,18.0128,38.340244,18.964842,11.282114
Poland,POL,1965,13.400001,18.532398,38.59433,18.568161,10.90511
Poland,POL,1966,13.800001,18.7916,38.82724,18.234781,10.34638
Poland,POL,1967,13.999998,19.522,39.089066,17.52892,9.860018
Poland,POL,1968,14.8,20.362803,38.642967,17.235802,8.958426
Poland,POL,1969,14.499998,21.289501,39.232616,16.410471,8.567414
Poland,POL,1970,16.2,21.620401,39.11097,15.3637085,7.704922
Poland,POL,1971,17.1,22.382998,38.791397,14.643057,7.0825467
Poland,POL,1972,18.300003,22.9577,38.59369,13.862242,6.2863655
Portugal,PRT,1944,1.0999978,26.1096,37.55985,16.981127,18.249428
Portugal,PRT,1945,1.9999981,26.166002,38.57486,16.829126,16.430016
Portugal,PRT,1946,1.8000007,26.612202,39.94599,16.548664,15.093142
Portugal,PRT,1947,2.6000023,27.4668,40.21159,16.198277,13.523333
Portugal,PRT,1948,3.7,26.963997,40.76957,15.854371,12.712063
Portugal,PRT,1949,5.500001,26.5545,41.03908,15.202126,11.704291
Portugal,PRT,1950,5.5999994,26.809599,41.90605,14.845556,10.838797
Portugal,PRT,1951,6.199998,25.982601,42.72496,14.679077,10.413362
Portugal,PRT,1952,6.5999985,25.217999,43.29557,14.956746,9.929686
Portugal,PRT,1953,6.5999985,25.498201,43.79666,14.463083,9.6420555
Portugal,PRT,1954,5.400002,27.244799,43.713524,14.515988,9.125687
Portugal,PRT,1955,2.8999984,28.8387,45.12072,14.671128,8.469452
Portugal,PRT,1956,2.9999971,29.100002,44.8819,14.616493,8.401607
Portugal,PRT,1957,3.6000013,29.594797,45.026707,13.916459,7.862037
Portugal,PRT,1958,2.7999997,30.132,45.539173,13.886095,7.642734
Portugal,PRT,1959,3.7999988,30.687801,44.87586,13.640623,6.99572
Portugal,PRT,1960,4.100001,31.359303,45.11395,12.899362,6.5273876
Portugal,PRT,1961,5.199999,30.620401,45.182438,13.032053,5.965109
Portugal,PRT,1962,3.1000018,32.1708,46.346104,12.757866,5.625226
Portugal,PRT,1963,4.500002,32.374496,45.639736,12.082664,5.403101
Portugal,PRT,1964,3.8999975,33.5389,45.3568,12.215055,4.989248
Portugal,PRT,1965,3.1000018,34.4964,45.741837,11.746541,4.915219
Portugal,PRT,1966,2.6000023,35.745796,45.747417,11.500604,4.406179
Portugal,PRT,1967,2.8999984,36.0241,45.562622,11.324694,4.1885858
Portugal,PRT,1968,4.500002,36.289997,44.4075,10.791022,4.0114775
Portugal,PRT,1969,5.500001,36.3825,43.93683,10.436974,3.743697
Portugal,PRT,1970,6.400001,36.7848,43.236366,10.048336,3.5304961
Portugal,PRT,1971,6.5999985,38.1072,42.298992,9.771344,3.2224643
Portugal,PRT,1972,7.099998,37.624496,42.506863,9.550944,3.2176979
Portugal,PRT,1973,7.4,38.6142,41.51508,9.390452,3.080268
Russia,RUS,1944,7.999998,31.464,43.8886,10.770868,5.876532
Russia,RUS,1945,8.099997,32.5326,43.575676,10.4383335,5.353396
Russia,RUS,1946,5.1,33.215004,45.52353,10.860507,5.300962
Russia,RUS,1947,9.299999,30.5659,44.55937,10.575243,4.9994893
Russia,RUS,1948,8.499998,30.469501,45.223602,10.732885,5.074015
Russia,RUS,1949,3.7,31.586401,47.43507,11.870351,5.4081798
Russia,RUS,1950,6.400001,29.764801,46.408188,11.954928,5.472081
Russia,RUS,1951,5.5999994,28.697601,47.56854,12.5849,5.5489616
Russia,RUS,1952,6.9000006,27.371403,47.456047,12.735967,5.5365825
Russia,RUS,1953,7.999998,26.312002,47.361046,12.920502,5.4064507
Russia,RUS,1954,6.5999985,26.4322,48.350754,13.292573,5.3244762
Russia,RUS,1955,8.600002,25.043598,48.10839,13.083823,5.164187
Russia,RUS,1956,8.8,24.806402,48.334538,12.984465,5.0745955
Russia,RUS,1957,6.800002,25.723202,49.393013,13.092658,4.9911237
Russia,RUS,1958,6.400001,26.8632,49.051548,12.857178,4.8280735
Russia,RUS,1959,5.5999994,27.848001,49.381584,12.517233,4.6531825
Russia,RUS,1960,5.1,28.9445,49.268757,12.198008,4.4887333
Russia,RUS,1961,6.5999985,29.421,48.11221,11.598625,4.268167
Russia,RUS,1962,8.099997,30.051304,46.819466,11.001399,4.027835
Russia,RUS,1963,8.3,31.7282,45.458622,10.623644,3.8895311
Russia,RUS,1964,8.4,33.5256,44.078472,10.217029,3.7789013
Russia,RUS,1965,7.999998,35.42,43.05738,9.830945,3.6916752
Russia,RUS,1966,7.8999996,37.208397,41.662727,9.64385,3.5850253
Russia,RUS,1967,8.099997,38.689903,40.226837,9.425851,3.5574145
Russia,RUS,1968,7.700002,40.0582,39.390316,9.330176,3.521306
Slovakia,SVK,1935,9.399998,9.6036005,32.88454,24.633272,23.478588
Slovakia,SVK,1936,10.100001,9.259699,33.627007,24.023794,22.989502
Slovakia,SVK,1937,9.100002,9.090002,34.44201,25.057667,22.310322
Slovakia,SVK,1938,9.299999,9.614201,34.29929,25.07757,21.708939
Slovakia,SVK,1939,8.8,9.940803,35.185234,25.11031,20.963654
Slovakia,SVK,1940,9.299999,9.795598,36.649696,24.959656,19.295052
Slovakia,SVK,1941,9.899998,9.911001,37.127506,25.018728,18.042767
Slovakia,SVK,1942,10.299998,9.597899,37.32758,25.579163,17.195358
Slovakia,SVK,1943,9.500003,9.593,38.349915,25.491692,17.06539
Slovakia,SVK,1944,9.899998,10.181298,38.201138,25.36428,16.353285
Slovakia,SVK,1945,11.699999,9.536399,38.27911,25.019417,15.4650755
Slovakia,SVK,1946,9.700001,9.6621,40.480225,25.178862,14.978812
Slovakia,SVK,1947,9.100002,9.908102,41.143883,25.423033,14.42498
Slovakia,SVK,1948,9.500003,10.0455,40.709976,25.714706,14.029816
Slovakia,SVK,1949,9.799999,10.102399,41.00997,25.485136,13.602495
Slovakia,SVK,1950,9.700001,10.926299,41.115578,25.097328,13.160795
Slovakia,SVK,1951,10.100001,10.608197,42.18324,24.380325,12.728237
Slovakia,SVK,1952,9.700001,10.655397,43.08773,24.090979,12.465893
Slovakia,SVK,1953,10.399998,10.841599,43.002087,23.920975,11.8353405
Slovakia,SVK,1954,10.2,10.955598,43.6798,23.560284,11.60432
Slovakia,SVK,1955,9.500003,11.493497,44.63867,22.992077,11.375751
Slovakia,SVK,1956,10.000002,11.160001,44.781116,23.09192,10.966959
Slovakia,SVK,1957,9.799999,11.635801,44.93872,22.798075,10.827404
Slovakia,SVK,1958,9.799999,12.176999,45.01927,22.211512,10.792219
Slovakia,SVK,1959,9.899998,12.884301,44.55346,21.818378,10.843864
Slovakia,SVK,1960,9.700001,13.3644,44.93039,21.31547,10.68974
Slovakia,SVK,1961,9.799999,13.078999,45.501392,21.02704,10.59257
Slovakia,SVK,1962,9.399998,14.405398,45.945343,20.357752,9.891507
Slovakia,SVK,1963,9.700001,14.899502,46.295906,19.558287,9.546307
Slovakia,SVK,1964,10.2,15.894599,45.82135,18.732063,9.35199
Slovenia,SVN,1968,10.6,25.3002,47.94665,13.084051,3.0690985
Slovenia,SVN,1969,10.699999,26.343502,46.77668,12.782058,3.397762
Spain,ESP,1960,9.500003,27.421497,46.993484,12.481974,3.603044
Spain,ESP,1961,10.399998,27.776001,46.98624,11.662479,3.1752806
Spain,ESP,1962,11.1,28.0035,46.951202,11.044677,2.9006221
Spain,ESP,1963,11.299997,28.8275,46.760426,10.437214,2.6748638
Spain,ESP,1964,11.699999,29.139,46.678032,9.99886,2.4841113
Spain,ESP,1965,13.099998,28.9377,46.137993,9.483096,2.3412132
Spain,ESP,1966,14.200002,28.9146,45.62209,9.033174,2.2301352
Spain,ESP,1967,14.700002,29.257898,45.169933,8.741222,2.1309447
Spain,ESP,1968,15.899998,29.2668,44.305225,8.464492,2.063483
Spain,ESP,1969,17.299997,29.110401,43.35399,8.208962,2.0266516
Spain,ESP,1970,18.099998,29.2383,42.603317,8.046708,2.011677
Spain,ESP,1971,19.400002,29.0966,41.717754,7.808945,1.9767005
Spain,ESP,1972,20.9,28.792402,40.69885,7.61974,1.9890115
Spain,ESP,1973,21.7,28.814398,39.984367,7.515477,1.9857583
Sweden,SWE,1955,12.800002,14.9112,41.060036,22.297335,8.931426
Sweden,SWE,1956,13,14.790002,40.58202,22.360981,9.266998
Sweden,SWE,1957,13,14.094,40.900265,22.724072,9.281663
Sweden,SWE,1958,13,14.180999,40.633003,22.948618,9.237382
Sweden,SWE,1959,13.400001,13.856002,40.736637,22.661211,9.3461485
Sweden,SWE,1960,13.400001,13.422997,40.979122,22.731705,9.466177
Sweden,SWE,1961,13.800001,13.447202,42.051117,21.58328,9.118399
Sweden,SWE,1962,13.700003,13.376497,42.003937,21.92197,8.997593
Sweden,SWE,1963,13.300001,13.351798,43.422134,21.127802,8.798264
Sweden,SWE,1964,13.400001,13.5962,43.583267,21.241623,8.178907
Sweden,SWE,1965,13.099998,13.556402,44.299534,20.85364,8.190427
Sweden,SWE,1966,12.900001,13.500498,45.410892,20.46493,7.723678
Sweden,SWE,1967,12.800002,13.952002,45.560253,20.128988,7.5587535
Sweden,SWE,1968,12.300003,14.295098,46.098274,19.74269,7.563935
Sweden,SWE,1969,12.300003,14.295098,46.538708,19.531723,7.3344707
Sweden,SWE,1970,12,14.256,46.60621,19.783451,7.3543415
Sweden,SWE,1971,12.199998,14.6626,46.7348,19.458717,6.943885
Sweden,SWE,1972,12.5,14.525001,46.4121,19.550293,7.012605
Sweden,SWE,1973,12.599998,14.683199,47.120487,18.915676,6.6806383
Sweden,SWE,1974,12.599998,14.683199,46.82962,19.156515,6.730667
Taiwan,TWN,1961,8.700001,12.6907,40.876835,29.733181,7.999282
Taiwan,TWN,1962,8.899999,13.209498,41.90509,28.680374,7.3050385
Taiwan,TWN,1963,10.100001,13.934497,42.23682,27.219048,6.509636
Taiwan,TWN,1964,11.4000025,14.441798,42.49265,25.90242,5.76313
Taiwan,TWN,1965,12.5,15.312501,42.590626,24.417421,5.179453
Taiwan,TWN,1966,13.499999,16.0025,42.721485,23.109644,4.6663704
Taiwan,TWN,1967,13.300001,16.993198,43.706165,21.788532,4.212103
Taiwan,TWN,1968,13.999998,18.404,43.869804,19.953732,3.7724652
Taiwan,TWN,1969,14.999998,19.550003,43.589703,18.471952,3.3883464
Taiwan,TWN,1970,15.499997,20.618002,43.75917,17.023914,3.0989158
Taiwan,TWN,1971,16.3,21.427198,43.777782,15.628293,2.8667283
Taiwan,TWN,1972,16.900003,22.104597,43.61171,14.706601,2.677088
Taiwan,TWN,1973,17.400002,22.9628,43.41588,13.707014,2.5143044
Ukraine,UKR,1944,8.999997,26.754004,46.192875,12.528869,5.524256
Ukraine,UKR,1945,8.099997,27.570002,47.08956,12.085549,5.1548915
Ukraine,UKR,1946,5.5999994,29.075203,48.471,12.050465,4.803332
Ukraine,UKR,1947,2.9999971,31.621998,49.295013,11.644085,4.438905
Ukraine,UKR,1948,1.700002,32.2424,50.203773,11.383045,4.470778
Ukraine,UKR,1949,1.4999986,30.731998,51.23261,11.855877,4.6795163
Ukraine,UKR,1950,2.3000002,30.1893,51.24062,11.698186,4.571892
Ukraine,UKR,1951,2.700001,28.606203,52.207287,11.870288,4.616223
Ukraine,UKR,1952,3.7999988,28.379002,51.6796,11.78322,4.3581777
Ukraine,UKR,1953,4.9000025,28.9104,50.436474,11.641559,4.1115656
Ukraine,UKR,1954,6.400001,26.8632,50.920177,11.641033,4.175588
Ukraine,UKR,1955,6.999999,26.411999,50.873234,11.56607,4.148699
Ukraine,UKR,1956,7.300001,26.048702,51.25485,11.331787,4.064663
Ukraine,UKR,1957,5.800003,26.9412,51.92379,11.24056,4.094446
Ukraine,UKR,1958,3.6000013,29.209196,52.00568,11.145879,4.0392423
Ukraine,UKR,1959,3.2000005,29.717598,52.324272,10.817708,3.9404202
Ukraine,UKR,1960,3.7,30.045597,52.07596,10.449512,3.7289305
Ukraine,UKR,1961,4.2999983,30.815403,51.258835,10.083066,3.5426989
Ukraine,UKR,1962,5.1,31.506802,50.397594,9.616748,3.3788574
Ukraine,UKR,1963,5.699998,33.005,48.852116,9.170405,3.2724788
United States,USA,1918,18.099998,15.8886,24.358208,17.452688,24.200504
United States,USA,1919,16.500002,15.698002,24.205313,18.179817,25.416866
United States,USA,1920,14.4,14.980001,24.50514,18.999323,27.115538
United States,USA,1921,13.499999,14.531999,24.756992,19.403727,27.807285
United States,USA,1922,13.300001,13.6119,24.99613,19.669615,28.422354
United States,USA,1923,12.300003,13.067299,25.001953,20.10045,29.530296
United States,USA,1924,11.000002,12.548997,24.846575,20.538563,31.065865
United States,USA,1925,10.9000025,12.117598,24.172474,20.754301,32.055626
United States,USA,1926,10.100001,12.675898,23.476128,20.692968,33.055004
United States,USA,1927,8.8,13.132799,22.717556,21.032866,34.31678
United States,USA,1928,9.600001,12.023201,22.023882,21.245049,35.10787
United States,USA,1929,9.600001,10.4864,21.976238,21.436825,36.500538
United States,USA,1930,8.8,9.576002,21.875233,22.107044,37.641724
United States,USA,1931,8.499998,9.424499,21.914162,22.319857,37.841484
United States,USA,1932,7.800001,9.4044,22.106426,22.57637,38.1128
United States,USA,1933,7.2000027,9.4656,22.250286,22.967625,38.116486
United States,USA,1934,6.300002,9.651098,22.525106,23.50209,38.0217
United States,USA,1935,6.099999,9.953401,23.001368,23.829584,37.11565
United States,USA,1936,6.699997,10.263001,23.582506,23.841253,35.61324
United States,USA,1937,6.5999985,10.741001,24.467064,24.266037,33.9259
United States,USA,1938,6.5999985,11.021197,25.702185,24.65433,32.02229
United States,USA,1939,6.999999,11.5320015,26.80297,24.653927,30.0111
United States,USA,1940,7.499999,12.117498,28.133879,24.66135,27.587275
United States,USA,1941,7.8999996,12.986097,29.984169,24.270088,24.859644
United States,USA,1942,8.499998,13.816503,31.850237,23.649963,22.1833
United States,USA,1943,9.299999,14.512002,33.14178,23.072773,19.973444
United States,USA,1944,10.6,15.2874,33.869457,22.093483,18.149656
United States,USA,1945,11.1,16.002,34.91814,21.42064,16.559217
United States,USA,1946,11.199999,17.138401,36.045784,20.906485,14.7093315
United States,USA,1947,11.799997,17.904602,36.623905,20.303913,13.367585
United States,USA,1948,12.800002,18.1376,36.534008,19.842318,12.686071
United States,USA,1949,14.200002,18.103802,36.082073,19.4743,12.139824
United States,USA,1950,15.100002,18.253498,35.722527,19.234713,11.689262
United States,USA,1951,15.600002,18.483599,35.52894,19.083324,11.304135
United States,USA,1952,16.000002,18.480001,35.44632,18.946417,11.127261
United States,USA,1953,16.500002,18.370003,35.10507,18.94573,11.079198
United States,USA,1954,16.500002,18.4535,34.86492,19.044573,11.137
United States,USA,1955,16.3,18.497702,34.818027,19.172476,11.211796
United States,USA,1956,16.100002,18.458002,34.880585,19.284252,11.277161
United States,USA,1957,16.2,18.352198,34.621887,19.45115,11.374762
United States,USA,1958,16.2,18.352198,34.490993,19.533747,11.423062
United States,USA,1959,15.499997,18.421,34.691475,19.742754,11.644772
United States,USA,1960,15.200001,18.4016,34.659966,19.899998,11.838435
United States,USA,1961,15.200001,18.4016,34.593567,20.00524,11.799593
United States,USA,1962,14.899999,18.5518,34.47197,20.111797,11.964435
United States,USA,1963,14.300001,18.6826,34.647995,20.19851,12.170896
United States,USA,1964,13.9,18.6837,34.651978,20.379408,12.384913
United States,USA,1965,13.999998,18.576002,34.251392,20.533844,12.638764
United States,USA,1966,13.800001,18.446798,34.147614,20.701042,12.904546
United States,USA,1967,13.200003,18.4884,34.292423,20.853754,13.165421
United States,USA,1968,13.099998,18.5097,34.331932,20.843721,13.214648
United States,USA,1969,12.800002,18.835201,34.31913,20.835949,13.20972
United States,USA,1970,11.900002,19.1177,34.56013,21.031944,13.3902235
United States,USA,1971,11.199999,19.269602,34.62614,21.186886,13.717374
United States,USA,1972,10.799998,19.177998,34.450825,21.378279,14.1929
United States,USA,1973,10.299998,19.285498,34.362274,21.595285,14.456943